Commodity,Variety,Grade,Commodity_Code
Absinthe,chirayta,FAQ,451
Ajwan,Ajwan,FAQ,137
Ajwan,Ajwan,Local,137
Ajwan,Ajwan,Medium,137
Ajwan,Celery-Organic,FAQ,137
Ajwan,Other,FAQ,137
Ajwan,Other,Local,137
Ajwan,Other,Medium,137
Alasande Gram,Alasande Gram,FAQ,281
Alasande Gram,Alasande Gram,Local,281
Alasande Gram,Alasande Gram,Medium,281
Alasande Gram,Alasande Gram,Ref grade-1,281
Alasande Gram,Alasande Gram,Ref grade-2,281
Alasande Gram,Alasande Gram,Small,281
Alasande Gram,Other,FAQ,281
Alasande Gram,Other,Medium,281
Almond (Badam),Almond (Badam),FAQ,325
Almond (Badam),Other,FAQ,325
Almond (Badam),Other,Local,325
Alsandikai,Alsandikai,FAQ,166
Alsandikai,Alsandikai,Local,166
Alsandikai,Alsandikai,Medium,166
Alsandikai,Alsandikai,Ref grade-1,166
Alsandikai,Alsandikai,Ref grade-2,166
Alsandikai,Other,FAQ,166
Alsandikai,Other,Large,166
Amaranthus,Amaranth Greens-Organic,FAQ,86
Amaranthus,Amaranthus,FAQ,86
Amaranthus,Amaranthus,Local,86
Amaranthus,Amaranthus,Medium,86
Amaranthus,Cholai Bhaji,FAQ,86
Amaranthus,Other,FAQ,86
Amaranthus,Other,Medium,86
Ambada Seed,Ambada Seed,FAQ,130
Ambada Seed,Other,FAQ,130
Ambady/Mesta,Ambadi/Mesta,FAQ,417
Ambady/Mesta,Ambady/Mesta-Organic,FAQ,417
Ambady/Mesta,Ambady/Mesta-Organic,Local,417
Amla (Nelli Kai),Amla,FAQ,355
Amla (Nelli Kai),Amla,Grade A,355
Amla (Nelli Kai),Amla,Grade B,355
Amla (Nelli Kai),Amla,Grade C,355
Amla (Nelli Kai),Amla,Grade Range-1,355
Amla (Nelli Kai),Amla,Local,355
Amla (Nelli Kai),Amla,Medium,355
Amla (Nelli Kai),Other,FAQ,355
Amla (Nelli Kai),Other,Grade A,355
Amla (Nelli Kai),Other,Grade B,355
Amla (Nelli Kai),Other,Large,355
Amla (Nelli Kai),Other,Local,355
Amla (Nelli Kai),Other,Medium,355
Amphophalus,Amphophalus,FAQ,102
Amphophalus,Other,FAQ,102
Amranthas Red,Chawli Lal,FAQ,419
Amranthas Red,Chawli Lal,Grade A,419
Amranthas Red,Chawli Lal,Local,419
Amranthas Red,Other,FAQ,419
Antawala,Antawala,FAQ,209
Antawala,Antawala,Local,209
Antawala,Other,FAQ,209
Anthorium,Anthorium,FAQ,379
Anthorium,Other,FAQ,379
Apple,American,FAQ,17
Apple,American,Grade A,17
Apple,American,Large,17
Apple,American,Local,17
Apple,American,Medium,17
Apple,American,Small,17
Apple,Apple,FAQ,17
Apple,Apple,Grade A,17
Apple,Apple,Grade B,17
Apple,Apple,Grade C,17
Apple,Apple,Large,17
Apple,Apple,Local,17
Apple,Apple,Medium,17
Apple,Apple,Ref grade-1,17
Apple,Apple,Ref grade-2,17
Apple,Apple,Small,17
Apple,Condition,FAQ,17
Apple,Condition,Large,17
Apple,Condition,Medium,17
Apple,Condition,Small,17
Apple,Delicious,FAQ,17
Apple,Delicious,Grade A,17
Apple,Delicious,Grade B,17
Apple,Delicious,Grade C,17
Apple,Delicious,Large,17
Apple,Delicious,Medium,17
Apple,Delicious,Small,17
Apple,French,FAQ,17
Apple,French,Small,17
Apple,Golden,Grade A,17
Apple,Golden,Grade B,17
Apple,Golden,Large,17
Apple,Golden,Medium,17
Apple,Golden,Small,17
Apple,Hajratbali,Large,17
Apple,Hajratbali,Medium,17
Apple,Hajratbali,Small,17
Apple,Kasmir/Shimla - II,FAQ,17
Apple,Kasmir/Shimla - II,Grade A,17
Apple,Kasmir/Shimla - II,Grade B,17
Apple,Kasmir/Shimla - II,Grade C,17
Apple,Kasmir/Shimla - II,Grade Range-1,17
Apple,Kasmir/Shimla - II,Large,17
Apple,Kasmir/Shimla - II,Local,17
Apple,Kasmir/Shimla - II,Medium,17
Apple,Kasmir/Shimla - II,Ref grade-1,17
Apple,Kasmir/Shimla - II,Small,17
Apple,Kesri,Large,17
Apple,Kesri,Medium,17
Apple,Kesri,Small,17
Apple,Kullu Delicious,Grade A,17
Apple,Kullu Royal Delicious,Large,17
Apple,Kullu Royal Delicious,Medium,17
Apple,Kullu Royal Delicious,Small,17
Apple,Maharaji,Grade A,17
Apple,Maharaji,Large,17
Apple,Maharaji,Medium,17
Apple,Maharaji,Small,17
Apple,Other,FAQ,17
Apple,Other,Grade A,17
Apple,Other,Grade B,17
Apple,Other,Grade C,17
Apple,Other,Grade Range-1,17
Apple,Other,Grade Range-3,17
Apple,Other,Large,17
Apple,Other,Local,17
Apple,Other,Medium,17
Apple,Other,Small,17
Apple,Red Gold,Large,17
Apple,Red Gold,Medium,17
Apple,Red Gold,Small,17
Apple,Red June,Large,17
Apple,Red June,Medium,17
Apple,Rich Red,Large,17
Apple,Rich Red,Medium,17
Apple,Rich Red,Small,17
Apple,Rizakwadi,FAQ,17
Apple,Rizakwadi,Large,17
Apple,Rizakwadi,Medium,17
Apple,Rizakwadi,Small,17
Apple,Royal Delicious,Grade A,17
Apple,Royal Delicious,Large,17
Apple,Royal Delicious,Medium,17
Apple,Royal Delicious,Small,17
Apple,Royal Mishri,Large,17
Apple,Royal Mishri,Medium,17
Apple,Royal Mishri,Small,17
Apple,Simla,FAQ,17
Apple,Simla,Large,17
Apple,Simla,Local,17
Apple,Simla,Medium,17
Apple,Simla,Small,17
Apricot (Jardalu/Khumani),Apricot (Jardalu/Khumani),Large,326
Apricot (Jardalu/Khumani),Apricot (Jardalu/Khumani),Medium,326
Apricot (Jardalu/Khumani),Apricot (Jardalu/Khumani),Small,326
Apricot (Jardalu/Khumani),Other,Large,326
Apricot (Jardalu/Khumani),Other,Medium,326
Apricot (Jardalu/Khumani),Other,Small,326
Arecanut (Betelnut/Supari),Bette,FAQ,140
Arecanut (Betelnut/Supari),Bette,Local,140
Arecanut (Betelnut/Supari),Bette,Medium,140
Arecanut (Betelnut/Supari),Bette,Ref grade-1,140
Arecanut (Betelnut/Supari),Bette,Ref grade-2,140
Arecanut (Betelnut/Supari),Bilegotu,FAQ,140
Arecanut (Betelnut/Supari),Bilegotu,Local,140
Arecanut (Betelnut/Supari),Bilegotu,Ref grade-1,140
Arecanut (Betelnut/Supari),Bilegotu,Ref grade-2,140
Arecanut (Betelnut/Supari),Chali,FAQ,140
Arecanut (Betelnut/Supari),Chali,Grade Range-1,140
Arecanut (Betelnut/Supari),Chali,Local,140
Arecanut (Betelnut/Supari),Chali,Medium,140
Arecanut (Betelnut/Supari),Chali,Ref grade-1,140
Arecanut (Betelnut/Supari),Chali,Ref grade-2,140
Arecanut (Betelnut/Supari),Chippu,FAQ,140
Arecanut (Betelnut/Supari),Chippu,Local,140
Arecanut (Betelnut/Supari),Chippu,Ref grade-1,140
Arecanut (Betelnut/Supari),Churu,FAQ,140
Arecanut (Betelnut/Supari),Churu,Local,140
Arecanut (Betelnut/Supari),Cqca,FAQ,140
Arecanut (Betelnut/Supari),Cqca,Local,140
Arecanut (Betelnut/Supari),Cqca,Ref grade-1,140
Arecanut (Betelnut/Supari),Cqca,Ref grade-2,140
Arecanut (Betelnut/Supari),EDI,FAQ,140
Arecanut (Betelnut/Supari),EDI,Local,140
Arecanut (Betelnut/Supari),EDI,Medium,140
Arecanut (Betelnut/Supari),EDI,Ref grade-1,140
Arecanut (Betelnut/Supari),Factory,FAQ,140
Arecanut (Betelnut/Supari),Factory,Local,140
Arecanut (Betelnut/Supari),Factory,Ref grade-1,140
Arecanut (Betelnut/Supari),Gorabalu,FAQ,140
Arecanut (Betelnut/Supari),Gorabalu,Local,140
Arecanut (Betelnut/Supari),Gorabalu,Medium,140
Arecanut (Betelnut/Supari),Gorabalu,Ref grade-1,140
Arecanut (Betelnut/Supari),Gorabalu,Ref grade-2,140
Arecanut (Betelnut/Supari),Kempugotu,FAQ,140
Arecanut (Betelnut/Supari),Kempugotu,Local,140
Arecanut (Betelnut/Supari),Kempugotu,Ref grade-1,140
Arecanut (Betelnut/Supari),Kempugotu,Ref grade-2,140
Arecanut (Betelnut/Supari),Kole,FAQ,140
Arecanut (Betelnut/Supari),Malbar,FAQ,140
Arecanut (Betelnut/Supari),Malbar,Local,140
Arecanut (Betelnut/Supari),New Variety,FAQ,140
Arecanut (Betelnut/Supari),New Variety,Local,140
Arecanut (Betelnut/Supari),New Variety,Ref grade-1,140
Arecanut (Betelnut/Supari),New Variety,Ref grade-2,140
Arecanut (Betelnut/Supari),Other,FAQ,140
Arecanut (Betelnut/Supari),Other,Grade Range-1,140
Arecanut (Betelnut/Supari),Other,Local,140
Arecanut (Betelnut/Supari),Other,Medium,140
Arecanut (Betelnut/Supari),Other,Ref grade-1,140
Arecanut (Betelnut/Supari),Other,Ref grade-2,140
Arecanut (Betelnut/Supari),Other,Small,140
Arecanut (Betelnut/Supari),Pudi,FAQ,140
Arecanut (Betelnut/Supari),Pudi,Local,140
Arecanut (Betelnut/Supari),Pylone,FAQ,140
Arecanut (Betelnut/Supari),Pylone,Local,140
Arecanut (Betelnut/Supari),Pylone,Ref grade-1,140
Arecanut (Betelnut/Supari),Rashi,FAQ,140
Arecanut (Betelnut/Supari),Rashi,Grade Range-1,140
Arecanut (Betelnut/Supari),Rashi,Local,140
Arecanut (Betelnut/Supari),Rashi,Medium,140
Arecanut (Betelnut/Supari),Rashi,Ref grade-1,140
Arecanut (Betelnut/Supari),Rashi,Ref grade-2,140
Arecanut (Betelnut/Supari),Raw,FAQ,140
Arecanut (Betelnut/Supari),Raw,Local,140
Arecanut (Betelnut/Supari),Raw,Ref grade-1,140
Arecanut (Betelnut/Supari),Red,FAQ,140
Arecanut (Betelnut/Supari),Red,Local,140
Arecanut (Betelnut/Supari),Red,Medium,140
Arecanut (Betelnut/Supari),Red,Ref grade-1,140
Arecanut (Betelnut/Supari),Ripe,FAQ,140
Arecanut (Betelnut/Supari),Ripe,Grade Range-1,140
Arecanut (Betelnut/Supari),Ripe,Local,140
Arecanut (Betelnut/Supari),Ripe,Ref grade-1,140
Arecanut (Betelnut/Supari),Saraku,FAQ,140
Arecanut (Betelnut/Supari),Saraku,Local,140
Arecanut (Betelnut/Supari),Saraku,Ref grade-1,140
Arecanut (Betelnut/Supari),Saraku,Ref grade-2,140
Arecanut (Betelnut/Supari),Sippegotu,FAQ,140
Arecanut (Betelnut/Supari),Sippegotu,Local,140
Arecanut (Betelnut/Supari),Sippegotu,Medium,140
Arecanut (Betelnut/Supari),Sippegotu,Ref grade-1,140
Arecanut (Betelnut/Supari),Supari,FAQ,140
Arecanut (Betelnut/Supari),Supari,Local,140
Arecanut (Betelnut/Supari),Tattibettee,FAQ,140
Arecanut (Betelnut/Supari),Tattibettee,Local,140
Arecanut (Betelnut/Supari),Tattibettee,Ref grade-1,140
Arecanut (Betelnut/Supari),Tattibettee,Ref grade-2,140
Arecanut (Betelnut/Supari),White,FAQ,140
Arecanut (Betelnut/Supari),White,Local,140
Arecanut (Betelnut/Supari),api,FAQ,140
Arecanut (Betelnut/Supari),api,Local,140
Arecanut (Betelnut/Supari),api,Medium,140
Arecanut (Betelnut/Supari),api,Ref grade-1,140
Arecanut (Betelnut/Supari),api,Ref grade-2,140
Arhar (Tur/Red Gram)(Whole),777 New Ind,FAQ,49
Arhar (Tur/Red Gram)(Whole),777 New Ind,Large,49
Arhar (Tur/Red Gram)(Whole),777 New Ind,Non-FAQ,49
Arhar (Tur/Red Gram)(Whole),777 New Vasad Imp,FAQ,49
Arhar (Tur/Red Gram)(Whole),Angoor New,FAQ,49
Arhar (Tur/Red Gram)(Whole),Angur Imp,FAQ,49
Arhar (Tur/Red Gram)(Whole),Angur Imp,Local,49
Arhar (Tur/Red Gram)(Whole),Angur Imp,Medium,49
Arhar (Tur/Red Gram)(Whole),Angur Imp,Ref grade-1,49
Arhar (Tur/Red Gram)(Whole),Arhar (Whole),FAQ,49
Arhar (Tur/Red Gram)(Whole),Arhar (Whole),Large,49
Arhar (Tur/Red Gram)(Whole),Arhar (Whole),Local,49
Arhar (Tur/Red Gram)(Whole),Arhar (Whole),Medium,49
Arhar (Tur/Red Gram)(Whole),Arhar (Whole),Non-FAQ,49
Arhar (Tur/Red Gram)(Whole),Arhar (Whole),Ref grade-1,49
Arhar (Tur/Red Gram)(Whole),Arhar (Whole),Ref grade-2,49
Arhar (Tur/Red Gram)(Whole),Arhar (Whole),Small,49
Arhar (Tur/Red Gram)(Whole),Arhar Dal (Tur),FAQ,49
Arhar (Tur/Red Gram)(Whole),Arhar Dal (Tur),Grade Range-1,49
Arhar (Tur/Red Gram)(Whole),Arhar Dal (Tur),Local,49
Arhar (Tur/Red Gram)(Whole),Arhar Dal (Tur),Medium,49
Arhar (Tur/Red Gram)(Whole),Arhar Dal (Tur),Non-FAQ,49
Arhar (Tur/Red Gram)(Whole),Arhar Dal (Tur),Ref grade-1,49
Arhar (Tur/Red Gram)(Whole),Arhar Dal (Tur),Ref grade-2,49
Arhar (Tur/Red Gram)(Whole),Desi (Whole),FAQ,49
Arhar (Tur/Red Gram)(Whole),Desi (Whole),Medium,49
Arhar (Tur/Red Gram)(Whole),Desi (Whole),Non-FAQ,49
Arhar (Tur/Red Gram)(Whole),F.A.Q. (Whole),FAQ,49
Arhar (Tur/Red Gram)(Whole),Gujarat Shivling Imp,FAQ,49
Arhar (Tur/Red Gram)(Whole),Hybrid,FAQ,49
Arhar (Tur/Red Gram)(Whole),Hybrid,Medium,49
Arhar (Tur/Red Gram)(Whole),Hybrid,Non-FAQ,49
Arhar (Tur/Red Gram)(Whole),Hybrid,Small,49
Arhar (Tur/Red Gram)(Whole),Local,FAQ,49
Arhar (Tur/Red Gram)(Whole),Local,Grade Range-2,49
Arhar (Tur/Red Gram)(Whole),Local,Large,49
Arhar (Tur/Red Gram)(Whole),Local,Local,49
Arhar (Tur/Red Gram)(Whole),Local,Medium,49
Arhar (Tur/Red Gram)(Whole),Local,Non-FAQ,49
Arhar (Tur/Red Gram)(Whole),Local,Small,49
Arhar (Tur/Red Gram)(Whole),Masuri (W-S),FAQ,49
Arhar (Tur/Red Gram)(Whole),Medium,FAQ,49
Arhar (Tur/Red Gram)(Whole),Medium,Non-FAQ,49
Arhar (Tur/Red Gram)(Whole),Ordinary (Split),FAQ,49
Arhar (Tur/Red Gram)(Whole),Ordinary (Split),Medium,49
Arhar (Tur/Red Gram)(Whole),Other,FAQ,49
Arhar (Tur/Red Gram)(Whole),Other,Local,49
Arhar (Tur/Red Gram)(Whole),Other,Medium,49
Arhar (Tur/Red Gram)(Whole),Other,Non-FAQ,49
Arhar (Tur/Red Gram)(Whole),Red,FAQ,49
Arhar (Tur/Red Gram)(Whole),Red,Grade Range-1,49
Arhar (Tur/Red Gram)(Whole),Red,Non-FAQ,49
Arhar (Tur/Red Gram)(Whole),Red,Ref grade-1,49
Arhar (Tur/Red Gram)(Whole),Red,Ref grade-2,49
Arhar (Tur/Red Gram)(Whole),Small (Whole),FAQ,49
Arhar (Tur/Red Gram)(Whole),Small (Whole),Medium,49
Arhar (Tur/Red Gram)(Whole),Small (Whole),Non-FAQ,49
Arhar (Tur/Red Gram)(Whole),Tur/Arhar-Organic,FAQ,49
Arhar (Tur/Red Gram)(Whole),Tur/Arhar-Organic,Non-FAQ,49
Arhar (Tur/Red Gram)(Whole),U.P. (Split),FAQ,49
Arhar Dal (Tur Dal),777 New Ind,FAQ,260
Arhar Dal (Tur Dal),Arhar Dal (Tur),FAQ,260
Arhar Dal (Tur Dal),Arhar Dal (Tur),Grade Range-3,260
Arhar Dal (Tur Dal),Arhar Dal (Tur),Local,260
Arhar Dal (Tur Dal),Arhar Dal (Tur),Medium,260
Arhar Dal (Tur Dal),Arhar Dal (Tur),Ref grade-1,260
Arhar Dal (Tur Dal),Arhar Dal (Tur),Ref grade-2,260
Arhar Dal (Tur Dal),Gulbarga Phatka New,FAQ,260
Arhar Dal (Tur Dal),Medium,FAQ,260
Arhar Dal (Tur Dal),Medium,Local,260
Arhar Dal (Tur Dal),Ordinary (Split),FAQ,260
Arhar Dal (Tur Dal),Other,FAQ,260
Arhar Dal (Tur Dal),Other,Local,260
Arhar Dal (Tur Dal),Other,Medium,260
Arhar Dal (Tur Dal),U.P. (Split),FAQ,260
Asalia,Asalia,FAQ,444
Asalia,Asalia-Organic,FAQ,444
Asalia,Asalia-Organic,Local,444
Ashgourd,Ashgourd,FAQ,83
Ashgourd,Ashgourd,Grade A,83
Ashgourd,Ashgourd,Grade B,83
Ashgourd,Ashgourd,Large,83
Ashgourd,Ashgourd,Local,83
Ashgourd,Ashgourd,Medium,83
Ashgourd,Ashgourd,Ref grade-1,83
Ashgourd,Ashgourd,Small,83
Ashgourd,Gouard,FAQ,83
Ashgourd,Gouard,Local,83
Ashgourd,Other,FAQ,83
Ashgourd,Other,Grade A,83
Ashgourd,Other,Grade C,83
Ashgourd,Other,Grade Range-1,83
Ashgourd,Other,Local,83
Ashgourd,Other,Medium,83
Ashgourd,Other,Small,83
Ashwagandha,Ashwagandha,FAQ,443
Ashwagandha,Ashwagandha-Organic,FAQ,443
Asparagus,Asparagus,FAQ,434
Astera,Astera,FAQ,232
Astera,Astera,Grade Range-1,232
Astera,Other,FAQ,232
Astera,Other,Local,232
Avare Dal,Avare (W-S),FAQ,269
Avare Dal,Avare (Whole),FAQ,269
Avare Dal,Avare (Whole),Local,269
Avare Dal,Avare (Whole),Medium,269
Avare Dal,Avare (Whole),Ref grade-1,269
Avare Dal,Other,FAQ,269
BOP,Other,FAQ,380
Bael,Other,Medium,418
Bajra (Pearl Millet/Cumbu),Bold,FAQ,28
Bajra (Pearl Millet/Cumbu),Bold,Grade Range-1,28
Bajra (Pearl Millet/Cumbu),Bold,Grade Range-2,28
Bajra (Pearl Millet/Cumbu),Bold,Large,28
Bajra (Pearl Millet/Cumbu),Bold,Local,28
Bajra (Pearl Millet/Cumbu),Bold,Medium,28
Bajra (Pearl Millet/Cumbu),Bold,Non-FAQ,28
Bajra (Pearl Millet/Cumbu),Deshi,FAQ,28
Bajra (Pearl Millet/Cumbu),Deshi,Local,28
Bajra (Pearl Millet/Cumbu),Deshi,Non-FAQ,28
Bajra (Pearl Millet/Cumbu),Hybrid,FAQ,28
Bajra (Pearl Millet/Cumbu),Hybrid,Local,28
Bajra (Pearl Millet/Cumbu),Hybrid,Medium,28
Bajra (Pearl Millet/Cumbu),Hybrid,Non-FAQ,28
Bajra (Pearl Millet/Cumbu),Hybrid,Ref grade-1,28
Bajra (Pearl Millet/Cumbu),Hybrid,Small,28
Bajra (Pearl Millet/Cumbu),Hybrid-2,FAQ,28
Bajra (Pearl Millet/Cumbu),Hybrid-2,Medium,28
Bajra (Pearl Millet/Cumbu),Jawari,FAQ,28
Bajra (Pearl Millet/Cumbu),Jawari,Medium,28
Bajra (Pearl Millet/Cumbu),Local,FAQ,28
Bajra (Pearl Millet/Cumbu),Local,Grade Range-2,28
Bajra (Pearl Millet/Cumbu),Local,Local,28
Bajra (Pearl Millet/Cumbu),Local,Medium,28
Bajra (Pearl Millet/Cumbu),Local,Non-FAQ,28
Bajra (Pearl Millet/Cumbu),Local,Ref grade-1,28
Bajra (Pearl Millet/Cumbu),Local,Ref grade-2,28
Bajra (Pearl Millet/Cumbu),MH-179,Non-FAQ,28
Bajra (Pearl Millet/Cumbu),Millet,FAQ,28
Bajra (Pearl Millet/Cumbu),Millet,Non-FAQ,28
Bajra (Pearl Millet/Cumbu),Millet-Organic,FAQ,28
Bajra (Pearl Millet/Cumbu),Other,FAQ,28
Bajra (Pearl Millet/Cumbu),Other,Grade Range-2,28
Bajra (Pearl Millet/Cumbu),Other,Large,28
Bajra (Pearl Millet/Cumbu),Other,Local,28
Bajra (Pearl Millet/Cumbu),Other,Medium,28
Bajra (Pearl Millet/Cumbu),Other,Non-FAQ,28
Bajra (Pearl Millet/Cumbu),Other,Ref grade-1,28
Bajra (Pearl Millet/Cumbu),PCB-138,FAQ,28
Bajra (Pearl Millet/Cumbu),PHB-47,FAQ,28
Bajra (Pearl Millet/Cumbu),Pattu Bajra (Sweet),FAQ,28
Bajra (Pearl Millet/Cumbu),Small,FAQ,28
Bajra (Pearl Millet/Cumbu),Small,Non-FAQ,28
Balekai,Other,FAQ,274
Bamboo,Bamboo,FAQ,204
Bamboo,Bamboo,Local,204
Bamboo,Bamboo,Small,204
Bamboo,Other,FAQ,204
Banana,Amruthapani,Grade A,19
Banana,Amruthapani,Grade B,19
Banana,Amruthapani,Grade C,19
Banana,Amruthapani,Large,19
Banana,Amruthapani,Local,19
Banana,Amruthapani,Medium,19
Banana,Amruthapani,Small,19
Banana,Banana - Ripe,FAQ,19
Banana,Banana - Ripe,Grade A,19
Banana,Banana - Ripe,Grade B,19
Banana,Banana - Ripe,Grade C,19
Banana,Banana - Ripe,Grade Range-1,19
Banana,Banana - Ripe,Large,19
Banana,Banana - Ripe,Local,19
Banana,Banana - Ripe,Medium,19
Banana,Banana - Ripe,Small,19
Banana,Banana-Organic,Grade A,19
Banana,Banana-Organic,Large,19
Banana,Banana-Organic,Local,19
Banana,Banana-Organic,Medium,19
Banana,Banana-Organic,Small,19
Banana,Besrai,FAQ,19
Banana,Besrai,Large,19
Banana,Besrai,Local,19
Banana,Besrai,Medium,19
Banana,Besrai,Small,19
Banana,Bhushavali (Pacha),Large,19
Banana,Bhushavali (Pacha),Local,19
Banana,Bhushavali (Pacha),Medium,19
Banana,Bhushavali (Pacha),Small,19
Banana,Chakkarakeli (Red),Large,19
Banana,Chakkarakeli (Red),Local,19
Banana,Chakkarakeli (Red),Medium,19
Banana,Chakkarakeli (White),Large,19
Banana,Chakkarakeli (White),Local,19
Banana,Chakkarakeli (White),Medium,19
Banana,Champa,FAQ,19
Banana,Champa,Large,19
Banana,Champa,Medium,19
Banana,Champa,Small,19
Banana,Desi (Bontha),Large,19
Banana,Desi (Bontha),Local,19
Banana,Desi (Bontha),Medium,19
Banana,Desi (Bontha),Small,19
Banana,Elakki Bale,FAQ,19
Banana,Elakki Bale,Local,19
Banana,Elakki Bale,Medium,19
Banana,Elakki Bale,Ref grade-1,19
Banana,Elakki Bale,Ref grade-2,19
Banana,Harichal,FAQ,19
Banana,Harichal,Large,19
Banana,Harichal,Medium,19
Banana,Harichal,Small,19
Banana,Karpura,Large,19
Banana,Karpura,Local,19
Banana,Karpura,Medium,19
Banana,Karpura,Small,19
Banana,Khandesh,FAQ,19
Banana,Khandesh,Large,19
Banana,Khandesh,Local,19
Banana,Khandesh,Medium,19
Banana,Khandesh,Small,19
Banana,Medium,FAQ,19
Banana,Medium,Grade A,19
Banana,Medium,Grade B,19
Banana,Medium,Grade C,19
Banana,Medium,Grade Range-2,19
Banana,Medium,Grade Range-3,19
Banana,Medium,Large,19
Banana,Medium,Local,19
Banana,Medium,Medium,19
Banana,Medium,Ref grade-1,19
Banana,Medium,Ref grade-2,19
Banana,Medium,Small,19
Banana,Nauti Bale,FAQ,19
Banana,Nauti Bale,Large,19
Banana,Nauti Bale,Local,19
Banana,Nauti Bale,Ref grade-1,19
Banana,Nauti Bale,Ref grade-2,19
Banana,Nendra Bale,FAQ,19
Banana,Nendra Bale,Grade A,19
Banana,Nendra Bale,Grade B,19
Banana,Nendra Bale,Grade Range-1,19
Banana,Nendra Bale,Large,19
Banana,Nendra Bale,Local,19
Banana,Nendra Bale,Medium,19
Banana,Nendra Bale,Ref grade-1,19
Banana,Nendra Bale,Ref grade-2,19
Banana,Nendra Bale,Small,19
Banana,Ordinary Big,Large,19
Banana,Ordinary Big,Medium,19
Banana,Ordinary Big,Small,19
Banana,Other,FAQ,19
Banana,Other,Grade A,19
Banana,Other,Grade B,19
Banana,Other,Grade C,19
Banana,Other,Grade Range-1,19
Banana,Other,Large,19
Banana,Other,Local,19
Banana,Other,Medium,19
Banana,Other,Ref grade-1,19
Banana,Other,Small,19
Banana,Pachha Bale,FAQ,19
Banana,Pachha Bale,Grade Range-1,19
Banana,Pachha Bale,Large,19
Banana,Pachha Bale,Local,19
Banana,Pachha Bale,Medium,19
Banana,Pachha Bale,Ref grade-1,19
Banana,Pachha Bale,Ref grade-2,19
Banana,Palayamthodan,Grade A,19
Banana,Palayamthodan,Grade B,19
Banana,Palayamthodan,Grade Range-1,19
Banana,Palayamthodan,Large,19
Banana,Palayamthodan,Local,19
Banana,Palayamthodan,Medium,19
Banana,Palayamthodan,Small,19
Banana,Poovan,Grade A,19
Banana,Poovan,Grade B,19
Banana,Poovan,Grade Range-1,19
Banana,Poovan,Large,19
Banana,Poovan,Local,19
Banana,Poovan,Medium,19
Banana,Poovan,Small,19
Banana,Rasa Bale,FAQ,19
Banana,Rasa Bale,Large,19
Banana,Rasa Bale,Medium,19
Banana,Rasa Bale,Small,19
Banana,Rasakathai,Grade A,19
Banana,Rasakathai,Grade Range-1,19
Banana,Rasakathai,Large,19
Banana,Rasakathai,Local,19
Banana,Rasakathai,Medium,19
Banana,Rasakathai,Small,19
Banana,Red Banana,Grade A,19
Banana,Red Banana,Grade B,19
Banana,Red Banana,Large,19
Banana,Red Banana,Local,19
Banana,Red Banana,Medium,19
Banana,Red Banana,Small,19
Banana,Robusta,Grade A,19
Banana,Robusta,Grade B,19
Banana,Robusta,Large,19
Banana,Robusta,Local,19
Banana,Robusta,Medium,19
Banana,Robusta,Small,19
Banana - Green,Banana - Green,FAQ,90
Banana - Green,Banana - Green,Grade A,90
Banana - Green,Banana - Green,Grade B,90
Banana - Green,Banana - Green,Grade C,90
Banana - Green,Banana - Green,Grade Range-1,90
Banana - Green,Banana - Green,Grade Range-3,90
Banana - Green,Banana - Green,Large,90
Banana - Green,Banana - Green,Local,90
Banana - Green,Banana - Green,Medium,90
Banana - Green,Banana - Green,Ref grade-1,90
Banana - Green,Banana - Green,Ref grade-2,90
Banana - Green,Banana - Green,Small,90
Banana - Green,Other,FAQ,90
Banana - Green,Other,Grade A,90
Banana - Green,Other,Grade B,90
Banana - Green,Other,Grade C,90
Banana - Green,Other,Grade Range-1,90
Banana - Green,Other,Large,90
Banana - Green,Other,Local,90
Banana - Green,Other,Medium,90
Barley (Jau),Barley,FAQ,29
Barley (Jau),Barley,Non-FAQ,29
Barley (Jau),Barley-Organic,FAQ,29
Barley (Jau),Barley-Organic,Non-FAQ,29
Barley (Jau),Dara,FAQ,29
Barley (Jau),Dara,Grade Range-1,29
Barley (Jau),Dara,Grade Range-2,29
Barley (Jau),Dara,Grade Range-3,29
Barley (Jau),Dara,Local,29
Barley (Jau),Dara,Non-FAQ,29
Barley (Jau),Deshi,FAQ,29
Barley (Jau),Deshi,Non-FAQ,29
Barley (Jau),Hybrid,Non-FAQ,29
Barley (Jau),Local,FAQ,29
Barley (Jau),Local,Non-FAQ,29
Barley (Jau),Other,FAQ,29
Barley (Jau),Other,Large,29
Barley (Jau),Other,Local,29
Barley (Jau),Other,Non-FAQ,29
Barley (Jau),P1-426,FAQ,29
Bay leaf (Tejpatta),Other,FAQ,321
Beans,Beans (Whole),FAQ,94
Beans,Beans (Whole),Grade Range-1,94
Beans,Beans (Whole),Local,94
Beans,Beans (Whole),Medium,94
Beans,Beans (Whole),Ref grade-1,94
Beans,Beans (Whole),Ref grade-2,94
Beans,Hybrid,FAQ,94
Beans,Local,FAQ,94
Beans,Local,Local,94
Beans,Local,Medium,94
Beans,Local,Small,94
Beans,Other,FAQ,94
Beans,Other,Local,94
Beans,Sem /Semi,FAQ,94
Beaten Rice,Beaten Rice,FAQ,262
Beaten Rice,Beaten Rice,Small,262
Beaten Rice,Other,FAQ,262
Beetroot,Beetroot,FAQ,157
Beetroot,Beetroot,Grade A,157
Beetroot,Beetroot,Grade B,157
Beetroot,Beetroot,Grade Range-1,157
Beetroot,Beetroot,Large,157
Beetroot,Beetroot,Local,157
Beetroot,Beetroot,Medium,157
Beetroot,Beetroot,Ref grade-1,157
Beetroot,Beetroot,Ref grade-2,157
Beetroot,Beetroot,Small,157
Beetroot,Other,FAQ,157
Beetroot,Other,Grade A,157
Beetroot,Other,Grade B,157
Beetroot,Other,Grade C,157
Beetroot,Other,Grade Range-1,157
Beetroot,Other,Local,157
Beetroot,Other,Medium,157
Bengal Gram (Gram)(Whole),999,FAQ,6
Bengal Gram (Gram)(Whole),999,Local,6
Bengal Gram (Gram)(Whole),999,Non-FAQ,6
Bengal Gram (Gram)(Whole),Average (Whole),FAQ,6
Bengal Gram (Gram)(Whole),Average (Whole),Grade Range-1,6
Bengal Gram (Gram)(Whole),Average (Whole),Large,6
Bengal Gram (Gram)(Whole),Average (Whole),Local,6
Bengal Gram (Gram)(Whole),Average (Whole),Medium,6
Bengal Gram (Gram)(Whole),Average (Whole),Non-FAQ,6
Bengal Gram (Gram)(Whole),Average (Whole),Ref grade-1,6
Bengal Gram (Gram)(Whole),Average (Whole),Ref grade-2,6
Bengal Gram (Gram)(Whole),Average (Whole),Small,6
Bengal Gram (Gram)(Whole),Bengal Gram (Split),FAQ,6
Bengal Gram (Gram)(Whole),Bengal Gram (Split),Local,6
Bengal Gram (Gram)(Whole),Bengal Gram (Split),Medium,6
Bengal Gram (Gram)(Whole),Bengal Gram (Split),Non-FAQ,6
Bengal Gram (Gram)(Whole),Bengal Gram (Split),Small,6
Bengal Gram (Gram)(Whole),Bengal Gram Dal,FAQ,6
Bengal Gram (Gram)(Whole),Bold,FAQ,6
Bengal Gram (Gram)(Whole),Bold,Non-FAQ,6
Bengal Gram (Gram)(Whole),Chana Gulabi,FAQ,6
Bengal Gram (Gram)(Whole),Chana Kaala,FAQ,6
Bengal Gram (Gram)(Whole),Chana Kaala,Non-FAQ,6
Bengal Gram (Gram)(Whole),Chana Kabuli,FAQ,6
Bengal Gram (Gram)(Whole),Chana Kabuli,Non-FAQ,6
Bengal Gram (Gram)(Whole),Chana Kanta,FAQ,6
Bengal Gram (Gram)(Whole),Chana Kanta,Non-FAQ,6
Bengal Gram (Gram)(Whole),Chana mausami,FAQ,6
Bengal Gram (Gram)(Whole),Chana mausami,Non-FAQ,6
Bengal Gram (Gram)(Whole),Chapa,FAQ,6
Bengal Gram (Gram)(Whole),Desi (F.A.Q. Split),FAQ,6
Bengal Gram (Gram)(Whole),Desi (F.A.Q. Split),Local,6
Bengal Gram (Gram)(Whole),Desi (F.A.Q. Split),Medium,6
Bengal Gram (Gram)(Whole),Desi (F.A.Q. Split),Non-FAQ,6
Bengal Gram (Gram)(Whole),Desi (Whole),FAQ,6
Bengal Gram (Gram)(Whole),Desi (Whole),Grade Range-1,6
Bengal Gram (Gram)(Whole),Desi (Whole),Grade Range-3,6
Bengal Gram (Gram)(Whole),Desi (Whole),Local,6
Bengal Gram (Gram)(Whole),Desi (Whole),Medium,6
Bengal Gram (Gram)(Whole),Desi (Whole),Non-FAQ,6
Bengal Gram (Gram)(Whole),Desi (Whole),Small,6
Bengal Gram (Gram)(Whole),Good (whole),FAQ,6
Bengal Gram (Gram)(Whole),Gram,FAQ,6
Bengal Gram (Gram)(Whole),Gram,Non-FAQ,6
Bengal Gram (Gram)(Whole),Gulabi,FAQ,6
Bengal Gram (Gram)(Whole),Gulabi,Local,6
Bengal Gram (Gram)(Whole),Gulabi,Medium,6
Bengal Gram (Gram)(Whole),Gulabi,Non-FAQ,6
Bengal Gram (Gram)(Whole),Jawari/Local,FAQ,6
Bengal Gram (Gram)(Whole),Jawari/Local,Local,6
Bengal Gram (Gram)(Whole),Jawari/Local,Medium,6
Bengal Gram (Gram)(Whole),Jawari/Local,Non-FAQ,6
Bengal Gram (Gram)(Whole),Jawari/Local,Ref grade-1,6
Bengal Gram (Gram)(Whole),Jawari/Local,Ref grade-2,6
Bengal Gram (Gram)(Whole),Jawari/Local,Small,6
Bengal Gram (Gram)(Whole),Kabal (Split),FAQ,6
Bengal Gram (Gram)(Whole),Kabal (Split),Medium,6
Bengal Gram (Gram)(Whole),Kabul,FAQ,6
Bengal Gram (Gram)(Whole),Kabul,Large,6
Bengal Gram (Gram)(Whole),Kabul Extra Bold,FAQ,6
Bengal Gram (Gram)(Whole),Kabul Small,FAQ,6
Bengal Gram (Gram)(Whole),Kabul Small,Non-FAQ,6
Bengal Gram (Gram)(Whole),Kanta,FAQ,6
Bengal Gram (Gram)(Whole),Kanta,Local,6
Bengal Gram (Gram)(Whole),Kanta,Non-FAQ,6
Bengal Gram (Gram)(Whole),L-550,Medium,6
Bengal Gram (Gram)(Whole),Medium,FAQ,6
Bengal Gram (Gram)(Whole),Medium,Local,6
Bengal Gram (Gram)(Whole),Ordinary (Split),FAQ,6
Bengal Gram (Gram)(Whole),Ordinary (Split),Medium,6
Bengal Gram (Gram)(Whole),Ordinary (Split),Small,6
Bengal Gram (Gram)(Whole),Organic,FAQ,6
Bengal Gram (Gram)(Whole),Organic,Non-FAQ,6
Bengal Gram (Gram)(Whole),Other,FAQ,6
Bengal Gram (Gram)(Whole),Other,Grade Range-1,6
Bengal Gram (Gram)(Whole),Other,Grade Range-2,6
Bengal Gram (Gram)(Whole),Other,Grade Range-3,6
Bengal Gram (Gram)(Whole),Other,Local,6
Bengal Gram (Gram)(Whole),Other,Medium,6
Bengal Gram (Gram)(Whole),Other,Non-FAQ,6
Bengal Gram (Gram)(Whole),Other,Ref grade-1,6
Bengal Gram (Gram)(Whole),PBC-1,FAQ,6
Bengal Gram (Gram)(Whole),Small (Split),FAQ,6
Bengal Gram (Gram)(Whole),Superior (Whole),FAQ,6
Bengal Gram (Gram)(Whole),White (Whole),FAQ,6
Bengal Gram (Gram)(Whole),White (Whole),Non-FAQ,6
Bengal Gram (Gram)(Whole),White (whole),FAQ,6
Bengal Gram Dal (Chana Dal),100Kg,FAQ,263
Bengal Gram Dal (Chana Dal),Bengal Gram (Split),FAQ,263
Bengal Gram Dal (Chana Dal),Bengal Gram Dal,FAQ,263
Bengal Gram Dal (Chana Dal),Bengal Gram Dal,Local,263
Bengal Gram Dal (Chana Dal),Bengal Gram Dal,Medium,263
Bengal Gram Dal (Chana Dal),Bengal Gram Dal,Ref grade-1,263
Bengal Gram Dal (Chana Dal),Bengal Gram Dal,Ref grade-2,263
Bengal Gram Dal (Chana Dal),Desi (F.A.Q. Split),FAQ,263
Bengal Gram Dal (Chana Dal),Kabal (Split),FAQ,263
Bengal Gram Dal (Chana Dal),Medium,FAQ,263
Bengal Gram Dal (Chana Dal),Medium,Medium,263
Bengal Gram Dal (Chana Dal),Ordinary (Split),FAQ,263
Bengal Gram Dal (Chana Dal),Other,FAQ,263
Bengal Gram Dal (Chana Dal),Other,Local,263
Bengal Gram Dal (Chana Dal),Other,Medium,263
Bengal Gram Dal (Chana Dal),Small (Split),FAQ,263
Ber (Zizyphus/Borehannu),Ber (Zizyphus),Grade A,357
Ber (Zizyphus/Borehannu),Ber (Zizyphus),Grade B,357
Ber (Zizyphus/Borehannu),Ber (Zizyphus),Grade Range-1,357
Ber (Zizyphus/Borehannu),Ber (Zizyphus),Large,357
Ber (Zizyphus/Borehannu),Ber (Zizyphus),Local,357
Ber (Zizyphus/Borehannu),Ber (Zizyphus),Medium,357
Ber (Zizyphus/Borehannu),Ber (Zizyphus),Small,357
Ber (Zizyphus/Borehannu),Other,Grade A,357
Ber (Zizyphus/Borehannu),Other,Grade B,357
Ber (Zizyphus/Borehannu),Other,Large,357
Ber (Zizyphus/Borehannu),Other,Medium,357
Ber (Zizyphus/Borehannu),Other,Small,357
Betal Leaves,Ambadi,FAQ,143
Betal Leaves,Local,FAQ,143
Betal Leaves,Local,Local,143
Betal Leaves,Local,Medium,143
Betal Leaves,Local,Ref grade-1,143
Betal Leaves,Mysore,Local,143
Betal Leaves,Other,FAQ,143
Betelnuts,Other,FAQ,41
Bhindi (Ladies Finger),Bhindi,FAQ,85
Bhindi (Ladies Finger),Bhindi,Grade A,85
Bhindi (Ladies Finger),Bhindi,Grade B,85
Bhindi (Ladies Finger),Bhindi,Grade C,85
Bhindi (Ladies Finger),Bhindi,Large,85
Bhindi (Ladies Finger),Bhindi,Local,85
Bhindi (Ladies Finger),Bhindi,Medium,85
Bhindi (Ladies Finger),Bhindi,Ref grade-1,85
Bhindi (Ladies Finger),Bhindi,Ref grade-2,85
Bhindi (Ladies Finger),Bhindi,Small,85
Bhindi (Ladies Finger),Other,FAQ,85
Bhindi (Ladies Finger),Other,Grade A,85
Bhindi (Ladies Finger),Other,Grade B,85
Bhindi (Ladies Finger),Other,Grade C,85
Bhindi (Ladies Finger),Other,Grade Range-1,85
Bhindi (Ladies Finger),Other,Large,85
Bhindi (Ladies Finger),Other,Local,85
Bhindi (Ladies Finger),Other,Medium,85
Bhindi (Ladies Finger),Other,Small,85
Bhui Amlaya,Bhuai Amlai,FAQ,448
Big Gram,Other,FAQ,113
Binoula,Binoula,FAQ,51
Bitter gourd,Bitter Gourd,FAQ,81
Bitter gourd,Bitter Gourd,Grade A,81
Bitter gourd,Bitter Gourd,Grade B,81
Bitter gourd,Bitter Gourd,Grade C,81
Bitter gourd,Bitter Gourd,Grade Range-1,81
Bitter gourd,Bitter Gourd,Grade Range-2,81
Bitter gourd,Bitter Gourd,Large,81
Bitter gourd,Bitter Gourd,Local,81
Bitter gourd,Bitter Gourd,Medium,81
Bitter gourd,Bitter Gourd,Ref grade-1,81
Bitter gourd,Bitter Gourd,Ref grade-2,81
Bitter gourd,Bitter Gourd,Small,81
Bitter gourd,Bitter Gourd-Organic,FAQ,81
Bitter gourd,Kareli,FAQ,81
Bitter gourd,Kareli,Local,81
Bitter gourd,Other,FAQ,81
Bitter gourd,Other,Grade A,81
Bitter gourd,Other,Grade B,81
Bitter gourd,Other,Grade Range-1,81
Bitter gourd,Other,Grade Range-3,81
Bitter gourd,Other,Large,81
Bitter gourd,Other,Local,81
Bitter gourd,Other,Medium,81
Bitter gourd,Other,Small,81
Black Gram (Urd Beans)(Whole),Black Gram (Whole),FAQ,8
Black Gram (Urd Beans)(Whole),Black Gram (Whole),Local,8
Black Gram (Urd Beans)(Whole),Black Gram (Whole),Medium,8
Black Gram (Urd Beans)(Whole),Black Gram (Whole),Non-FAQ,8
Black Gram (Urd Beans)(Whole),Black Gram (Whole),Ref grade-1,8
Black Gram (Urd Beans)(Whole),Black Gram (Whole),Ref grade-2,8
Black Gram (Urd Beans)(Whole),Black Gram (Whole),Small,8
Black Gram (Urd Beans)(Whole),Black Gram Dal,FAQ,8
Black Gram (Urd Beans)(Whole),Black Gram Dal,Non-FAQ,8
Black Gram (Urd Beans)(Whole),D. Horse Indoor,FAQ,8
Black Gram (Urd Beans)(Whole),Desi,FAQ,8
Black Gram (Urd Beans)(Whole),Desi,Grade Range-2,8
Black Gram (Urd Beans)(Whole),Desi,Grade Range-3,8
Black Gram (Urd Beans)(Whole),Desi,Local,8
Black Gram (Urd Beans)(Whole),Desi,Medium,8
Black Gram (Urd Beans)(Whole),Desi,Non-FAQ,8
Black Gram (Urd Beans)(Whole),FQ (Burma),FAQ,8
Black Gram (Urd Beans)(Whole),Fine,FAQ,8
Black Gram (Urd Beans)(Whole),Hanuman A1,FAQ,8
Black Gram (Urd Beans)(Whole),Hanuman Guntur,FAQ,8
Black Gram (Urd Beans)(Whole),Hanuman Guntur,Non-FAQ,8
Black Gram (Urd Beans)(Whole),Hybrid,FAQ,8
Black Gram (Urd Beans)(Whole),Hybrid,Local,8
Black Gram (Urd Beans)(Whole),Hybrid,Medium,8
Black Gram (Urd Beans)(Whole),Hybrid,Non-FAQ,8
Black Gram (Urd Beans)(Whole),Imported,FAQ,8
Black Gram (Urd Beans)(Whole),Jalgaon,FAQ,8
Black Gram (Urd Beans)(Whole),Khamgaon (Akola),Medium,8
Black Gram (Urd Beans)(Whole),Local,FAQ,8
Black Gram (Urd Beans)(Whole),Local,Grade Range-1,8
Black Gram (Urd Beans)(Whole),Local,Local,8
Black Gram (Urd Beans)(Whole),Local,Medium,8
Black Gram (Urd Beans)(Whole),Local,Non-FAQ,8
Black Gram (Urd Beans)(Whole),Medium,FAQ,8
Black Gram (Urd Beans)(Whole),Medium,Local,8
Black Gram (Urd Beans)(Whole),Mogan Medium,FAQ,8
Black Gram (Urd Beans)(Whole),Mogan Medium,Non-FAQ,8
Black Gram (Urd Beans)(Whole),Organic,FAQ,8
Black Gram (Urd Beans)(Whole),Organic,Non-FAQ,8
Black Gram (Urd Beans)(Whole),Other,FAQ,8
Black Gram (Urd Beans)(Whole),Other,Grade Range-3,8
Black Gram (Urd Beans)(Whole),Other,Local,8
Black Gram (Urd Beans)(Whole),Other,Medium,8
Black Gram (Urd Beans)(Whole),Other,Non-FAQ,8
Black Gram (Urd Beans)(Whole),Rajkot T-9,FAQ,8
Black Gram (Urd Beans)(Whole),Rajkot T-9,Non-FAQ,8
Black Gram (Urd Beans)(Whole),Urda/Urd,FAQ,8
Black Gram (Urd Beans)(Whole),Urda/Urd,Non-FAQ,8
Black Gram (Urd Beans)(Whole),Urid Gola G. Deer,FAQ,8
Black Gram Dal (Urd Dal),Black Gram Dal,FAQ,264
Black Gram Dal (Urd Dal),Black Gram Dal,Grade Range-1,264
Black Gram Dal (Urd Dal),Black Gram Dal,Grade Range-3,264
Black Gram Dal (Urd Dal),Black Gram Dal,Local,264
Black Gram Dal (Urd Dal),Black Gram Dal,Medium,264
Black Gram Dal (Urd Dal),Black Gram Dal,Ref grade-1,264
Black Gram Dal (Urd Dal),Black Gram Dal,Ref grade-2,264
Black Gram Dal (Urd Dal),Other,FAQ,264
Black Gram Dal (Urd Dal),Other,Local,264
Black pepper,Garbled,FAQ,38
Black pepper,Garbled,Grade Range-1,38
Black pepper,Malabar,FAQ,38
Black pepper,Malabar,Grade Range-1,38
Black pepper,Malabar,Local,38
Black pepper,Malabar,Medium,38
Black pepper,Malabar,Ref grade-1,38
Black pepper,Office,FAQ,38
Black pepper,Other,FAQ,38
Black pepper,Other,Grade Range-1,38
Black pepper,Other,Local,38
Black pepper,Other,Medium,38
Black pepper,Other,Ref grade-1,38
Black pepper,Other,Ref grade-2,38
Black pepper,Ungrabled,FAQ,38
Black pepper,Ungrabled,Grade Range-1,38
Black pepper,Ungrabled,Local,38
Borehannu,Borehannu,FAQ,189
Borehannu,Borehannu,Large,189
Borehannu,Borehannu,Medium,189
Bottle gourd,Bottle Gourd,FAQ,82
Bottle gourd,Bottle Gourd,Grade A,82
Bottle gourd,Bottle Gourd,Grade B,82
Bottle gourd,Bottle Gourd,Grade C,82
Bottle gourd,Bottle Gourd,Grade Range-1,82
Bottle gourd,Bottle Gourd,Grade Range-2,82
Bottle gourd,Bottle Gourd,Grade Range-3,82
Bottle gourd,Bottle Gourd,Large,82
Bottle gourd,Bottle Gourd,Local,82
Bottle gourd,Bottle Gourd,Medium,82
Bottle gourd,Bottle Gourd,Ref grade-1,82
Bottle gourd,Bottle Gourd,Ref grade-2,82
Bottle gourd,Bottle Gourd,Small,82
Bottle gourd,Bottle gourd-Organic,FAQ,82
Bottle gourd,Other,FAQ,82
Bottle gourd,Other,Grade A,82
Bottle gourd,Other,Grade B,82
Bottle gourd,Other,Large,82
Bottle gourd,Other,Local,82
Bottle gourd,Other,Medium,82
Bottle gourd,Other,Small,82
Brahmi,Brahmi,FAQ,449
Bran,Bran,FAQ,290
Bran,Bran,Medium,290
Bran,Other,FAQ,290
Brinjal,Arkasheela Mattigulla,FAQ,35
Brinjal,Arkasheela Mattigulla,Grade A,35
Brinjal,Arkasheela Mattigulla,Medium,35
Brinjal,Brinjal,FAQ,35
Brinjal,Brinjal,Grade A,35
Brinjal,Brinjal,Grade B,35
Brinjal,Brinjal,Grade C,35
Brinjal,Brinjal,Grade Range-1,35
Brinjal,Brinjal,Grade Range-3,35
Brinjal,Brinjal,Large,35
Brinjal,Brinjal,Local,35
Brinjal,Brinjal,Medium,35
Brinjal,Brinjal,Ref grade-1,35
Brinjal,Brinjal,Ref grade-2,35
Brinjal,Brinjal,Small,35
Brinjal,Eggplant-Organic,FAQ,35
Brinjal,Irangeri,FAQ,35
Brinjal,Kengeri,FAQ,35
Brinjal,Mattigulla,FAQ,35
Brinjal,Other,FAQ,35
Brinjal,Other,Grade A,35
Brinjal,Other,Grade B,35
Brinjal,Other,Grade C,35
Brinjal,Other,Grade Range-1,35
Brinjal,Other,Grade Range-2,35
Brinjal,Other,Grade Range-3,35
Brinjal,Other,Large,35
Brinjal,Other,Local,35
Brinjal,Other,Medium,35
Brinjal,Other,Ref grade-1,35
Brinjal,Other,Ref grade-2,35
Brinjal,Other,Small,35
Brinjal,Round,FAQ,35
Brinjal,Round,Grade A,35
Brinjal,Round,Grade B,35
Brinjal,Round,Grade Range-2,35
Brinjal,Round,Local,35
Brinjal,Round,Medium,35
Brinjal,Round,Ref grade-1,35
Brinjal,Round/Long,FAQ,35
Brinjal,Round/Long,Grade A,35
Brinjal,Round/Long,Grade B,35
Brinjal,Round/Long,Grade C,35
Brinjal,Round/Long,Grade Range-1,35
Brinjal,Round/Long,Local,35
Brinjal,Round/Long,Medium,35
Brinjal,Round/Long,Ref grade-1,35
Brinjal,Round/Long,Ref grade-2,35
Brinjal,West Coast Round,FAQ,35
Broken Rice,1st Raw,FAQ,293
Broken Rice,Broken Rice,FAQ,293
Broken Rice,Other,FAQ,293
Broomstick (Flower Broom),Broomstick (Flower Broom),FAQ,320
Broomstick (Flower Broom),Other,FAQ,320
Bull,Bull,FAQ,214
Bull,Bull,Local,214
Bull,Bull,Medium,214
Bull,Bull,Ref grade-1,214
Bull,Other,Medium,214
Bullar,Bullar-W,FAQ,284
Bullar,Other,FAQ,284
Bunch Beans,Bunch Beans,FAQ,224
Bunch Beans,Bunch Beans,Local,224
Bunch Beans,Bunch Beans,Medium,224
Bunch Beans,Bunch Beans,Ref grade-1,224
Bunch Beans,Bunch Beans,Ref grade-2,224
Butter,Other,FAQ,272
Butter,Other,Medium,272
Cabbage,Cabbage,FAQ,154
Cabbage,Cabbage,Grade A,154
Cabbage,Cabbage,Grade B,154
Cabbage,Cabbage,Grade C,154
Cabbage,Cabbage,Grade Range-1,154
Cabbage,Cabbage,Large,154
Cabbage,Cabbage,Local,154
Cabbage,Cabbage,Medium,154
Cabbage,Cabbage,Ref grade-1,154
Cabbage,Cabbage,Ref grade-2,154
Cabbage,Cabbage,Small,154
Cabbage,Organic,FAQ,154
Cabbage,Other,FAQ,154
Cabbage,Other,Grade A,154
Cabbage,Other,Grade B,154
Cabbage,Other,Grade C,154
Cabbage,Other,Grade Range-1,154
Cabbage,Other,Grade Range-2,154
Cabbage,Other,Grade Range-3,154
Cabbage,Other,Large,154
Cabbage,Other,Local,154
Cabbage,Other,Medium,154
Cabbage,Other,Small,154
Calendula,Calendula,FAQ,480
Calf,Calf,FAQ,215
Calf,Calf,Local,215
Calf,Other,FAQ,215
Calf,Other,Local,215
Calf,Other,Medium,215
Calf,Other,Small,215
Cane,Other,FAQ,205
Capsicum,Capsicum,FAQ,164
Capsicum,Capsicum,Grade A,164
Capsicum,Capsicum,Grade B,164
Capsicum,Capsicum,Grade C,164
Capsicum,Capsicum,Grade Range-1,164
Capsicum,Capsicum,Large,164
Capsicum,Capsicum,Local,164
Capsicum,Capsicum,Medium,164
Capsicum,Capsicum,Ref grade-1,164
Capsicum,Capsicum,Ref grade-2,164
Capsicum,Capsicum,Small,164
Capsicum,Other,FAQ,164
Capsicum,Other,Grade A,164
Capsicum,Other,Grade B,164
Capsicum,Other,Grade C,164
Capsicum,Other,Grade Range-1,164
Capsicum,Other,Large,164
Capsicum,Other,Local,164
Capsicum,Other,Medium,164
Cardamoms,Big,FAQ,40
Cardamoms,Large,FAQ,40
Cardamoms,Other,FAQ,40
Cardamoms,Other,Grade Range-1,40
Cardamoms,Other,Local,40
Carnation,Cornation,FAQ,375
Carnation,Cornation,Grade Range-1,375
Carnation,Other,FAQ,375
Carrot,Carrot,FAQ,153
Carrot,Carrot,Grade A,153
Carrot,Carrot,Grade B,153
Carrot,Carrot,Grade Range-1,153
Carrot,Carrot,Grade Range-2,153
Carrot,Carrot,Large,153
Carrot,Carrot,Local,153
Carrot,Carrot,Medium,153
Carrot,Carrot,Ref grade-1,153
Carrot,Carrot,Ref grade-2,153
Carrot,Carrot,Small,153
Carrot,Other,FAQ,153
Carrot,Other,Grade A,153
Carrot,Other,Grade B,153
Carrot,Other,Grade C,153
Carrot,Other,Grade Range-1,153
Carrot,Other,Grade Range-3,153
Carrot,Other,Large,153
Carrot,Other,Local,153
Carrot,Other,Medium,153
Carrot,Other,Ref grade-1,153
Carrot,Other,Small,153
Carrot,Pusakesar,FAQ,153
Carrot,Pusakesar,Local,153
Carrot,Pusakesar,Medium,153
Carrot,Pusakesar,Ref grade-1,153
Cashew Kernnel,Cashew Kernnel,FAQ,238
Cashew Kernnel,Cashew Kernnel,Medium,238
Cashewnuts,320 Counts,FAQ,36
Cashewnuts,L.W.P.,Medium,36
Cashewnuts,Local (Raw),FAQ,36
Cashewnuts,Local (Raw),Local,36
Cashewnuts,Local (Raw),Medium,36
Cashewnuts,Other,FAQ,36
Cashewnuts,Other,Local,36
Cashewnuts,S.W.,Local,36
Castor Oil,Other,FAQ,270
Castor Seed,Caster,FAQ,123
Castor Seed,Caster,Local,123
Castor Seed,Caster,Medium,123
Castor Seed,Castor seed,FAQ,123
Castor Seed,Castor seed,Local,123
Castor Seed,Castor seed,Medium,123
Castor Seed,Castor seed,Ref grade-1,123
Castor Seed,Castor seed,Ref grade-2,123
Castor Seed,Organic,FAQ,123
Castor Seed,Other,FAQ,123
Castor Seed,Other,Local,123
Castor Seed,Other,Medium,123
Cauliflower,African Sarson,FAQ,34
Cauliflower,African Sarson,Grade Range-3,34
Cauliflower,African Sarson,Local,34
Cauliflower,African Sarson,Medium,34
Cauliflower,Cauliflower,FAQ,34
Cauliflower,Cauliflower,Grade A,34
Cauliflower,Cauliflower,Grade B,34
Cauliflower,Cauliflower,Grade C,34
Cauliflower,Cauliflower,Grade Range-1,34
Cauliflower,Cauliflower,Large,34
Cauliflower,Cauliflower,Local,34
Cauliflower,Cauliflower,Medium,34
Cauliflower,Cauliflower,Ref grade-1,34
Cauliflower,Cauliflower,Ref grade-2,34
Cauliflower,Cauliflower,Small,34
Cauliflower,GSL-1,FAQ,34
Cauliflower,GSL-2,FAQ,34
Cauliflower,Local,FAQ,34
Cauliflower,Local,Grade A,34
Cauliflower,Local,Grade B,34
Cauliflower,Local,Grade Range-1,34
Cauliflower,Local,Large,34
Cauliflower,Local,Local,34
Cauliflower,Local,Medium,34
Cauliflower,Local,Ref grade-1,34
Cauliflower,Other,FAQ,34
Cauliflower,Other,Grade A,34
Cauliflower,Other,Grade B,34
Cauliflower,Other,Grade C,34
Cauliflower,Other,Grade Range-1,34
Cauliflower,Other,Grade Range-2,34
Cauliflower,Other,Grade Range-3,34
Cauliflower,Other,Large,34
Cauliflower,Other,Local,34
Cauliflower,Other,Medium,34
Cauliflower,Other,Small,34
Cauliflower,Ranchi,FAQ,34
Cauliflower,Ranchi,Grade A,34
Cauliflower,Ranchi,Grade C,34
Cauliflower,Ranchi,Local,34
Cauliflower,Ranchi,Medium,34
Chakotha,Chakootha,FAQ,188
Chakotha,Chakootha,Large,188
Chakotha,Other,Large,188
Chapparad Avare,Chapparada Avarekai,FAQ,169
Chapparad Avare,Chapparada Avarekai,Local,169
Chapparad Avare,Chapparada Avarekai,Medium,169
Chapparad Avare,Chapparada Avarekai,Ref grade-1,169
Chapparad Avare,Chapparada Avarekai,Ref grade-2,169
Chennangi (Whole),Chennangi (W),FAQ,241
Chennangi Dal,Chennangi Dal,FAQ,295
Chennangi Dal,Chennangi Dal,Medium,295
Chennangi Dal,Chennangi Dal,Ref grade-1,295
Chennangi Dal,Gram Chapa,FAQ,295
Chennangi Dal,Gram Kata,FAQ,295
Chennangi Dal,Local/Jawari,Medium,295
Chennangi Dal,Other,FAQ,295
Cherry,Cherry,Grade A,328
Cherry,Cherry,Large,328
Cherry,Cherry,Medium,328
Cherry,Cherry,Small,328
Cherry,Other,FAQ,328
Cherry,Other,Large,328
Cherry,Other,Local,328
Cherry,Other,Medium,328
Cherry,Other,Small,328
Chikoos (Sapota),Other,FAQ,71
Chikoos (Sapota),Other,Grade A,71
Chikoos (Sapota),Other,Grade B,71
Chikoos (Sapota),Other,Grade C,71
Chikoos (Sapota),Other,Large,71
Chikoos (Sapota),Other,Local,71
Chikoos (Sapota),Other,Medium,71
Chikoos (Sapota),Other,Small,71
Chikoos (Sapota),Sapota,FAQ,71
Chikoos (Sapota),Sapota,Grade A,71
Chikoos (Sapota),Sapota,Grade B,71
Chikoos (Sapota),Sapota,Grade Range-1,71
Chikoos (Sapota),Sapota,Large,71
Chikoos (Sapota),Sapota,Local,71
Chikoos (Sapota),Sapota,Medium,71
Chikoos (Sapota),Sapota,Ref grade-1,71
Chikoos (Sapota),Sapota,Ref grade-2,71
Chikoos (Sapota),Sapota,Small,71
Chili Red,Bold,FAQ,26
Chili Red,Bold,Local,26
Chili Red,Degi Mirchi,FAQ,26
Chili Red,Dry Sup,FAQ,26
Chili Red,Geeli Mirchi,FAQ,26
Chili Red,Grade II,FAQ,26
Chili Red,Other,FAQ,26
Chili Red,Other,Grade Range-1,26
Chili Red,Other,Local,26
Chili Red,Other,Medium,26
Chili Red,Other,Ref grade-1,26
Chili Red,Other,Ref grade-2,26
Chili Red,Other,Small,26
Chili Red,Parry,FAQ,26
Chili Red,Red,FAQ,26
Chili Red,Red,Grade Range-1,26
Chili Red,Red,Local,26
Chili Red,Red,Medium,26
Chilly Capsicum,Chilly Capsicum,FAQ,88
Chilly Capsicum,Chilly Capsicum,Grade Range-1,88
Chilly Capsicum,Chilly Capsicum,Local,88
Chilly Capsicum,Chilly Capsicum,Medium,88
Chilly Capsicum,Chilly Capsicum,Ref grade-1,88
Chilly Capsicum,Other,FAQ,88
Chilly Capsicum,Other,Local,88
Chow Chow,Chow Chow,FAQ,167
Chow Chow,Chow Chow,Grade B,167
Chow Chow,Chow Chow,Local,167
Chow Chow,Chow Chow,Medium,167
Chow Chow,Chow Chow,Small,167
Chow Chow,Other,FAQ,167
Chow Chow,Other,Local,167
Chow Chow,Other,Medium,167
Chrysanthemum,Chrysathemum (Loose),FAQ,402
Chrysanthemum,Other,FAQ,402
Chrysanthemum (Loose),Chysanthemum (Loose),FAQ,231
Chrysanthemum (Loose),Other,FAQ,231
Chrysanthemum (Loose),Other,Local,231
Chrysanthemum (Loose),Other,Ref grade-1,231
Cinamon (Dalchini),Cinamon (Dalchini),FAQ,316
Cinamon (Dalchini),Other,FAQ,316
Cinamon (Dalchini),Other,Local,316
Cloves,Other,FAQ,105
Cloves,Other,Grade Range-1,105
Cluster beans,Cluster Beans,FAQ,80
Cluster beans,Cluster Beans,Grade A,80
Cluster beans,Cluster Beans,Grade B,80
Cluster beans,Cluster Beans,Grade Range-1,80
Cluster beans,Cluster Beans,Grade Range-2,80
Cluster beans,Cluster Beans,Large,80
Cluster beans,Cluster Beans,Local,80
Cluster beans,Cluster Beans,Medium,80
Cluster beans,Cluster Beans,Small,80
Cluster beans,Other,FAQ,80
Cluster beans,Other,Grade C,80
Cluster beans,Other,Local,80
Cluster beans,Other,Medium,80
Coca,Other,FAQ,315
Cock,Boiler/Firm (White),FAQ,368
Cock,Boiler/Firm (White),Local,368
Cock,Boiler/Firm (White-Brown),FAQ,368
Cock,Deshi,FAQ,368
Cock,Deshi,Local,368
Cock,Local,FAQ,368
Cock,Local,Local,368
Cock,Other,FAQ,368
Cocoa,Other,FAQ,104
Cocoa,Other,Grade Range-1,104
Coconut,Big,FAQ,138
Coconut,Big,Grade Range-1,138
Coconut,Big,Local,138
Coconut,Coconut,FAQ,138
Coconut,Coconut,Large,138
Coconut,Coconut,Local,138
Coconut,Coconut,Medium,138
Coconut,Grade- II,FAQ,138
Coconut,Grade- II,Local,138
Coconut,Grade- II,Ref grade-1,138
Coconut,Grade-I,FAQ,138
Coconut,Grade-I,Grade Range-1,138
Coconut,Grade-I,Large,138
Coconut,Grade-I,Local,138
Coconut,Grade-I,Medium,138
Coconut,Grade-I,Ref grade-1,138
Coconut,Grade-I,Small,138
Coconut,Grade-III,FAQ,138
Coconut,Grade-III,Local,138
Coconut,Grade-III,Medium,138
Coconut,Grade-III,Ref grade-1,138
Coconut,Grade-III,Small,138
Coconut,IISort without Husk,FAQ,138
Coconut,Imported,FAQ,138
Coconut,Medium,FAQ,138
Coconut,Medium,Local,138
Coconut,Medium,Medium,138
Coconut,Other,FAQ,138
Coconut,Other,Large,138
Coconut,Other,Local,138
Coconut,Other,Medium,138
Coconut,Other,Ref grade-1,138
Coconut,Small,FAQ,138
Coconut Oil,Copra Oil,FAQ,266
Coconut Oil,Copra Oil,Grade Range-1,266
Coconut Oil,Other,FAQ,266
Coconut Oil,Other,Grade Range-1,266
Coconut Oil,Other,Local,266
Coconut Seed,Coconut Seed,FAQ,112
Coconut Seed,Coconut Seed,Grade Range-1,112
Coconut Seed,Coconut Seed,Local,112
Coconut Seed,Other,FAQ,112
Coffee,Other,FAQ,45
Coffee,Other,Grade Range-1,45
Coffee,Other,Local,45
Colacasia,Arabi,FAQ,318
Colacasia,Arabi,Grade A,318
Colacasia,Arabi,Local,318
Colacasia,Arabi,Medium,318
Colacasia,Arabi,Small,318
Colacasia,Colacasia,FAQ,318
Colacasia,Colacasia,Grade A,318
Colacasia,Colacasia,Grade B,318
Colacasia,Colacasia,Large,318
Colacasia,Colacasia,Local,318
Colacasia,Colacasia,Medium,318
Colacasia,Colacasia,Small,318
Colacasia,Other,FAQ,318
Colacasia,Other,Grade B,318
Colacasia,Other,Large,318
Colacasia,Other,Local,318
Colacasia,Other,Medium,318
Copra,Ball,FAQ,129
Copra,Ball,Local,129
Copra,Ball,Medium,129
Copra,Ball,Ref grade-1,129
Copra,Copra,FAQ,129
Copra,Copra,Grade Range-1,129
Copra,Copra,Local,129
Copra,Copra,Medium,129
Copra,Copra,Ref grade-1,129
Copra,Copra,Ref grade-2,129
Copra,Copra,Small,129
Copra,Medium,FAQ,129
Copra,Medium,Local,129
Copra,Medium,Ref grade-1,129
Copra,Milling Copra,FAQ,129
Copra,Other,FAQ,129
Copra,Other,Grade Range-1,129
Copra,Other,Local,129
Copra,Small,FAQ,129
Copra,Small,Local,129
Copra,Small,Medium,129
Copra,Small,Ref grade-1,129
Copra,other,FAQ,129
Copra,other,Local,129
Copra,other,Medium,129
Copra,other,Non-FAQ,129
Copra,other,Ref grade-1,129
Copra,other,Ref grade-2,129
Copra,other,Small,129
Coriander (Leaves),Coriander,FAQ,43
Coriander (Leaves),Coriander,Grade A,43
Coriander (Leaves),Coriander,Grade B,43
Coriander (Leaves),Coriander,Local,43
Coriander (Leaves),Coriander,Medium,43
Coriander (Leaves),Coriander-Organic,FAQ,43
Coriander (Leaves),I Sort,Local,43
Coriander (Leaves),Local,FAQ,43
Coriander (Leaves),Local,Local,43
Coriander (Leaves),Local,Medium,43
Coriander (Leaves),Local,Ref grade-1,43
Coriander (Leaves),Local,Small,43
Coriander (Leaves),"Mota, Small",FAQ,43
Coriander (Leaves),Other,FAQ,43
Coriander (Leaves),Other,Grade A,43
Coriander (Leaves),Other,Grade B,43
Coriander (Leaves),Other,Grade C,43
Coriander (Leaves),Other,Local,43
Coriander (Leaves),Other,Medium,43
Corriander seed,"A-1, Green",FAQ,108
Corriander seed,"A-1, Green",Grade Range-2,108
Corriander seed,"A-1, Green",Local,108
Corriander seed,Badami Steam,FAQ,108
Corriander seed,Badami Steam,Local,108
Corriander seed,Coriander Seed,FAQ,108
Corriander seed,Coriander Seed,Local,108
Corriander seed,Coriander Seed,Medium,108
Corriander seed,Coriander Seed,Ref grade-1,108
Corriander seed,Coriander Seed,Ref grade-2,108
Corriander seed,Eagle,FAQ,108
Corriander seed,Full Green,FAQ,108
Corriander seed,Full Green,Local,108
Corriander seed,Medium Green,FAQ,108
Corriander seed,Medium Green,Local,108
Corriander seed,Other,FAQ,108
Corriander seed,Other,Local,108
Cotton,170-C2 (Ginned),FAQ,15
Cotton,170-C2 (Ginned),Medium,15
Cotton,170-CO2 (Unginned),FAQ,15
Cotton,170-CO2 (Unginned),Large,15
Cotton,170-CO2 (Unginned),Local,15
Cotton,170-CO2 (Unginned),Medium,15
Cotton,A-51-9 24mm. FIne,FAQ,15
Cotton,A.C. 122- H4,FAQ,15
Cotton,A.K. 235 (Unginned),FAQ,15
Cotton,Aka-1 (Unginned),FAQ,15
Cotton,American,FAQ,15
Cotton,American,Grade Range-1,15
Cotton,American,Grade Range-2,15
Cotton,American,Local,15
Cotton,American,Non-FAQ,15
Cotton,Bramha,FAQ,15
Cotton,Bunny,FAQ,15
Cotton,Bunny,Grade Range-2,15
Cotton,Bunny,Local,15
Cotton,Bunny,Non-FAQ,15
Cotton,CJ 73 22mm FIne,FAQ,15
Cotton,CO-2 (Unginned),FAQ,15
Cotton,CO-2 (Unginned),Medium,15
Cotton,CO-2 (Unginned),Small,15
Cotton,CO2 (Ginned),FAQ,15
Cotton,Cotton (Ginned),FAQ,15
Cotton,Cotton (Ginned),Large,15
Cotton,Cotton (Ginned),Local,15
Cotton,Cotton (Ginned),Medium,15
Cotton,Cotton (Unginned),FAQ,15
Cotton,Cotton (Unginned),Grade Range-1,15
Cotton,Cotton (Unginned),Grade Range-2,15
Cotton,Cotton (Unginned),Large,15
Cotton,Cotton (Unginned),Local,15
Cotton,Cotton (Unginned),Medium,15
Cotton,Cotton (Unginned),Non-FAQ,15
Cotton,Cotton (Unginned),Small,15
Cotton,Cotton US,FAQ,15
Cotton,DCH-32 (Ginned),FAQ,15
Cotton,DCH-32 (Unginned),FAQ,15
Cotton,"DIGVIJAY 24mm, Superfine",FAQ,15
Cotton,Desi,FAQ,15
Cotton,Desi,Local,15
Cotton,Desi,Medium,15
Cotton,Desi,Non-FAQ,15
Cotton,F-1054,FAQ,15
Cotton,F-1054,Grade Range-1,15
Cotton,F-1054,Local,15
Cotton,F-1054,Ref grade-1,15
Cotton,G-6,FAQ,15
Cotton,G.Cot-21,FAQ,15
Cotton,G.Cot-21,Non-FAQ,15
Cotton,GCH,FAQ,15
Cotton,GCH,Local,15
Cotton,GCH,Medium,15
Cotton,GCH,Ref grade-1,15
Cotton,GCH,Ref grade-2,15
Cotton,GCH,Small,15
Cotton,Ginned Cotton,FAQ,15
Cotton,Ginned Cotton,Non-FAQ,15
Cotton,H-4 (A) 27mm FIne,FAQ,15
Cotton,H-4 (A) 27mm FIne,Medium,15
Cotton,H-4 (A) 27mm FIne,Non-FAQ,15
Cotton,H-6,FAQ,15
Cotton,H.B (Ginned),FAQ,15
Cotton,H.B (Unginned),FAQ,15
Cotton,H.B (Unginned),Non-FAQ,15
Cotton,H.Y.4 (Unginned),FAQ,15
Cotton,H4,FAQ,15
Cotton,H4,Medium,15
Cotton,Hampi (Ginned),FAQ,15
Cotton,Hampi (Ginned),Medium,15
Cotton,J-34,FAQ,15
Cotton,J-34,Local,15
Cotton,Jayadhar,FAQ,15
Cotton,Jayadhar,Medium,15
Cotton,Jayadhar 23mm-FIne,FAQ,15
Cotton,Jayadhar 23mm-FIne,Large,15
Cotton,Kapas (Adoni),FAQ,15
Cotton,Kapas (Adoni),Medium,15
Cotton,Kapas (Adoni),Non-FAQ,15
Cotton,Krishna,FAQ,15
Cotton,L 147,FAQ,15
Cotton,LD-327,FAQ,15
Cotton,LD-327,Local,15
Cotton,LD-327,Ref grade-1,15
Cotton,LD-491,FAQ,15
Cotton,LH-1556,FAQ,15
Cotton,LH-1556,Large,15
Cotton,LH-1556,Local,15
Cotton,LH-1556,Medium,15
Cotton,LH-1556,Ref grade-1,15
Cotton,LH-1556,Ref grade-2,15
Cotton,LH-1556,Small,15
Cotton,LH-900,FAQ,15
Cotton,LH-900,Local,15
Cotton,LRA,FAQ,15
Cotton,LRA,Local,15
Cotton,LRA,Non-FAQ,15
Cotton,LRA (Ginned),FAQ,15
Cotton,Local,FAQ,15
Cotton,Local,Local,15
Cotton,Local,Non-FAQ,15
Cotton,Long fiber,FAQ,15
Cotton,Long fiber,Non-FAQ,15
Cotton,MCU,FAQ,15
Cotton,MCU 5,FAQ,15
Cotton,MCU 5,Local,15
Cotton,MCU 5,Medium,15
Cotton,MCU-5 (A) 31mm FIne,FAQ,15
Cotton,MCU-7,FAQ,15
Cotton,MECH-1,FAQ,15
Cotton,MECH-4,FAQ,15
Cotton,Mahico,FAQ,15
Cotton,Medium Fiber,FAQ,15
Cotton,Medium Fiber,Non-FAQ,15
Cotton,Mungari (Ginned),Medium,15
Cotton,Mungari (Unginned),Large,15
Cotton,Mungari (Unginned),Medium,15
Cotton,N-44,FAQ,15
Cotton,N-44,Non-FAQ,15
Cotton,Narma BT Cotton,FAQ,15
Cotton,Narma BT Cotton,Local,15
Cotton,Narma BT Cotton,Non-FAQ,15
Cotton,Other,FAQ,15
Cotton,Other,Grade Range-1,15
Cotton,Other,Grade Range-2,15
Cotton,Other,Large,15
Cotton,Other,Local,15
Cotton,Other,Medium,15
Cotton,Other,Non-FAQ,15
Cotton,Other,Ref grade-1,15
Cotton,R-51 (Ginned),FAQ,15
Cotton,R-51 (Ginned),Medium,15
Cotton,R-51 (Unginned),FAQ,15
Cotton,R.G.J-34 24mm-Fine,FAQ,15
Cotton,RCH-2,FAQ,15
Cotton,RCH-2,Local,15
Cotton,RCH-2,Non-FAQ,15
Cotton,Savita,FAQ,15
Cotton,Savita,Small,15
Cotton,Shanker 4 31mm FIne,FAQ,15
Cotton,Shanker 4 31mm FIne,Non-FAQ,15
Cotton,Shanker 6 (B) 30mm FIne,FAQ,15
Cotton,Shanker 6 (B) 30mm FIne,Local,15
Cotton,Shanker 6 (B) 30mm FIne,Non-FAQ,15
Cotton,Surabi,FAQ,15
Cotton,Suyodhar (Ginned),FAQ,15
Cotton,V-797 22mm FIne,FAQ,15
Cotton,Varalakshmi (Ginned),FAQ,15
Cotton,Varalakshmi (Ginned),Local,15
Cotton,Varalakshmi (Ginned),Medium,15
Cotton,Varalakshmi (Ginned),Ref grade-1,15
Cotton,Varalakshmi (Ginned),Ref grade-2,15
Cotton,Varalaxmi,FAQ,15
Cotton,Without Ginned Cotton,FAQ,15
Cotton,Without Ginned Cotton,Non-FAQ,15
Cotton,Y-1,FAQ,15
Cotton,lra (Unginned),FAQ,15
Cotton,lra (Unginned),Large,15
Cotton,lra (Unginned),Medium,15
Cotton Seed,Binola-Organic,FAQ,99
Cotton Seed,Cotton Seed,FAQ,99
Cotton Seed,Cotton Seed,Local,99
Cotton Seed,Cotton Seed,Medium,99
Cotton Seed,Cotton Seed,Ref grade-1,99
Cotton Seed,Other,FAQ,99
Cotton Seed,Other,Local,99
Cow,Cow,FAQ,212
Cow,Cow,Large,212
Cow,Cow,Local,212
Cow,Cow,Medium,212
Cow,Cow,Ref grade-1,212
Cow,Cow,Small,212
Cow,Other,FAQ,212
Cow,Other,Local,212
Cow,Other,Medium,212
Cowpea (Lobia/Karamani),Cowpea (W-S),FAQ,92
Cowpea (Lobia/Karamani),Cowpea (Whole),FAQ,92
Cowpea (Lobia/Karamani),Cowpea (Whole),Local,92
Cowpea (Lobia/Karamani),Cowpea (Whole),Medium,92
Cowpea (Lobia/Karamani),Cowpea (Whole),Ref grade-1,92
Cowpea (Lobia/Karamani),Cowpea (Whole),Ref grade-2,92
Cowpea (Lobia/Karamani),Jawari/Local,FAQ,92
Cowpea (Lobia/Karamani),Jawari/Local,Medium,92
Cowpea (Lobia/Karamani),Lobia or Moth,FAQ,92
Cowpea (Lobia/Karamani),Other,FAQ,92
Cowpea (Lobia/Karamani),Other,Local,92
Cowpea (Lobia/Karamani),Other,Medium,92
Cowpea (Lobia/Karamani),Other,Small,92
Cowpea (Veg),Bean Barbati,FAQ,89
Cowpea (Veg),Bean Barbati,Grade A,89
Cowpea (Veg),Cowpea (Veg),FAQ,89
Cowpea (Veg),Cowpea (Veg),Grade A,89
Cowpea (Veg),Cowpea (Veg),Large,89
Cowpea (Veg),Cowpea (Veg),Local,89
Cowpea (Veg),Cowpea (Veg),Medium,89
Cowpea (Veg),Cowpea (Veg),Small,89
Cowpea (Veg),Organic,FAQ,89
Cowpea (Veg),Other,FAQ,89
Cowpea (Veg),Other,Grade A,89
Cowpea (Veg),Other,Local,89
Cowpea (Veg),Other,Medium,89
Cucumbar (Kheera),Cucumbar,FAQ,159
Cucumbar (Kheera),Cucumbar,Grade A,159
Cucumbar (Kheera),Cucumbar,Grade B,159
Cucumbar (Kheera),Cucumbar,Grade C,159
Cucumbar (Kheera),Cucumbar,Grade Range-1,159
Cucumbar (Kheera),Cucumbar,Grade Range-3,159
Cucumbar (Kheera),Cucumbar,Large,159
Cucumbar (Kheera),Cucumbar,Local,159
Cucumbar (Kheera),Cucumbar,Medium,159
Cucumbar (Kheera),Cucumbar,Ref grade-1,159
Cucumbar (Kheera),Cucumbar,Ref grade-2,159
Cucumbar (Kheera),Cucumbar,Small,159
Cucumbar (Kheera),Cucumber-Organic,FAQ,159
Cucumbar (Kheera),Other,FAQ,159
Cucumbar (Kheera),Other,Grade A,159
Cucumbar (Kheera),Other,Grade B,159
Cucumbar (Kheera),Other,Grade C,159
Cucumbar (Kheera),Other,Grade Range-1,159
Cucumbar (Kheera),Other,Grade Range-2,159
Cucumbar (Kheera),Other,Grade Range-3,159
Cucumbar (Kheera),Other,Large,159
Cucumbar (Kheera),Other,Local,159
Cucumbar (Kheera),Other,Medium,159
Cucumbar (Kheera),Other,Small,159
Cummin Seed (Jeera),Bold,FAQ,42
Cummin Seed (Jeera),Common,FAQ,42
Cummin Seed (Jeera),Cumin-Organic,FAQ,42
Cummin Seed (Jeera),Cummin Seed (Jeera),FAQ,42
Cummin Seed (Jeera),Cummin Seed (Jeera),Grade Range-1,42
Cummin Seed (Jeera),Cummin Seed (Jeera),Grade Range-2,42
Cummin Seed (Jeera),Cummin Seed (Jeera),Local,42
Cummin Seed (Jeera),Desi,FAQ,42
Cummin Seed (Jeera),Medium,FAQ,42
Cummin Seed (Jeera),Other,FAQ,42
Cummin Seed (Jeera),Other,Local,42
Cummin Seed (Jeera),Pili,FAQ,42
Cummin Seed (Jeera),Superfine,FAQ,42
Custard Apple (Sharifa),Custard Apple (Sharifa),Grade A,352
Custard Apple (Sharifa),Custard Apple (Sharifa),Grade Range-1,352
Custard Apple (Sharifa),Custard Apple (Sharifa),Large,352
Custard Apple (Sharifa),Custard Apple (Sharifa),Local,352
Custard Apple (Sharifa),Custard Apple (Sharifa),Medium,352
Custard Apple (Sharifa),Custard Apple (Sharifa),Small,352
Custard Apple (Sharifa),Other,Large,352
Custard Apple (Sharifa),Other,Local,352
Custard Apple (Sharifa),Other,Medium,352
Daila (Chandni),Dalia (Chandani),FAQ,382
Daila (Chandni),Other,FAQ,382
Dalda,Dalda,FAQ,273
Dalda,Dalda,Medium,273
Dalda,Other,FAQ,273
Delha,Delha,FAQ,410
Delha,Other,FAQ,410
Dhaincha,Other,FAQ,69
Dhaincha,Other,Local,69
Drumstick,Drumstick,FAQ,168
Drumstick,Drumstick,Grade A,168
Drumstick,Drumstick,Grade B,168
Drumstick,Drumstick,Grade Range-1,168
Drumstick,Drumstick,Large,168
Drumstick,Drumstick,Local,168
Drumstick,Drumstick,Medium,168
Drumstick,Drumstick,Ref grade-1,168
Drumstick,Drumstick,Ref grade-2,168
Drumstick,Drumstick,Small,168
Drumstick,Other,FAQ,168
Drumstick,Other,Grade B,168
Drumstick,Other,Large,168
Drumstick,Other,Local,168
Dry Chillies,1st Sort,FAQ,132
Dry Chillies,1st Sort,Large,132
Dry Chillies,1st Sort,Medium,132
Dry Chillies,1st Sort,Small,132
Dry Chillies,2nd Sort,FAQ,132
Dry Chillies,2nd Sort,Large,132
Dry Chillies,2nd Sort,Medium,132
Dry Chillies,2nd Sort,Small,132
Dry Chillies,3rd Sort,FAQ,132
Dry Chillies,Bold 1,FAQ,132
Dry Chillies,Byadgi,FAQ,132
Dry Chillies,Byadgi,Local,132
Dry Chillies,Byadgi,Medium,132
Dry Chillies,Byadgi,Ref grade-1,132
Dry Chillies,Dabbi,FAQ,132
Dry Chillies,Dabbi,Ref grade-1,132
Dry Chillies,Desi,FAQ,132
Dry Chillies,Dry,FAQ,132
Dry Chillies,Dry 1st Sort,FAQ,132
Dry Chillies,Dry 1st Sort,Medium,132
Dry Chillies,Dry Chillies,FAQ,132
Dry Chillies,Dry Chillies,Grade Range-1,132
Dry Chillies,Dry Chillies,Grade Range-2,132
Dry Chillies,Dry Chillies,Local,132
Dry Chillies,G. I. 1,FAQ,132
Dry Chillies,Guntur,FAQ,132
Dry Chillies,Guntur,Local,132
Dry Chillies,Guntur,Medium,132
Dry Chillies,Guntur,Ref grade-1,132
Dry Chillies,Guntur,Ref grade-2,132
Dry Chillies,Guntur,Small,132
Dry Chillies,Kaddi,FAQ,132
Dry Chillies,Kaddi,Local,132
Dry Chillies,Kaddi,Medium,132
Dry Chillies,Kaddi,Ref grade-1,132
Dry Chillies,Local,FAQ,132
Dry Chillies,Local,Large,132
Dry Chillies,Local,Local,132
Dry Chillies,Local,Medium,132
Dry Chillies,Local,Ref grade-1,132
Dry Chillies,Local,Ref grade-2,132
Dry Chillies,Local,Small,132
Dry Chillies,Mankattu,FAQ,132
Dry Chillies,Mankattu,Ref grade-1,132
Dry Chillies,Other,FAQ,132
Dry Chillies,Other,Grade Range-1,132
Dry Chillies,Other,Local,132
Dry Chillies,Other,Medium,132
Dry Chillies,Other,Ref grade-1,132
Dry Chillies,Red,FAQ,132
Dry Chillies,Red,Large,132
Dry Chillies,Red New,FAQ,132
Dry Chillies,Red Top,FAQ,132
Dry Chillies,Single Patti,FAQ,132
Dry Chillies,Talu,FAQ,132
Dry Chillies,White,FAQ,132
Dry Chillies,White,Grade Range-3,132
Dry Fodder,Dry Fodder,FAQ,345
Dry Fodder,Dry Fodder,Local,345
Dry Fodder,Other,FAQ,345
Dry Grapes,Dry Grapes,FAQ,278
Dry Grapes,Dry Grapes,Local,278
Dry Grapes,Dry Grapes,Ref grade-1,278
Dry Grapes,Other,FAQ,278
Dry Grapes,Other,Local,278
Duck,Local,FAQ,370
Duck,Local,Grade Range-2,370
Duck,Other,FAQ,370
Duster Beans,Duster Beans,FAQ,163
Duster Beans,Duster Beans,Medium,163
Duster Beans,Other,FAQ,163
Egg,Egg,FAQ,367
Egg,Egg,Grade Range-1,367
Egg,Other,FAQ,367
Elephant Yam (Suran),Elephant Yam (Suran),FAQ,296
Elephant Yam (Suran),Elephant Yam (Suran),Large,296
Elephant Yam (Suran),Elephant Yam (Suran),Local,296
Elephant Yam (Suran),Elephant Yam (Suran),Medium,296
Elephant Yam (Suran),Elephant Yam (Suran),Ref grade-1,296
Elephant Yam (Suran),Elephant Yam (Suran),Ref grade-2,296
Elephant Yam (Suran),Other,FAQ,296
Elephant Yam (Suran),Other,Local,296
Elephant Yam (Suran)/Amorphophallus,Amorphophallus,FAQ,296
Elephant Yam (Suran)/Amorphophallus,Amorphophallus,Grade A,296
Elephant Yam (Suran)/Amorphophallus,Amorphophallus,Local,296
Elephant Yam (Suran)/Amorphophallus,Amorphophallus,Medium,296
Elephant Yam (Suran)/Amorphophallus,Elephant Yam (Suran),FAQ,296
Elephant Yam (Suran)/Amorphophallus,Elephant Yam (Suran),Grade A,296
Elephant Yam (Suran)/Amorphophallus,Elephant Yam (Suran),Grade Range-1,296
Elephant Yam (Suran)/Amorphophallus,Elephant Yam (Suran),Local,296
Elephant Yam (Suran)/Amorphophallus,Elephant Yam (Suran),Medium,296
Elephant Yam (Suran)/Amorphophallus,Other,FAQ,296
Elephant Yam (Suran)/Amorphophallus,Other,Grade A,296
Elephant Yam (Suran)/Amorphophallus,Other,Grade B,296
Elephant Yam (Suran)/Amorphophallus,Other,Grade Range-1,296
Elephant Yam (Suran)/Amorphophallus,Other,Large,296
Elephant Yam (Suran)/Amorphophallus,Other,Local,296
Elephant Yam (Suran)/Amorphophallus,Other,Medium,296
Field Pea,Field Pea,FAQ,64
Field Pea,Field Pea,Grade A,64
Field Pea,Field Pea,Grade B,64
Field Pea,Field Pea,Large,64
Field Pea,Field Pea,Local,64
Field Pea,Field Pea,Medium,64
Field Pea,Foeld Pea-48,Medium,64
Field Pea,Other,FAQ,64
Field Pea,Other,Local,64
Field Pea,Other,Medium,64
Field Pea,PG-3,FAQ,64
Fig (Anjura/Anjeer),Anjura,Local,221
Fig (Anjura/Anjeer),Other,FAQ,221
Firewood,Firewood,FAQ,206
Firewood,Firewood,Local,206
Firewood,Other,FAQ,206
Firewood,Other,Local,206
Fish,Bata Putti,FAQ,366
Fish,Bata Putti,Local,366
Fish,Black Dom,FAQ,366
Fish,Black Dom,Local,366
Fish,Blue Dom,FAQ,366
Fish,Chilwa,FAQ,366
Fish,Chilwa,Local,366
Fish,Fish,FAQ,366
Fish,Fish,Grade Range-2,366
Fish,Fish,Local,366
Fish,Halwa,FAQ,366
Fish,Halwa,Local,366
Fish,Hilsa,FAQ,366
Fish,Katla (Big),FAQ,366
Fish,Katla (Big),Grade Range-1,366
Fish,Katla (Big),Grade Range-2,366
Fish,Katla (Big),Local,366
Fish,Katla (Small),FAQ,366
Fish,Katla (Small),Local,366
Fish,Malli (Big),FAQ,366
Fish,Malli (Big),Local,366
Fish,Malli (Small),FAQ,366
Fish,Malli (Small),Local,366
Fish,Mangoor,FAQ,366
Fish,Other,FAQ,366
Fish,Other,Local,366
Fish,Pangass,FAQ,366
Fish,Pangass,Grade Range-2,366
Fish,Pangass,Local,366
Fish,Rahu (Andhra),FAQ,366
Fish,Rahu (Andhra),Grade Range-1,366
Fish,Rahu (Andhra),Grade Range-2,366
Fish,Rahu (Andhra),Grade Range-3,366
Fish,Rahu (Andhra),Local,366
Fish,Rahu (Local),FAQ,366
Fish,Rahu (Local),Local,366
Fish,Singhra (Big),FAQ,366
Fish,Singhra (Big),Local,366
Fish,Singhra (Small),FAQ,366
Fish,Singhra (Small),Local,366
Fish,Sol,FAQ,366
Fish,Sol,Local,366
Fish,Soli,FAQ,366
Fish,Soli,Local,366
Fish,Surmai (Big),FAQ,366
Fish,Surmai (Big),Local,366
Fish,Surmali (Small),FAQ,366
Fish,Surmali (Small),Local,366
Fish,White Dom,FAQ,366
Fish,White Dom,Local,366
Fish,Zinga (Zambo-A),FAQ,366
Fish,Zinga (Zambo-B),FAQ,366
Fish,Zinga (Zambo-B),Local,366
Fish,Zinga (Zambo-C),FAQ,366
Foxtail Millet (Navane),Navane Hybrid,FAQ,121
Foxtail Millet (Navane),Navane Hybrid,Local,121
Foxtail Millet (Navane),Navane Hybrid,Medium,121
Foxtail Millet (Navane),Navane Hybrid,Ref grade-1,121
Foxtail Millet (Navane),Navane Hybrid,Ref grade-2,121
Foxtail Millet (Navane),Navane Hybrid,Small,121
Foxtail Millet (Navane),Other,FAQ,121
Foxtail Millet (Navane),Other,Local,121
Foxtail Millet (Navane),Other,Medium,121
Foxtail Millet (Navane),Other,Ref grade-1,121
French Beans (Frasbean),French Beans (Frasbean),FAQ,298
French Beans (Frasbean),French Beans (Frasbean),Grade A,298
French Beans (Frasbean),French Beans (Frasbean),Grade B,298
French Beans (Frasbean),French Beans (Frasbean),Grade C,298
French Beans (Frasbean),French Beans (Frasbean),Grade Range-1,298
French Beans (Frasbean),French Beans (Frasbean),Local,298
French Beans (Frasbean),French Beans (Frasbean),Medium,298
French Beans (Frasbean),French Beans (Frasbean),Small,298
French Beans (Frasbean),Other,FAQ,298
French Beans (Frasbean),Other,Grade A,298
French Beans (Frasbean),Other,Grade B,298
French Beans (Frasbean),Other,Grade Range-1,298
French Beans (Frasbean),Other,Large,298
French Beans (Frasbean),Other,Local,298
French Beans (Frasbean),Other,Medium,298
French Beans (Frasbean),Other,Small,298
Galgal (Lemon),Galgal (Lemon),FAQ,350
Galgal (Lemon),Galgal (Lemon),Large,350
Galgal (Lemon),Galgal (Lemon),Local,350
Galgal (Lemon),Galgal (Lemon),Medium,350
Galgal (Lemon),Other,FAQ,350
Galgal (Lemon),Other,Grade Range-1,350
Galgal (Lemon),Other,Local,350
Galgal (Lemon),Other,Medium,350
Garlic,Average,FAQ,25
Garlic,Average,Grade Range-1,25
Garlic,Average,Grade Range-2,25
Garlic,Average,Grade Range-3,25
Garlic,Average,Local,25
Garlic,Average,Medium,25
Garlic,China,FAQ,25
Garlic,Desi,FAQ,25
Garlic,Desi,Grade Range-3,25
Garlic,Desi,Local,25
Garlic,Garlic,FAQ,25
Garlic,Garlic,Grade Range-1,25
Garlic,Garlic,Grade Range-2,25
Garlic,Garlic,Large,25
Garlic,Garlic,Local,25
Garlic,Garlic,Medium,25
Garlic,Garlic,Ref grade-1,25
Garlic,Garlic-Organic,FAQ,25
Garlic,New Gola,FAQ,25
Garlic,New Laddu,FAQ,25
Garlic,New Medium,FAQ,25
Garlic,Other,FAQ,25
Garlic,Other,Grade Range-1,25
Garlic,Other,Grade Range-2,25
Garlic,Other,Grade Range-3,25
Garlic,Other,Local,25
Garlic,Other,Medium,25
Garlic,Other,Ref grade-1,25
Garlic,UP,FAQ,25
Ghee,Ghee,FAQ,249
Ghee,Other,FAQ,249
Ghee,Other,Local,249
Giloy,Giloy,FAQ,452
Gingelly Oil,Gingelly Oil,FAQ,276
Gingelly Oil,Other,FAQ,276
Ginger (Dry),Big/Thick,FAQ,27
Ginger (Dry),Dry,FAQ,27
Ginger (Dry),Dry,Grade Range-1,27
Ginger (Dry),Dry,Local,27
Ginger (Dry),Dry,Medium,27
Ginger (Dry),Dry,Ref grade-1,27
Ginger (Dry),Dry,Ref grade-2,27
Ginger (Dry),Fresh (Assam),FAQ,27
Ginger (Dry),Fresh Unbleached,FAQ,27
Ginger (Dry),Ginger-Organic,FAQ,27
Ginger (Dry),Hybrid,FAQ,27
Ginger (Dry),Hybrid,Large,27
Ginger (Dry),Other,FAQ,27
Ginger (Dry),Other,Grade Range-1,27
Ginger (Dry),Other,Grade Range-2,27
Ginger (Dry),Other,Local,27
Ginger (Dry),Other,Medium,27
Ginger (Dry),Other,Ref grade-1,27
Ginger (Dry),Other,Ref grade-2,27
Ginger (Dry),Small,FAQ,27
Ginger (Dry),Unbleached,Grade Range-1,27
Ginger (Dry),Vegitable-fresh,FAQ,27
Ginger (Dry),Vegitable-fresh,Local,27
Ginger (Green),Green Ginger,FAQ,103
Ginger (Green),Green Ginger,Grade A,103
Ginger (Green),Green Ginger,Grade B,103
Ginger (Green),Green Ginger,Grade C,103
Ginger (Green),Green Ginger,Grade Range-1,103
Ginger (Green),Green Ginger,Grade Range-3,103
Ginger (Green),Green Ginger,Large,103
Ginger (Green),Green Ginger,Local,103
Ginger (Green),Green Ginger,Medium,103
Ginger (Green),Green Ginger,Ref grade-1,103
Ginger (Green),Green Ginger,Ref grade-2,103
Ginger (Green),Green Ginger,Small,103
Ginger (Green),Other,FAQ,103
Ginger (Green),Other,Grade A,103
Ginger (Green),Other,Grade B,103
Ginger (Green),Other,Grade C,103
Ginger (Green),Other,Grade Range-2,103
Ginger (Green),Other,Local,103
Ginger (Green),Other,Medium,103
Ginger (Green),Other,Small,103
Gladiolus Cut Flower,Gladiolus Cut Flower,FAQ,363
Gladiolus Cut Flower,Gladiolus Cut Flower,Grade Range-1,363
Gladiolus Cut Flower,Other,FAQ,363
Goat,Goat,FAQ,219
Goat,Goat,Local,219
Goat,Goat,Medium,219
Goat,Goat,Ref grade-1,219
Goat,Other,FAQ,219
Goat,Other,Local,219
Gram Raw (Chholia),Gram Raw (Chholia),FAQ,359
Gram Raw (Chholia),Other,FAQ,359
Gram Raw (Chholia),Other,Grade A,359
Gram Raw (Chholia),Other,Local,359
Gramflour,Gramflour,FAQ,294
Grapes,Annabesahai,Grade A,22
Grapes,Annabesahai,Large,22
Grapes,Annabesahai,Local,22
Grapes,Annabesahai,Medium,22
Grapes,Annabesahai,Small,22
Grapes,Badami Kai,Medium,22
Grapes,Black,FAQ,22
Grapes,Black,Grade A,22
Grapes,Black,Grade B,22
Grapes,Black,Grade Range-1,22
Grapes,Black,Large,22
Grapes,Black,Local,22
Grapes,Black,Medium,22
Grapes,Black,Ref grade-1,22
Grapes,Black,Ref grade-2,22
Grapes,Black,Small,22
Grapes,Green,FAQ,22
Grapes,Green,Grade A,22
Grapes,Green,Grade B,22
Grapes,Green,Grade Range-1,22
Grapes,Green,Large,22
Grapes,Green,Local,22
Grapes,Green,Medium,22
Grapes,Green,Ref grade-1,22
Grapes,Green,Ref grade-2,22
Grapes,Green,Small,22
Grapes,Indian,Grade A,22
Grapes,Indian,Large,22
Grapes,Indian,Local,22
Grapes,Indian,Medium,22
Grapes,Indian,Small,22
Grapes,Natal,Large,22
Grapes,Natal,Medium,22
Grapes,Other,FAQ,22
Grapes,Other,Grade A,22
Grapes,Other,Grade B,22
Grapes,Other,Grade C,22
Grapes,Other,Large,22
Grapes,Other,Local,22
Grapes,Other,Medium,22
Grapes,Other,Ref grade-1,22
Grapes,Other,Small,22
Grapes,White,FAQ,22
Grapes,White,Large,22
Grapes,White,Local,22
Grapes,White,Medium,22
Grapes,White,Ref grade-1,22
Grapes,White,Ref grade-2,22
Grapes,White,Small,22
Green Avare (W),Avare (W),FAQ,165
Green Avare (W),Avare (W),Local,165
Green Avare (W),Green Avare (W),FAQ,165
Green Avare (W),Green Avare (W),Local,165
Green Avare (W),Green Avare (W),Medium,165
Green Avare (W),Green Avare (W),Ref grade-1,165
Green Avare (W),Green Avare (W),Ref grade-2,165
Green Avare (W),Green Avare (W),Small,165
Green Avare (W),Other,FAQ,165
Green Chilli,Green Chilly,FAQ,87
Green Chilli,Green Chilly,Grade A,87
Green Chilli,Green Chilly,Grade B,87
Green Chilli,Green Chilly,Grade C,87
Green Chilli,Green Chilly,Grade Range-2,87
Green Chilli,Green Chilly,Grade Range-3,87
Green Chilli,Green Chilly,Large,87
Green Chilli,Green Chilly,Local,87
Green Chilli,Green Chilly,Medium,87
Green Chilli,Green Chilly,Ref grade-1,87
Green Chilli,Green Chilly,Ref grade-2,87
Green Chilli,Green Chilly,Small,87
Green Chilli,Other,FAQ,87
Green Chilli,Other,Grade A,87
Green Chilli,Other,Grade B,87
Green Chilli,Other,Grade C,87
Green Chilli,Other,Grade Range-1,87
Green Chilli,Other,Large,87
Green Chilli,Other,Local,87
Green Chilli,Other,Medium,87
Green Chilli,Other,Small,87
Green Fodder,Green Fodder,FAQ,346
Green Fodder,Green Fodder,Local,346
Green Fodder,Other,FAQ,346
Green Gram (Moong)(Whole),Ankola,FAQ,9
Green Gram (Moong)(Whole),Ankola,Grade Range-2,9
Green Gram (Moong)(Whole),Ankola,Non-FAQ,9
Green Gram (Moong)(Whole),Bold,FAQ,9
Green Gram (Moong)(Whole),Green (Whole),FAQ,9
Green Gram (Moong)(Whole),Green (Whole),Grade Range-3,9
Green Gram (Moong)(Whole),Green (Whole),Large,9
Green Gram (Moong)(Whole),Green (Whole),Local,9
Green Gram (Moong)(Whole),Green (Whole),Medium,9
Green Gram (Moong)(Whole),Green (Whole),Non-FAQ,9
Green Gram (Moong)(Whole),Green (Whole),Ref grade-1,9
Green Gram (Moong)(Whole),Green (Whole),Ref grade-2,9
Green Gram (Moong)(Whole),Green (Whole),Small,9
Green Gram (Moong)(Whole),Green Gram Dhall-I,FAQ,9
Green Gram (Moong)(Whole),Green Gram Dhall-I,Non-FAQ,9
Green Gram (Moong)(Whole),Hybrid,FAQ,9
Green Gram (Moong)(Whole),Hybrid,Local,9
Green Gram (Moong)(Whole),Hybrid,Medium,9
Green Gram (Moong)(Whole),Hybrid,Non-FAQ,9
Green Gram (Moong)(Whole),Hybrid,Ref grade-1,9
Green Gram (Moong)(Whole),Hybrid,Ref grade-2,9
Green Gram (Moong)(Whole),Imp,FAQ,9
Green Gram (Moong)(Whole),Imp,Non-FAQ,9
Green Gram (Moong)(Whole),Krishna (Whole),FAQ,9
Green Gram (Moong)(Whole),Krishna (Whole),Non-FAQ,9
Green Gram (Moong)(Whole),Local,FAQ,9
Green Gram (Moong)(Whole),Local,Grade Range-1,9
Green Gram (Moong)(Whole),Local,Grade Range-2,9
Green Gram (Moong)(Whole),Local,Grade Range-3,9
Green Gram (Moong)(Whole),Local,Local,9
Green Gram (Moong)(Whole),Local,Medium,9
Green Gram (Moong)(Whole),Local,Non-FAQ,9
Green Gram (Moong)(Whole),Local,Small,9
Green Gram (Moong)(Whole),Local (Whole),FAQ,9
Green Gram (Moong)(Whole),Local (Whole),Grade Range-1,9
Green Gram (Moong)(Whole),Local (Whole),Local,9
Green Gram (Moong)(Whole),Local (Whole),Medium,9
Green Gram (Moong)(Whole),Local (Whole),Non-FAQ,9
Green Gram (Moong)(Whole),Local (Whole),Ref grade-1,9
Green Gram (Moong)(Whole),ML-613,FAQ,9
Green Gram (Moong)(Whole),Medium,FAQ,9
Green Gram (Moong)(Whole),Medium,Local,9
Green Gram (Moong)(Whole),Medium,Ref grade-1,9
Green Gram (Moong)(Whole),Ordinary (Split),FAQ,9
Green Gram (Moong)(Whole),Other,FAQ,9
Green Gram (Moong)(Whole),Other,Grade Range-1,9
Green Gram (Moong)(Whole),Other,Grade Range-2,9
Green Gram (Moong)(Whole),Other,Local,9
Green Gram (Moong)(Whole),Other,Medium,9
Green Gram (Moong)(Whole),Other,Non-FAQ,9
Green Gram (Moong)(Whole),SML-134,FAQ,9
Green Gram (Moong)(Whole),SML-134,Non-FAQ,9
Green Gram (Moong)(Whole),Small,FAQ,9
Green Gram (Moong)(Whole),Small (Split),FAQ,9
Green Gram Dal (Moong Dal),Green Gram Dal,FAQ,265
Green Gram Dal (Moong Dal),Green Gram Dal,Local,265
Green Gram Dal (Moong Dal),Green Gram Dal,Medium,265
Green Gram Dal (Moong Dal),Green Gram Dal,Ref grade-1,265
Green Gram Dal (Moong Dal),Green Gram Dal,Ref grade-2,265
Green Gram Dal (Moong Dal),Green Gram Dhall-I,FAQ,265
Green Gram Dal (Moong Dal),Green gram,FAQ,265
Green Gram Dal (Moong Dal),Local,FAQ,265
Green Gram Dal (Moong Dal),Local,Medium,265
Green Gram Dal (Moong Dal),Mangalore (Split),FAQ,265
Green Gram Dal (Moong Dal),Ordinary (Split),FAQ,265
Green Gram Dal (Moong Dal),Organic,FAQ,265
Green Gram Dal (Moong Dal),Other,FAQ,265
Green Gram Dal (Moong Dal),Other,Local,265
Green Gram Dal (Moong Dal),Small (Split),FAQ,265
Green Peas,Gemin Peas Dal,FAQ,50
Green Peas,Gemin Peas Dal,Small,50
Green Peas,Green Peas,FAQ,50
Green Peas,Green Peas,Local,50
Green Peas,Green Peas,Medium,50
Green Peas,Green Peas,Ref grade-1,50
Green Peas,Green Peas,Small,50
Green Peas,Organic,FAQ,50
Green Peas,Other,FAQ,50
Green Peas,Other,Local,50
Green Peas,Other,Medium,50
Green Peas,Pea,FAQ,50
Green Peas,White Fozi,FAQ,50
Green Peas,White Fozi,Local,50
Ground Nut Oil,Ground Nut Oil,FAQ,267
Ground Nut Oil,Ground Nut Oil,Medium,267
Ground Nut Seed,Ground Nut Seed,FAQ,268
Ground Nut Seed,Ground Nut Seed,Local,268
Ground Nut Seed,Ground Nut Seed,Medium,268
Ground Nut Seed,Ground Nut Seed,Ref grade-1,268
Ground Nut Seed,Ground Nut Seed,Small,268
Ground Nut Seed,Other,FAQ,268
Ground Nut Seed,Other,Local,268
Groundnut,Balli/Habbu,FAQ,10
Groundnut,Balli/Habbu,Grade Range-1,10
Groundnut,Balli/Habbu,Local,10
Groundnut,Balli/Habbu,Medium,10
Groundnut,Balli/Habbu,Non-FAQ,10
Groundnut,Balli/Habbu,Ref grade-1,10
Groundnut,Big (With Shell),FAQ,10
Groundnut,Big (With Shell),Grade Range-2,10
Groundnut,Big (With Shell),Grade Range-3,10
Groundnut,Big (With Shell),Local,10
Groundnut,Big (With Shell),Medium,10
Groundnut,Big (With Shell),Non-FAQ,10
Groundnut,Big (With Shell),Ref grade-1,10
Groundnut,Bold,FAQ,10
Groundnut,Bold,Local,10
Groundnut,Bold,Non-FAQ,10
Groundnut,Bold Kernel,FAQ,10
Groundnut,Bold Kernel,Local,10
Groundnut,Bold Kernel,Non-FAQ,10
Groundnut,DMV-7,FAQ,10
Groundnut,DMV-7,Local,10
Groundnut,F.A.Q,FAQ,10
Groundnut,F.A.Q,Non-FAQ,10
Groundnut,G20,FAQ,10
Groundnut,G20,Local,10
Groundnut,G20,Non-FAQ,10
Groundnut,Gejje,FAQ,10
Groundnut,Gejje,Local,10
Groundnut,Gejje,Medium,10
Groundnut,Gejje,Ref grade-1,10
Groundnut,Gejje,Small,10
Groundnut,Groundnut seed,FAQ,10
Groundnut,Groundnut seed,Local,10
Groundnut,Groundnut seed,Medium,10
Groundnut,Groundnut seed,Non-FAQ,10
Groundnut,Gungri (With Shell),FAQ,10
Groundnut,Gungri (With Shell),Grade Range-1,10
Groundnut,Gungri (With Shell),Non-FAQ,10
Groundnut,Gungri (With Shell),Ref grade-1,10
Groundnut,Gungri (With Shell),Ref grade-2,10
Groundnut,Hybrid,FAQ,10
Groundnut,Hybrid,Local,10
Groundnut,Hybrid,Medium,10
Groundnut,Hybrid,Non-FAQ,10
Groundnut,Hybrid,Ref grade-1,10
Groundnut,Hyderabad (Red),Medium,10
Groundnut,Hyderabad (Red),Non-FAQ,10
Groundnut,JL-24,FAQ,10
Groundnut,JL-24,Large,10
Groundnut,JL-24,Medium,10
Groundnut,JL-24,Non-FAQ,10
Groundnut,Kadiri-3,FAQ,10
Groundnut,Kadiri-3,Medium,10
Groundnut,Local,FAQ,10
Groundnut,Local,Grade Range-2,10
Groundnut,Local,Large,10
Groundnut,Local,Local,10
Groundnut,Local,Medium,10
Groundnut,Local,Non-FAQ,10
Groundnut,Local,Small,10
Groundnut,M-37,FAQ,10
Groundnut,M-37,Local,10
Groundnut,M-37,Non-FAQ,10
Groundnut,Natte,FAQ,10
Groundnut,Natte,Local,10
Groundnut,Natte,Ref grade-1,10
Groundnut,Natte,Ref grade-2,10
Groundnut,Other,FAQ,10
Groundnut,Other,Grade Range-2,10
Groundnut,Other,Grade Range-3,10
Groundnut,Other,Local,10
Groundnut,Other,Medium,10
Groundnut,Other,Non-FAQ,10
Groundnut,Other,Ref grade-1,10
Groundnut,Peanuts-Organic,FAQ,10
Groundnut,Peanuts-Organic,Non-FAQ,10
Groundnut,Seed,FAQ,10
Groundnut,Seed,Local,10
Groundnut,Seed,Non-FAQ,10
Groundnut,Shelled (Bunch),FAQ,10
Groundnut,TMV-2,FAQ,10
Groundnut,TMV-2,Medium,10
Groundnut,TMV-2,Non-FAQ,10
Groundnut (Split),Groundnut (Split),FAQ,314
Groundnut (Split),Groundnut (Split),Medium,314
Groundnut (Split),JL-24,FAQ,314
Groundnut (Split),Local,FAQ,314
Groundnut (Split),Other,FAQ,314
Groundnut (Split),TMV-2,FAQ,314
Groundnut pods (raw),Groundnut pods (raw),FAQ,312
Groundnut pods (raw),Other,FAQ,312
Groundnut pods (raw),Other,Medium,312
Guar,Guaar,FAQ,75
Guar,Gwar,FAQ,75
Guar,Gwar,Grade A,75
Guar,Gwar,Grade B,75
Guar,Gwar,Local,75
Guar,Other,FAQ,75
Guar,Other,Grade C,75
Guar,Other,Large,75
Guar,Other,Local,75
Guar,Other,Medium,75
Guar Seed (Cluster Beans Seed),Other,FAQ,413
Guar Seed (Cluster Beans Seed),Other,Grade Range-1,413
Guar Seed (Cluster Beans Seed),Other,Grade Range-2,413
Guar Seed (Cluster Beans Seed),Other,Local,413
Guar Seed (Cluster Beans Seed),Split,FAQ,413
Guar Seed (Cluster Beans Seed),Whole,FAQ,413
Guar Seed (Cluster Beans Seed),Whole,Local,413
Guava,Banarasi,Large,185
Guava,Banarasi,Medium,185
Guava,Deshi,Medium,185
Guava,Guava,FAQ,185
Guava,Guava,Grade A,185
Guava,Guava,Grade B,185
Guava,Guava,Grade C,185
Guava,Guava,Grade Range-1,185
Guava,Guava,Large,185
Guava,Guava,Local,185
Guava,Guava,Medium,185
Guava,Guava,Ref grade-1,185
Guava,Guava,Small,185
Guava,Guava Alahabad,Grade B,185
Guava,Guava Alahabad,Grade C,185
Guava,Guava Alahabad,Grade Range-1,185
Guava,Guava Alahabad,Large,185
Guava,Guava Alahabad,Local,185
Guava,Guava Alahabad,Medium,185
Guava,Guava Alahabad,Small,185
Guava,Guava Navalur,FAQ,185
Guava,Guava Navalur,Large,185
Guava,Guava Navalur,Medium,185
Guava,Guava Sardar,Medium,185
Guava,Guava Sardar,Small,185
Guava,Other,FAQ,185
Guava,Other,Grade A,185
Guava,Other,Grade B,185
Guava,Other,Grade C,185
Guava,Other,Large,185
Guava,Other,Local,185
Guava,Other,Medium,185
Guava,Other,Small,185
Gudmar,Gudmaar,FAQ,453
Gur (Jaggery),Achhu,FAQ,74
Gur (Jaggery),Achhu,Local,74
Gur (Jaggery),Achhu,Medium,74
Gur (Jaggery),Achhu,Ref grade-1,74
Gur (Jaggery),Achhu,Small,74
Gur (Jaggery),Anakapalli,FAQ,74
Gur (Jaggery),Anakapalli,Medium,74
Gur (Jaggery),Black,FAQ,74
Gur (Jaggery),Black,Medium,74
Gur (Jaggery),Black,Ref grade-1,74
Gur (Jaggery),Disara,FAQ,74
Gur (Jaggery),Jaggery,FAQ,74
Gur (Jaggery),Khandsari,FAQ,74
Gur (Jaggery),Kurikatu,FAQ,74
Gur (Jaggery),Kurikatu,Local,74
Gur (Jaggery),Kurikatu,Medium,74
Gur (Jaggery),Kurikatu,Ref grade-1,74
Gur (Jaggery),Mattikari,FAQ,74
Gur (Jaggery),Mudde,FAQ,74
Gur (Jaggery),Mudde,Ref grade-1,74
Gur (Jaggery),NO 1,FAQ,74
Gur (Jaggery),NO 1,Medium,74
Gur (Jaggery),NO 2,FAQ,74
Gur (Jaggery),NO 2,Local,74
Gur (Jaggery),NO 2,Medium,74
Gur (Jaggery),NO 3,FAQ,74
Gur (Jaggery),NO 3,Medium,74
Gur (Jaggery),Nizamabad,FAQ,74
Gur (Jaggery),Nizamabad,Local,74
Gur (Jaggery),Nizamabad,Medium,74
Gur (Jaggery),Organic,FAQ,74
Gur (Jaggery),Other,FAQ,74
Gur (Jaggery),Other,Grade Range-2,74
Gur (Jaggery),Other,Local,74
Gur (Jaggery),Other,Medium,74
Gur (Jaggery),Other,Ref grade-1,74
Gur (Jaggery),Other,Ref grade-2,74
Gur (Jaggery),Pathari,FAQ,74
Gur (Jaggery),Pathari,Local,74
Gur (Jaggery),Red,FAQ,74
Gur (Jaggery),Red,Local,74
Gur (Jaggery),Unde,FAQ,74
Gur (Jaggery),Unde,Local,74
Gur (Jaggery),Unde,Medium,74
Gur (Jaggery),Unde,Ref grade-1,74
Gur (Jaggery),Unde,Ref grade-2,74
Gur (Jaggery),Yellow,FAQ,74
Gur (Jaggery),Yellow,Grade Range-2,74
Gur (Jaggery),Yellow,Local,74
Gur (Jaggery),Yellow,Medium,74
Gur (Jaggery),Yellow,Ref grade-1,74
Gurellu,Gurellu,FAQ,279
Gurellu,Gurellu,Local,279
Haralekai,Heralekai,FAQ,252
He Buffalo,He Baffelo,FAQ,216
He Buffalo,He Baffelo,Local,216
He Buffalo,He Baffelo,Medium,216
He Buffalo,Other,FAQ,216
Hen,Boiler/Firm (White),FAQ,369
Hen,Boiler/Firm (White),Local,369
Hen,Boiler/Firm (White-Brown),FAQ,369
Hen,Local,FAQ,369
Hen,Other,FAQ,369
Hen,Other,Local,369
Hippe Seed,Hippe Seed,FAQ,125
Hippe Seed,Hippe Seed,Ref grade-1,125
Hippe Seed,Other,FAQ,125
Hippe Seed,Other,Local,125
Honey,Honey,FAQ,236
Honge seed,Honge Seed,FAQ,124
Honge seed,Honge Seed,Local,124
Honge seed,Other,FAQ,124
Hybrid Cumbu,Hybrid Cumbu,FAQ,119
Hybrid Cumbu,Other,FAQ,119
Indian Beans (Seam),Beans or Semi,FAQ,299
Indian Beans (Seam),Indian Beans (Seam),FAQ,299
Indian Beans (Seam),Indian Beans (Seam),Grade Range-3,299
Indian Beans (Seam),Indian Beans (Seam),Local,299
Indian Beans (Seam),Indian Beans (Seam),Medium,299
Indian Beans (Seam),Other,FAQ,299
Indian Beans (Seam),Other,Grade B,299
Indian Beans (Seam),Other,Local,299
Indian Beans (Seam),Other,Medium,299
Indian Colza (Sarson),Indian Colza (Sarson),FAQ,344
Indian Colza (Sarson),Indian Colza (Sarson),Grade A,344
Indian Colza (Sarson),Indian Colza (Sarson),Local,344
Indian Colza (Sarson),Other,FAQ,344
Isabgul (Psyllium),Isabgol,FAQ,256
Isabgul (Psyllium),Isabgul (Psyllium),FAQ,256
Isabgul (Psyllium),Isabgul (Psyllium),Local,256
Isabgul (Psyllium),Other,FAQ,256
Isabgul (Psyllium),Other,Local,256
Jack Fruit,Jack Fruit,FAQ,182
Jack Fruit,Jack Fruit,Grade A,182
Jack Fruit,Jack Fruit,Large,182
Jack Fruit,Jack Fruit,Local,182
Jack Fruit,Jack Fruit,Medium,182
Jack Fruit,Jack Fruit,Small,182
Jack Fruit,Other,FAQ,182
Jack Fruit,Other,Large,182
Jack Fruit,Other,Local,182
Jack Fruit,Other,Medium,182
Jack Fruit,Other,Small,182
Jaffri,Jaffri,FAQ,406
Jaffri,Other,FAQ,406
Jaggery,Achhu,Local,151
Jaggery,Anakapalli,Grade Range-1,151
Jaggery,Anakapalli,Grade Range-2,151
Jaggery,Anakapalli,Grade Range-3,151
Jaggery,Kurikatu,Local,151
Jaggery,Nizamabad,Local,151
Jaggery,Other,Local,151
Jaggery,Unde,Local,151
Jaggery,Yellow,Local,151
Jamun (Narale Hannu),Jamun,Large,184
Jamun (Narale Hannu),Jamun,Local,184
Jamun (Narale Hannu),Jamun,Medium,184
Jamun (Narale Hannu),Jamun,Small,184
Jamun (Narale Hannu),Other,FAQ,184
Jamun (Narale Hannu),Other,Large,184
Jamun (Narale Hannu),Other,Local,184
Jamun (Narale Hannu),Other,Medium,184
Jamun (Narale Hannu),Other,Small,184
Jarbara,Jerbara,FAQ,376
Jarbara,Jerbara,Grade Range-1,376
Jarbara,Other,FAQ,376
Jasmine,Jasmine,FAQ,229
Jasmine,Jasmine,Grade Range-1,229
Jasmine,Jasmine,Local,229
Jasmine,Other,FAQ,229
Jasmine,Other,Local,229
Javi,Javi,FAQ,250
Javi,Other,FAQ,250
Jowar (Sorghum),Annigeri,FAQ,5
Jowar (Sorghum),Bijapur,FAQ,5
Jowar (Sorghum),Bijapur,Medium,5
Jowar (Sorghum),H.B,FAQ,5
Jowar (Sorghum),Hybrid,FAQ,5
Jowar (Sorghum),Hybrid,Medium,5
Jowar (Sorghum),Hybrid,Non-FAQ,5
Jowar (Sorghum),Hybrid,Ref grade-1,5
Jowar (Sorghum),Jowar ( White),FAQ,5
Jowar (Sorghum),Jowar ( White),Local,5
Jowar (Sorghum),Jowar ( White),Medium,5
Jowar (Sorghum),Jowar ( White),Non-FAQ,5
Jowar (Sorghum),Jowar ( White),Ref grade-1,5
Jowar (Sorghum),Jowar ( White),Ref grade-2,5
Jowar (Sorghum),Jowar ( White),Small,5
Jowar (Sorghum),Jowar (Yellow),FAQ,5
Jowar (Sorghum),Jowar (Yellow),Local,5
Jowar (Sorghum),Jowar (Yellow),Medium,5
Jowar (Sorghum),Jowar (Yellow),Non-FAQ,5
Jowar (Sorghum),Jowar Hybrid,FAQ,5
Jowar (Sorghum),Jowar Hybrid,Grade Range-1,5
Jowar (Sorghum),Jowar Hybrid,Large,5
Jowar (Sorghum),Jowar Hybrid,Local,5
Jowar (Sorghum),Jowar Hybrid,Medium,5
Jowar (Sorghum),Jowar Hybrid,Ref grade-1,5
Jowar (Sorghum),Jowar Hybrid,Ref grade-2,5
Jowar (Sorghum),Jowar Hybrid,Small,5
Jowar (Sorghum),Jowar-Organic,FAQ,5
Jowar (Sorghum),Kesari,FAQ,5
Jowar (Sorghum),Kesari,Local,5
Jowar (Sorghum),Local,FAQ,5
Jowar (Sorghum),Local,Grade Range-2,5
Jowar (Sorghum),Local,Grade Range-3,5
Jowar (Sorghum),Local,Local,5
Jowar (Sorghum),Local,Medium,5
Jowar (Sorghum),Local,Non-FAQ,5
Jowar (Sorghum),Local,Ref grade-1,5
Jowar (Sorghum),Local,Small,5
Jowar (Sorghum),Other,FAQ,5
Jowar (Sorghum),Other,Large,5
Jowar (Sorghum),Other,Local,5
Jowar (Sorghum),Other,Medium,5
Jowar (Sorghum),Other,Non-FAQ,5
Jowar (Sorghum),Other,Ref grade-2,5
Jowar (Sorghum),Rabi,FAQ,5
Jowar (Sorghum),Red,FAQ,5
Jowar (Sorghum),Red,Local,5
Jowar (Sorghum),Red,Medium,5
Jowar (Sorghum),Red,Non-FAQ,5
Jowar (Sorghum),White,FAQ,5
Jowar (Sorghum),White,Local,5
Jowar (Sorghum),White,Medium,5
Jowar (Sorghum),Yellow,FAQ,5
Jowar (Sorghum),Yellow,Medium,5
Jute,Jute,FAQ,16
Jute,Jute,Medium,16
Jute,Jute,Non-FAQ,16
Jute,Other,FAQ,16
Jute,Other,Non-FAQ,16
Jute,Other,TD 3 (FAQ),16
Jute,TD-5,FAQ,16
Jute,TD-5,Non-FAQ,16
Jute,TD-5,TD 1 (FAQ),16
Jute,TD-5,TD 3 (FAQ),16
Jute,TD-5,TD 5 (Non-FAQ),16
Jute,W-5,FAQ,16
Jute,W-5/TD-5,FAQ,16
Jute Seed,Other,FAQ,210
Jute Seed,Other,Medium,210
Kabuli Chana (Chickpeas-White),Bitkey,FAQ,362
Kabuli Chana (Chickpeas-White),Dollar Gram,FAQ,362
Kabuli Chana (Chickpeas-White),Dollar Gram-Organic,FAQ,362
Kabuli Chana (Chickpeas-White),Double Dollar Chana,FAQ,362
Kabuli Chana (Chickpeas-White),Kabul,FAQ,362
Kabuli Chana (Chickpeas-White),Kabul Extra bold,FAQ,362
Kabuli Chana (Chickpeas-White),Kabul Small,FAQ,362
Kabuli Chana (Chickpeas-White),Kabuli Chana (Chickpeas-white),FAQ,362
Kabuli Chana (Chickpeas-White),Kabuli Chana (Chickpeas-white),Local,362
Kabuli Chana (Chickpeas-White),Other,FAQ,362
Kabuli Chana (Chickpeas-White),Other,Local,362
Kabuli Chana (Chickpeas-White),Russian,FAQ,362
Kabuli Chana (Chickpeas-White),White (whole),FAQ,362
Kacholam,Kacholam,FAQ,317
Kakada,Kakada,FAQ,230
Kakada,Kakada,Grade Range-1,230
Kakada,Kakada,Local,230
Kakada,Other,FAQ,230
Kakada,Other,Local,230
Kalmegh,Kalmegh,FAQ,457
Kankambra,Kankambra,FAQ,233
Kankambra,Kankambra,Grade Range-1,233
Karamani,Karamani,FAQ,115
Karamani,Other,FAQ,115
Karbuja (Musk Melon),Karbhuja,FAQ,187
Karbuja (Musk Melon),Karbhuja,Grade A,187
Karbuja (Musk Melon),Karbhuja,Grade B,187
Karbuja (Musk Melon),Karbhuja,Grade Range-1,187
Karbuja (Musk Melon),Karbhuja,Large,187
Karbuja (Musk Melon),Karbhuja,Local,187
Karbuja (Musk Melon),Karbhuja,Medium,187
Karbuja (Musk Melon),Karbhuja,Ref grade-1,187
Karbuja (Musk Melon),Karbhuja,Ref grade-2,187
Karbuja (Musk Melon),Karbhuja,Small,187
Karbuja (Musk Melon),Other,FAQ,187
Karbuja (Musk Melon),Other,Grade B,187
Karbuja (Musk Melon),Other,Grade Range-1,187
Karbuja (Musk Melon),Other,Large,187
Karbuja (Musk Melon),Other,Local,187
Karbuja (Musk Melon),Other,Medium,187
Karbuja (Musk Melon),Other,Small,187
Kartali (Kantola),Kartali (Kantola),FAQ,305
Kartali (Kantola),Other,FAQ,305
Khoya,Chaina,FAQ,372
Khoya,Danedar,FAQ,372
Kinnow,Kinnow,FAQ,336
Kinnow,Kinnow,Grade A,336
Kinnow,Kinnow,Grade B,336
Kinnow,Kinnow,Grade C,336
Kinnow,Kinnow,Grade Range-1,336
Kinnow,Kinnow,Large,336
Kinnow,Kinnow,Local,336
Kinnow,Kinnow,Medium,336
Kinnow,Kinnow,Small,336
Kinnow,Other,FAQ,336
Kinnow,Other,Grade A,336
Kinnow,Other,Grade B,336
Kinnow,Other,Grade C,336
Kinnow,Other,Large,336
Kinnow,Other,Local,336
Kinnow,Other,Medium,336
Kinnow,Other,Small,336
Knool Khol,Knool Khol,FAQ,177
Knool Khol,Knool Khol,Grade B,177
Knool Khol,Knool Khol,Grade Range-1,177
Knool Khol,Knool Khol,Local,177
Knool Khol,Knool Khol,Medium,177
Knool Khol,Knool Khol,Ref grade-1,177
Knool Khol,Knool Khol,Ref grade-2,177
Knool Khol,Knool Khol,Small,177
Knool Khol,Other,FAQ,177
Knool Khol,Other,Local,177
Kodo Millet (Varagu),Kondo,FAQ,117
Kodo Millet (Varagu),Kondo-Organic,FAQ,117
Kodo Millet (Varagu),Other,FAQ,117
Kodo Millet (Varagu),Varagu,FAQ,117
Kulthi (Horse Gram),Fine,FAQ,114
Kulthi (Horse Gram),Fine,Local,114
Kulthi (Horse Gram),Horse Gram,FAQ,114
Kulthi (Horse Gram),Horse Gram Dal (Split),FAQ,114
Kulthi (Horse Gram),Horse gram (Whole),FAQ,114
Kulthi (Horse Gram),Horse gram (Whole),Local,114
Kulthi (Horse Gram),Horse gram (Whole),Medium,114
Kulthi (Horse Gram),Horse gram (Whole),Ref grade-1,114
Kulthi (Horse Gram),Horse gram (Whole),Ref grade-2,114
Kulthi (Horse Gram),Horse gram (Whole),Small,114
Kulthi (Horse Gram),Medium,FAQ,114
Kulthi (Horse Gram),Medium,Medium,114
Kulthi (Horse Gram),Other,FAQ,114
Kulthi (Horse Gram),Other,Local,114
Kulthi (Horse Gram),Other,Medium,114
Kulthi (Horse Gram),Small,FAQ,114
Kutki,Kutki,FAQ,415
Kutki,Kutki,FAQ,426
Kutki,Kutki-Organic,FAQ,415
Kutki,Kutki-Organic,FAQ,426
Kutki,Kutki-Organic,Local,426
Ladies Finger,Ladies Finger,Grade Range-1,155
Ladies Finger,Ladies Finger,Local,155
Ladies Finger,Ladies Finger,Medium,155
Lak (Teora),Lak (Whole),FAQ,96
Lak (Teora),Lak (Whole),Local,96
Lak (Teora),Lakdal (Split),FAQ,96
Lak (Teora),Lakh,FAQ,96
Lak (Teora),Other,FAQ,96
Lak (Teora),Tivra-Organic,FAQ,96
Lak (Teora),Tiwada,FAQ,96
Leafy Vegetable,Leafy Vegetables,FAQ,171
Leafy Vegetable,Leafy Vegetables,Grade A,171
Leafy Vegetable,Leafy Vegetables,Grade B,171
Leafy Vegetable,Leafy Vegetables,Local,171
Leafy Vegetable,Leafy Vegetables,Medium,171
Leafy Vegetable,Other,FAQ,171
Leafy Vegetable,Other,Grade A,171
Leafy Vegetable,Other,Grade B,171
Leafy Vegetable,Other,Local,171
Lemon,Lemon,FAQ,310
Lemon,Lemon,Grade A,310
Lemon,Lemon,Grade B,310
Lemon,Lemon,Grade C,310
Lemon,Lemon,Grade Range-3,310
Lemon,Lemon,Local,310
Lemon,Lemon,Medium,310
Lemon,Lemon,Small,310
Lemon,Lemon-Organic,FAQ,310
Lemon,Other,FAQ,310
Lemon,Other,Grade A,310
Lemon,Other,Grade B,310
Lemon,Other,Grade C,310
Lemon,Other,Large,310
Lemon,Other,Local,310
Lemon,Other,Medium,310
Lentil (Masur)(Whole),Kala Masoor New,FAQ,63
Lentil (Masur)(Whole),Kala Masoor New,Grade Range-2,63
Lentil (Masur)(Whole),Kala Masoor New,Non-FAQ,63
Lentil (Masur)(Whole),Local,FAQ,63
Lentil (Masur)(Whole),Local,Non-FAQ,63
Lentil (Masur)(Whole),Masoor Gola,FAQ,63
Lentil (Masur)(Whole),Masoor Gola,Grade Range-3,63
Lentil (Masur)(Whole),Masoor Gola,Local,63
Lentil (Masur)(Whole),Masoor Gola,Non-FAQ,63
Lentil (Masur)(Whole),Masur Dal,FAQ,63
Lentil (Masur)(Whole),Masur Dal,Non-FAQ,63
Lentil (Masur)(Whole),Organic,FAQ,63
Lentil (Masur)(Whole),Organic,Non-FAQ,63
Lentil (Masur)(Whole),Other,FAQ,63
Lentil (Masur)(Whole),Other,Local,63
Lentil (Masur)(Whole),Other,Medium,63
Lentil (Masur)(Whole),Other,Non-FAQ,63
Lilly,Lily,FAQ,378
Lilly,Lily,Grade Range-1,378
Lilly,Other,FAQ,378
Lime,Lime,FAQ,180
Lime,Lime,Grade A,180
Lime,Lime,Grade Range-1,180
Lime,Lime,Large,180
Lime,Lime,Local,180
Lime,Lime,Medium,180
Lime,Lime,Ref grade-1,180
Lime,Lime,Ref grade-2,180
Lime,Lime,Small,180
Lime,Other,FAQ,180
Lime,Other,Grade A,180
Lime,Other,Grade B,180
Lime,Other,Large,180
Lime,Other,Local,180
Lime,Other,Medium,180
Lime,Other,Small,180
Linseed,Flaxseed,FAQ,67
Linseed,LC-185,FAQ,67
Linseed,Linseed,FAQ,67
Linseed,Linseed,Local,67
Linseed,Linseed-Organic,FAQ,67
Linseed,Other,FAQ,67
Linseed,Other,Local,67
Lint,D.C.H.,FAQ,280
Lint,D.C.H.,Medium,280
Lint,Jaydhar,FAQ,280
Lint,Jaydhar,Local,280
Lint,Jaydhar,Medium,280
Lint,Jaydhar,Ref grade-1,280
Lint,Other,FAQ,280
Lint,Other,Local,280
Lint,Other,Medium,280
Lint,Other,Small,280
Litchi,Litchi,Large,351
Litchi,Litchi,Medium,351
Litchi,Litchi,Small,351
Litchi,Other,FAQ,351
Litchi,Other,Large,351
Litchi,Other,Local,351
Litchi,Other,Medium,351
Litchi,Other,Small,351
Little gourd (Kundru),Little gourd (Kundru),FAQ,302
Little gourd (Kundru),Little gourd (Kundru),Grade A,302
Little gourd (Kundru),Little gourd (Kundru),Grade B,302
Little gourd (Kundru),Little gourd (Kundru),Local,302
Little gourd (Kundru),Little gourd (Kundru),Medium,302
Little gourd (Kundru),Other,FAQ,302
Little gourd (Kundru),Other,Large,302
Little gourd (Kundru),Other,Local,302
Little gourd (Kundru),Other,Medium,302
Little gourd (Kundru),Other,Small,302
Long Melon (Kakri),Long Melon (Kakri),FAQ,304
Long Melon (Kakri),Long Melon (Kakri),Grade A,304
Long Melon (Kakri),Long Melon (Kakri),Local,304
Long Melon (Kakri),Other,FAQ,304
Long Melon (Kakri),Other,Grade C,304
Long Melon (Kakri),Other,Large,304
Long Melon (Kakri),Other,Local,304
Long Melon (Kakri),Other,Medium,304
Lotus,Other,FAQ,403
Lotus Sticks,Lotus Sticks,FAQ,339
Lotus Sticks,Other,FAQ,339
Lukad,Lukad,Large,337
Lukad,Lukad,Medium,337
Lukad,Other,Medium,337
Mace,Mace,FAQ,107
Mace,Other,FAQ,107
Mace,Other,Grade Range-1,107
Mahedi,Mahedi,FAQ,411
Mahedi,Mahedi,Grade Range-1,411
Mahedi,Mahedi,Local,411
Mahedi,Other,FAQ,411
Mahedi,Other,Local,411
Mahua,Gulli,FAQ,335
Mahua,Mahua,FAQ,335
Mahua,Mahua,Local,335
Mahua,Mahua Flower,FAQ,335
Mahua,Mahua Seed / Bunch,FAQ,335
Mahua,Organic,FAQ,335
Mahua,Other,FAQ,335
Mahua,Toli,FAQ,335
Mahua Seed (Hippe seed),Mahua Seed,FAQ,371
Mahua Seed (Hippe seed),Mahua Seed,Local,371
Mahua Seed (Hippe seed),Other,FAQ,371
Maida Atta,Maida Atta,FAQ,288
Maida Atta,Other,FAQ,288
Maida Atta,Other,Medium,288
Maize,Deshi Red,FAQ,4
Maize,Deshi Red,Grade Range-1,4
Maize,Deshi Red,Large,4
Maize,Deshi Red,Local,4
Maize,Deshi Red,Non-FAQ,4
Maize,Deshi Red,Small,4
Maize,Deshi White,FAQ,4
Maize,Deshi White,Local,4
Maize,Deshi White,Medium,4
Maize,Deshi White,Non-FAQ,4
Maize,Fine,FAQ,4
Maize,Fine,Large,4
Maize,Fine,Medium,4
Maize,Gajjar,FAQ,4
Maize,Gajjar,Non-FAQ,4
Maize,H.Y.V.,FAQ,4
Maize,H.Y.V.,Medium,4
Maize,H.Y.V.(White),FAQ,4
Maize,H.Y.V.(White),Large,4
Maize,Hybrid,FAQ,4
Maize,Hybrid,Grade Range-2,4
Maize,Hybrid,Large,4
Maize,Hybrid,Local,4
Maize,Hybrid,Medium,4
Maize,Hybrid,Non-FAQ,4
Maize,Hybrid Red (Cattle Feed),FAQ,4
Maize,Hybrid Red (Cattle Feed),Grade Range-2,4
Maize,Hybrid Red (Cattle Feed),Non-FAQ,4
Maize,Hybrid Yellow (Cattle Feed),FAQ,4
Maize,Hybrid Yellow (Cattle Feed),Local,4
Maize,Hybrid Yellow (Cattle Feed),Non-FAQ,4
Maize,Hybrid/Local,FAQ,4
Maize,Hybrid/Local,Large,4
Maize,Hybrid/Local,Local,4
Maize,Hybrid/Local,Medium,4
Maize,Hybrid/Local,Non-FAQ,4
Maize,Hybrid/Local,Ref grade-1,4
Maize,Hybrid/Local,Ref grade-2,4
Maize,Hybrid/Local,Small,4
Maize,Jawari,FAQ,4
Maize,Jawari,Medium,4
Maize,Kesari,FAQ,4
Maize,Kesari,Medium,4
Maize,Local,FAQ,4
Maize,Local,Grade Range-1,4
Maize,Local,Grade Range-2,4
Maize,Local,Large,4
Maize,Local,Local,4
Maize,Local,Medium,4
Maize,Local,Non-FAQ,4
Maize,Local,Ref grade-1,4
Maize,Local,Ref grade-2,4
Maize,Local,Small,4
Maize,Maize/Corn-Organic,FAQ,4
Maize,Maize/Corn-Organic,Non-FAQ,4
Maize,Medium,FAQ,4
Maize,Medium,Local,4
Maize,Medium,Medium,4
Maize,Medium,Non-FAQ,4
Maize,Megha,FAQ,4
Maize,Other,FAQ,4
Maize,Other,Grade Range-1,4
Maize,Other,Grade Range-2,4
Maize,Other,Grade Range-3,4
Maize,Other,Large,4
Maize,Other,Local,4
Maize,Other,Medium,4
Maize,Other,Non-FAQ,4
Maize,Partap,Medium,4
Maize,Popcorn,FAQ,4
Maize,Popcorn,Non-FAQ,4
Maize,Red,FAQ,4
Maize,Red,Non-FAQ,4
Maize,Sweet Corn (For Biscuits),FAQ,4
Maize,Sweet Corn (For Biscuits),Medium,4
Maize,Sweet Corn (For Biscuits),Non-FAQ,4
Maize,Vijaya,FAQ,4
Maize,White (SAFED),FAQ,4
Maize,White (SAFED),Local,4
Maize,White (SAFED),Non-FAQ,4
Maize,White Local,FAQ,4
Maize,White Local,Non-FAQ,4
Maize,Yellow,FAQ,4
Maize,Yellow,Local,4
Maize,Yellow,Medium,4
Maize,Yellow,Non-FAQ,4
Maize,Yellow,Ref grade-1,4
Mango,Amrapali,Large,20
Mango,Amrapali,Medium,20
Mango,Badami,FAQ,20
Mango,Badami,Large,20
Mango,Badami,Local,20
Mango,Badami,Medium,20
Mango,Badami,Small,20
Mango,Chausa,Large,20
Mango,Chausa,Medium,20
Mango,Chausa,Small,20
Mango,Dinga,Large,20
Mango,Dinga,Medium,20
Mango,Dinga,Small,20
Mango,Dusheri,Large,20
Mango,Dusheri,Local,20
Mango,Dusheri,Medium,20
Mango,Dusheri,Small,20
Mango,Fazli,Large,20
Mango,Fazli,Medium,20
Mango,Fazli,Small,20
Mango,Hapus (Alphaso),FAQ,20
Mango,Hapus (Alphaso),Large,20
Mango,Hapus (Alphaso),Local,20
Mango,Hapus (Alphaso),Medium,20
Mango,Hapus (Alphaso),Small,20
Mango,Keshar,FAQ,20
Mango,Keshar,Large,20
Mango,Keshar,Local,20
Mango,Keshar,Medium,20
Mango,Keshar,Small,20
Mango,Langra,Large,20
Mango,Langra,Medium,20
Mango,Langra,Small,20
Mango,Malgoa,FAQ,20
Mango,Malgoa,Local,20
Mango,Malgoa,Medium,20
Mango,Malgoa,Small,20
Mango,Neelam,FAQ,20
Mango,Neelam,Grade A,20
Mango,Neelam,Large,20
Mango,Neelam,Local,20
Mango,Neelam,Medium,20
Mango,Neelam,Small,20
Mango,Other,FAQ,20
Mango,Other,Grade A,20
Mango,Other,Grade Range-1,20
Mango,Other,Large,20
Mango,Other,Local,20
Mango,Other,Medium,20
Mango,Other,Ref grade-1,20
Mango,Other,Small,20
Mango,Raspuri,FAQ,20
Mango,Raspuri,Large,20
Mango,Raspuri,Local,20
Mango,Raspuri,Medium,20
Mango,Raspuri,Small,20
Mango,Safeda,FAQ,20
Mango,Safeda,Large,20
Mango,Safeda,Local,20
Mango,Safeda,Medium,20
Mango,Safeda,Small,20
Mango,Saroli,Large,20
Mango,Surkha,Large,20
Mango,Surkha,Medium,20
Mango,Totapuri,FAQ,20
Mango,Totapuri,Grade A,20
Mango,Totapuri,Grade Range-1,20
Mango,Totapuri,Large,20
Mango,Totapuri,Local,20
Mango,Totapuri,Medium,20
Mango,Totapuri,Ref grade-1,20
Mango,Totapuri,Small,20
Mango (Raw-Ripe),Mango - Raw-Ripe,FAQ,172
Mango (Raw-Ripe),Mango - Raw-Ripe,Grade A,172
Mango (Raw-Ripe),Mango - Raw-Ripe,Grade B,172
Mango (Raw-Ripe),Mango - Raw-Ripe,Large,172
Mango (Raw-Ripe),Mango - Raw-Ripe,Local,172
Mango (Raw-Ripe),Mango - Raw-Ripe,Medium,172
Mango (Raw-Ripe),Other,FAQ,172
Mango (Raw-Ripe),Other,Grade A,172
Mango (Raw-Ripe),Other,Large,172
Mango (Raw-Ripe),Other,Local,172
Mango (Raw-Ripe),Other,Medium,172
Maragensu,Maragenasu,FAQ,225
Marasebu,Marasebu,FAQ,181
Marasebu,Marasebu,Large,181
Marasebu,Marasebu,Medium,181
Marasebu,Marasebu,Ref grade-1,181
Marasebu,Other,Large,181
Marasebu,Other,Medium,181
Marget,Marget,FAQ,407
Marget,Other,FAQ,407
Marigold (Calcutta),Marigold (Calcutta),FAQ,235
Marigold (Calcutta),Marigold (Calcutta),Grade Range-1,235
Marigold (Calcutta),Marigold (Calcutta),Local,235
Marigold (Calcutta),Other,FAQ,235
Marigold (Calcutta),Other,Local,235
Marigold (Calcutta),Other,Medium,235
Marigold (Calcutta),Other,Ref grade-1,235
Marigold (loose),Marigold (Loose),FAQ,405
Marigold (loose),Marigold (Loose),Grade Range-1,405
Marigold (loose),Other,FAQ,405
Mashrooms,Mashrooms,FAQ,340
Mashrooms,Mashrooms,Grade A,340
Mashrooms,Mashrooms,Grade B,340
Mashrooms,Mashrooms,Local,340
Mashrooms,Mashrooms,Medium,340
Mashrooms,Mashrooms,Small,340
Mashrooms,Other,FAQ,340
Mashrooms,Other,Grade B,340
Mashrooms,Other,Medium,340
Masur Dal,Kala Masoor New,FAQ,259
Masur Dal,Masoor Gola,FAQ,259
Masur Dal,Masoor Gola,Local,259
Masur Dal,Masur Dal,FAQ,259
Masur Dal,Masur Dal,Grade Range-2,259
Masur Dal,Masur Dal,Local,259
Masur Dal,Other,FAQ,259
Masur Dal,Other,Local,259
Mataki,Mataki (W),FAQ,93
Mataki,Mataki (W),Local,93
Mataki,Mataki (W),Medium,93
Mataki,Mataki (W),Ref grade-1,93
Mataki,Mataki (W),Small,93
Mataki,Other,FAQ,93
Mataki,Other,Local,93
Methi (Leaves),Fenugreek-Organic,FAQ,46
Methi (Leaves),Fenugreek-Organic,Local,46
Methi (Leaves),Fenugreek-Organic,Medium,46
Methi (Leaves),Methi,FAQ,46
Methi (Leaves),Methi,Grade A,46
Methi (Leaves),Methi,Grade B,46
Methi (Leaves),Methi,Local,46
Methi (Leaves),Methi,Medium,46
Methi (Leaves),Methi,Small,46
Methi (Leaves),Other,FAQ,46
Methi (Leaves),Other,Grade A,46
Methi (Leaves),Other,Grade B,46
Methi (Leaves),Other,Grade C,46
Methi (Leaves),Other,Local,46
Methi (Leaves),Other,Medium,46
Methi Seeds,Best,FAQ,47
Methi Seeds,Chalu,FAQ,47
Methi Seeds,Fenugreek seed -Organic,FAQ,47
Methi Seeds,Medium,FAQ,47
Methi Seeds,Methiseeds,FAQ,47
Methi Seeds,Methiseeds,Local,47
Methi Seeds,Methiseeds,Ref grade-1,47
Methi Seeds,Methiseeds,Ref grade-2,47
Methi Seeds,Other,FAQ,47
Methi Seeds,Other,Local,47
Millets,Millets,FAQ,237
Millets,Millets,Local,237
Millets,Other,FAQ,237
Mint (Pudina),Mint (Pudina),FAQ,360
Mint (Pudina),Mint (Pudina),Grade C,360
Mint (Pudina),Mint (Pudina),Local,360
Mint (Pudina),Mint (Pudina),Medium,360
Mint (Pudina),Other,FAQ,360
Mint (Pudina),Other,Local,360
Mint (Pudina),Other,Medium,360
Moath Dal,Moath (W),FAQ,95
Moath Dal,Moath (W),FAQ,258
Moath Dal,Moath Dal,FAQ,95
Moath Dal,Moath Dal,FAQ,258
Moath Dal,Moath Dal,Ref grade-1,258
Moath Dal,Other,FAQ,95
Moath Dal,Other,FAQ,258
Mousambi (Sweet Lime),Mosambi-Organic,Large,77
Mousambi (Sweet Lime),Mosambi-Organic,Local,77
Mousambi (Sweet Lime),Mosambi-Organic,Medium,77
Mousambi (Sweet Lime),Mosambi-Organic,Small,77
Mousambi (Sweet Lime),Mousambi,FAQ,77
Mousambi (Sweet Lime),Mousambi,Grade A,77
Mousambi (Sweet Lime),Mousambi,Grade B,77
Mousambi (Sweet Lime),Mousambi,Grade C,77
Mousambi (Sweet Lime),Mousambi,Grade Range-1,77
Mousambi (Sweet Lime),Mousambi,Large,77
Mousambi (Sweet Lime),Mousambi,Local,77
Mousambi (Sweet Lime),Mousambi,Medium,77
Mousambi (Sweet Lime),Mousambi,Ref grade-1,77
Mousambi (Sweet Lime),Mousambi,Ref grade-2,77
Mousambi (Sweet Lime),Mousambi,Small,77
Mousambi (Sweet Lime),Other,Grade A,77
Mousambi (Sweet Lime),Other,Grade B,77
Mousambi (Sweet Lime),Other,Grade C,77
Mousambi (Sweet Lime),Other,Large,77
Mousambi (Sweet Lime),Other,Local,77
Mousambi (Sweet Lime),Other,Medium,77
Mousambi (Sweet Lime),Other,Small,77
Mousambi (Sweet Lime),Sweet Lime-Organic,Large,77
Mousambi (Sweet Lime),Sweet Lime-Organic,Medium,77
Muesli,Muesli,FAQ,446
Muesli,Safed Musli,FAQ,446
Muleti,Mulethi-Organic,FAQ,428
Muleti,Mulethi-Organic,Local,428
Muleti,Muleti,FAQ,428
Mustard,Big 100 Kg,FAQ,12
Mustard,Big 100 Kg,Grade Range-2,12
Mustard,Big 100 Kg,Local,12
Mustard,Big 100 Kg,Non-FAQ,12
Mustard,Laha (Sarsib),FAQ,12
Mustard,Lohi Black,FAQ,12
Mustard,Lohi Black,Non-FAQ,12
Mustard,Mustard,FAQ,12
Mustard,Mustard,Grade Range-1,12
Mustard,Mustard,Grade Range-2,12
Mustard,Mustard,Local,12
Mustard,Mustard,Medium,12
Mustard,Mustard,Non-FAQ,12
Mustard,Mustard-Organic,FAQ,12
Mustard,Mustard-Organic,Non-FAQ,12
Mustard,Other,FAQ,12
Mustard,Other,Grade Range-1,12
Mustard,Other,Large,12
Mustard,Other,Local,12
Mustard,Other,Non-FAQ,12
Mustard,Other,Ref grade-1,12
Mustard,Other,Ref grade-2,12
Mustard,RLM-619,FAQ,12
Mustard,Rai UP,FAQ,12
Mustard,Rai UP,Non-FAQ,12
Mustard,Sarson (Black),FAQ,12
Mustard,Sarson (Black),Grade Range-1,12
Mustard,Sarson (Black),Local,12
Mustard,Sarson (Black),Non-FAQ,12
Mustard,Small 100 Kg,FAQ,12
Mustard,Tiria,FAQ,12
Mustard,Yellow (Black),FAQ,12
Mustard,Yellow (Black),Grade Range-1,12
Mustard,Yellow (Black),Local,12
Mustard,Yellow (Black),Non-FAQ,12
Mustard Oil,Mustard Oil,FAQ,324
Mustard Oil,Mustard Oil,Grade Range-3,324
Mustard Oil,Other,FAQ,324
Myrobolan (Harad),Myrobolan,FAQ,142
Myrobolan (Harad),Other,FAQ,142
Neem Seed,Neem,FAQ,126
Neem Seed,Neem Seed,FAQ,126
Neem Seed,Neem Seed,Local,126
Neem Seed,Neem Seed,Medium,126
Neem Seed,Neem Seed,Ref grade-1,126
Neem Seed,Neem Seed,Small,126
Neem Seed,Neem Seeds-Organic,FAQ,126
Neem Seed,Neem leaves,FAQ,126
Neem Seed,Other,FAQ,126
Neem Seed,Other,Local,126
Neem Seed,Other,Medium,126
Niger Seed (Ramtil),Niger Seed,FAQ,98
Niger Seed (Ramtil),Niger Seed,Local,98
Niger Seed (Ramtil),Niger Seed,Medium,98
Niger Seed (Ramtil),Niger Seed,Non-FAQ,98
Niger Seed (Ramtil),Niger Seed,Small,98
Niger Seed (Ramtil),Other,FAQ,98
Niger Seed (Ramtil),Other,Non-FAQ,98
Niger Seed (Ramtil),Ramatilli,FAQ,98
Niger Seed (Ramtil),Ramatilli,Non-FAQ,98
Nutmeg,Nutmeg,FAQ,106
Nutmeg,Other,FAQ,106
Nutmeg,Other,Grade Range-1,106
Onion,1st Sort,FAQ,23
Onion,1st Sort,Grade A,23
Onion,1st Sort,Grade B,23
Onion,1st Sort,Large,23
Onion,1st Sort,Local,23
Onion,1st Sort,Medium,23
Onion,1st Sort,Non-FAQ,23
Onion,1st Sort,Small,23
Onion,2nd Sort,FAQ,23
Onion,2nd Sort,Large,23
Onion,2nd Sort,Local,23
Onion,2nd Sort,Medium,23
Onion,2nd Sort,Non-FAQ,23
Onion,2nd Sort,Small,23
Onion,Bangalore-Samall,FAQ,23
Onion,Bangalore-Samall,Ref grade-1,23
Onion,Bangalore-Samall,Small,23
Onion,Beelary-Red,FAQ,23
Onion,Beelary-Red,Local,23
Onion,Beelary-Red,Ref grade-1,23
Onion,Bellary,FAQ,23
Onion,Bellary,Local,23
Onion,Bellary,Non-FAQ,23
Onion,Big,FAQ,23
Onion,Big,Grade A,23
Onion,Big,Grade Range-1,23
Onion,Big,Large,23
Onion,Big,Local,23
Onion,Big,Medium,23
Onion,Big,Non-FAQ,23
Onion,Bombay (U.P.),FAQ,23
Onion,Bombay (U.P.),Medium,23
Onion,Bombay (U.P.),Ref grade-1,23
Onion,Dry F.A.Q.,FAQ,23
Onion,Dry F.A.Q.,Non-FAQ,23
Onion,Hybrid,FAQ,23
Onion,Hybrid,Local,23
Onion,Hybrid,Medium,23
Onion,Hybrid,Non-FAQ,23
Onion,Local,FAQ,23
Onion,Local,Grade A,23
Onion,Local,Grade B,23
Onion,Local,Local,23
Onion,Local,Medium,23
Onion,Local,Non-FAQ,23
Onion,Local,Ref grade-1,23
Onion,Local,Ref grade-2,23
Onion,Local,Small,23
Onion,Medium,FAQ,23
Onion,Medium,Grade B,23
Onion,Medium,Grade Range-1,23
Onion,Medium,Local,23
Onion,Medium,Medium,23
Onion,Medium,Non-FAQ,23
Onion,Nasik,FAQ,23
Onion,Nasik,Grade A,23
Onion,Nasik,Grade C,23
Onion,Nasik,Grade Range-3,23
Onion,Nasik,Local,23
Onion,Nasik,Medium,23
Onion,Nasik,Non-FAQ,23
Onion,New Pune,FAQ,23
Onion,Onion,FAQ,23
Onion,Onion,Grade A,23
Onion,Onion,Grade B,23
Onion,Onion,Grade C,23
Onion,Onion,Large,23
Onion,Onion,Local,23
Onion,Onion,Medium,23
Onion,Onion,Non-FAQ,23
Onion,Onion,Ref grade-1,23
Onion,Onion,Ref grade-2,23
Onion,Onion,Small,23
Onion,Onion-Organic,FAQ,23
Onion,Onion-Organic,Non-FAQ,23
Onion,Other,FAQ,23
Onion,Other,Grade A,23
Onion,Other,Grade B,23
Onion,Other,Grade C,23
Onion,Other,Grade Range-2,23
Onion,Other,Large,23
Onion,Other,Local,23
Onion,Other,Medium,23
Onion,Other,Non-FAQ,23
Onion,Other,Ref grade-1,23
Onion,Other,Ref grade-2,23
Onion,Other,Small,23
Onion,Pole,FAQ,23
Onion,Pole,Local,23
Onion,Pole,Non-FAQ,23
Onion,Puna,FAQ,23
Onion,Puna,Local,23
Onion,Puna,Medium,23
Onion,Puna,Non-FAQ,23
Onion,Puna,Ref grade-1,23
Onion,Pusa-Red,FAQ,23
Onion,Pusa-Red,Large,23
Onion,Pusa-Red,Ref grade-1,23
Onion,Red,FAQ,23
Onion,Red,Grade B,23
Onion,Red,Grade C,23
Onion,Red,Grade Range-3,23
Onion,Red,Local,23
Onion,Red,Medium,23
Onion,Red,Non-FAQ,23
Onion,Small,FAQ,23
Onion,Small,Grade B,23
Onion,Small,Grade Range-1,23
Onion,Small,Large,23
Onion,Small,Local,23
Onion,Small,Medium,23
Onion,Small,Non-FAQ,23
Onion,Small,Small,23
Onion,Small - I,FAQ,23
Onion,Telagi,FAQ,23
Onion,Telagi,Medium,23
Onion,Telagi,Ref grade-1,23
Onion,White,FAQ,23
Onion,White,Local,23
Onion,White,Medium,23
Onion,White,Non-FAQ,23
Onion Green,Onion Green,FAQ,358
Onion Green,Onion Green,Grade A,358
Onion Green,Onion Green,Grade B,358
Onion Green,Onion Green,Grade C,358
Onion Green,Onion Green,Local,358
Onion Green,Onion Green,Medium,358
Onion Green,Other,FAQ,358
Onion Green,Other,Local,358
Orange,Darjeeling,FAQ,18
Orange,Darjeeling,Grade A,18
Orange,Darjeeling,Large,18
Orange,Darjeeling,Local,18
Orange,Darjeeling,Medium,18
Orange,Darjeeling,Small,18
Orange,Medium,Grade A,18
Orange,Medium,Grade B,18
Orange,Medium,Large,18
Orange,Medium,Local,18
Orange,Medium,Medium,18
Orange,Medium,Small,18
Orange,Nagpuri,Grade A,18
Orange,Nagpuri,Grade B,18
Orange,Nagpuri,Grade C,18
Orange,Nagpuri,Large,18
Orange,Nagpuri,Medium,18
Orange,Nagpuri,Small,18
Orange,Orange,FAQ,18
Orange,Orange,Grade A,18
Orange,Orange,Grade B,18
Orange,Orange,Grade C,18
Orange,Orange,Grade Range-1,18
Orange,Orange,Large,18
Orange,Orange,Local,18
Orange,Orange,Medium,18
Orange,Orange,Ref grade-1,18
Orange,Orange,Ref grade-2,18
Orange,Orange,Small,18
Orange,Other,FAQ,18
Orange,Other,Grade A,18
Orange,Other,Grade B,18
Orange,Other,Grade C,18
Orange,Other,Grade Range-1,18
Orange,Other,Grade Range-2,18
Orange,Other,Large,18
Orange,Other,Local,18
Orange,Other,Medium,18
Orange,Other,Small,18
Orchid,Other,FAQ,381
Other Pulses,Other,FAQ,97
Other green and fresh vegetables,Other,FAQ,420
Other green and fresh vegetables,Other green and fresh vegetables,FAQ,420
Other green and fresh vegetables,Other green and fresh vegetables-Organic,FAQ,420
Ox,Other,FAQ,213
Ox,Other,Local,213
Ox,Ox,FAQ,213
Ox,Ox,Local,213
Ox,Ox,Medium,213
Ox,Ox,Ref grade-1,213
Paddy (Basmati),1121,FAQ,414
Paddy (Basmati),1121,Grade Range-1,414
Paddy (Basmati),1121,Grade Range-2,414
Paddy (Basmati),1121,Local,414
Paddy (Basmati),1121,Non-FAQ,414
Paddy (Basmati),Basmati,FAQ,414
Paddy (Basmati),Basmati,Local,414
Paddy (Basmati),Basmati,Non-FAQ,414
Paddy (Basmati),Basmati 1509,FAQ,414
Paddy (Basmati),Basmati 1509,Grade Range-1,414
Paddy (Basmati),Basmati 1509,Grade Range-2,414
Paddy (Basmati),Basmati 1509,Local,414
Paddy (Basmati),Basmati 1509,Non-FAQ,414
Paddy (Basmati),Other,Local,414
Paddy (Basmati),Other,Non-FAQ,414
Paddy (Basmati),Sugandha,FAQ,414
Paddy (Basmati),SuperFine (Basmati),FAQ,414
Paddy (Basmati),SuperFine (Basmati),Local,414
Paddy (Common),1001,FAQ,2
Paddy (Common),1001,Grade Range-2,2
Paddy (Common),1001,Local,2
Paddy (Common),1001,Non-FAQ,2
Paddy (Common),1121,FAQ,2
Paddy (Common),1121,Non-FAQ,2
Paddy (Common),ADT 37,Local,2
Paddy (Common),B P T,FAQ,2
Paddy (Common),B P T,Grade Range-1,2
Paddy (Common),B P T,Local,2
Paddy (Common),B P T,Non-FAQ,2
Paddy (Common),Basmati,FAQ,2
Paddy (Common),Basmati,Grade Range-2,2
Paddy (Common),Basmati,Non-FAQ,2
Paddy (Common),Basmati 1509,FAQ,2
Paddy (Common),Basmati 1509,Grade Range-2,2
Paddy (Common),Basmati 1509,Non-FAQ,2
Paddy (Common),Common,FAQ,2
Paddy (Common),Common,Grade Range-2,2
Paddy (Common),Common,Local,2
Paddy (Common),Common,Non-FAQ,2
Paddy (Common),D.B.,FAQ,2
Paddy (Common),D.B.,Local,2
Paddy (Common),D.B.,Non-FAQ,2
Paddy (Common),DP,Grade Range-2,2
Paddy (Common),Dhan,FAQ,2
Paddy (Common),Dhan,Non-FAQ,2
Paddy (Common),Fine,FAQ,2
Paddy (Common),G. R. 11,Local,2
Paddy (Common),HMT,FAQ,2
Paddy (Common),HMT,Grade Range-1,2
Paddy (Common),HMT,Local,2
Paddy (Common),HMT,Non-FAQ,2
Paddy (Common),Hansa,Local,2
Paddy (Common),Hansa,Non-FAQ,2
Paddy (Common),I.R. 36,FAQ,2
Paddy (Common),I.R. 36,Grade Range-1,2
Paddy (Common),I.R. 36,Non-FAQ,2
Paddy (Common),I.R. 64,FAQ,2
Paddy (Common),I.R. 64,Local,2
Paddy (Common),I.R. 64,Non-FAQ,2
Paddy (Common),I.R. 8,FAQ,2
Paddy (Common),I.R.-64,FAQ,2
Paddy (Common),I.R.-64,Grade Range-1,2
Paddy (Common),I.R.-64,Local,2
Paddy (Common),I.R.-64,Non-FAQ,2
Paddy (Common),Jaya,Local,2
Paddy (Common),Jeerashankar,FAQ,2
Paddy (Common),Kaalimoonch,FAQ,2
Paddy (Common),Kranti,FAQ,2
Paddy (Common),Kranti,Non-FAQ,2
Paddy (Common),MTU-1001,Non-FAQ,2
Paddy (Common),MTU-1008,Non-FAQ,2
Paddy (Common),MTU-1010,FAQ,2
Paddy (Common),MTU-1010,Local,2
Paddy (Common),MTU-1010,Non-FAQ,2
Paddy (Common),Masuri,Local,2
Paddy (Common),Other,FAQ,2
Paddy (Common),Other,Grade Range-2,2
Paddy (Common),Other,Local,2
Paddy (Common),Other,Non-FAQ,2
Paddy (Common),Paddy,FAQ,2
Paddy (Common),Paddy,Grade Range-1,2
Paddy (Common),Paddy,Grade Range-2,2
Paddy (Common),Paddy,Local,2
Paddy (Common),Paddy,Non-FAQ,2
Paddy (Common),Paddy Coarse,FAQ,2
Paddy (Common),Paddy Coarse,Local,2
Paddy (Common),Paddy Coarse,Non-FAQ,2
Paddy (Common),Paddy Dappa,Grade Range-1,2
Paddy (Common),Paddy Dappa,Non-FAQ,2
Paddy (Common),Paddy Jyoti,FAQ,2
Paddy (Common),Paddy Jyoti,Local,2
Paddy (Common),Paddy Malnad gidda,FAQ,2
Paddy (Common),Paddy Malnad gidda,Local,2
Paddy (Common),Paddy Medium,FAQ,2
Paddy (Common),Paddy Medium,Local,2
Paddy (Common),Paddy fine,FAQ,2
Paddy (Common),Paddy fine,Local,2
Paddy (Common),Paddy fine,Non-FAQ,2
Paddy (Common),Paddy-Organic,FAQ,2
Paddy (Common),Padma,Local,2
Paddy (Common),Ponni,FAQ,2
Paddy (Common),Ponni,Local,2
Paddy (Common),Puspa (MR 301),FAQ,2
Paddy (Common),Puspa (MR 301),Non-FAQ,2
Paddy (Common),Rajahamsa,Grade Range-1,2
Paddy (Common),Red,FAQ,2
Paddy (Common),Samba Masuri,FAQ,2
Paddy (Common),Samba Masuri,Grade Range-1,2
Paddy (Common),Samba Masuri,Local,2
Paddy (Common),Samba Masuri,Non-FAQ,2
Paddy (Common),Sarvati,FAQ,2
Paddy (Common),Sarvati,Non-FAQ,2
Paddy (Common),Sinna Ponni,FAQ,2
Paddy (Common),Sona,Local,2
Paddy (Common),Sona,Non-FAQ,2
Paddy (Common),Sona Mahsuri,FAQ,2
Paddy (Common),Sona Mahsuri,Grade Range-1,2
Paddy (Common),Sona Mahsuri,Grade Range-2,2
Paddy (Common),Sona Mahsuri,Local,2
Paddy (Common),Sugandha,FAQ,2
Paddy (Common),Sugandha,Non-FAQ,2
Paddy (Common),Super Ponni,FAQ,2
Paddy (Common),Swarna Masuri (New),FAQ,2
Paddy (Common),Swarna Masuri (New),Non-FAQ,2
Paddy (Common),Swarna Masuri (OLD),Local,2
Paddy (Common),White Ponni,FAQ,2
Paddy (Dhan)(Basmati),1121,FAQ,414
Paddy (Dhan)(Basmati),1121,Non-FAQ,414
Paddy (Dhan)(Basmati),Basmati 1509,FAQ,414
Paddy (Dhan)(Basmati),Basmati 1509,Non-FAQ,414
Paddy (Dhan)(Basmati),Basumathi,FAQ,414
Paddy (Dhan)(Basmati),Basumathi,Non-FAQ,414
Paddy (Dhan)(Basmati),Other,FAQ,414
Paddy (Dhan)(Basmati),Sugandha,FAQ,414
Paddy (Dhan)(Basmati),Sugandha,Non-FAQ,414
Paddy (Dhan)(Basmati),SuperFine (Basmati),FAQ,414
Paddy (Dhan)(Basmati),SuperFine (Basmati),Non-FAQ,414
Paddy (Dhan)(Common),1001,FAQ,2
Paddy (Dhan)(Common),1001,Large,2
Paddy (Dhan)(Common),1001,Local,2
Paddy (Dhan)(Common),1001,Medium,2
Paddy (Dhan)(Common),1001,Non-FAQ,2
Paddy (Dhan)(Common),1001,Ref grade-1,2
Paddy (Dhan)(Common),1001,Small,2
Paddy (Dhan)(Common),1121,FAQ,2
Paddy (Dhan)(Common),1121,Non-FAQ,2
Paddy (Dhan)(Common),5001,FAQ,2
Paddy (Dhan)(Common),930,FAQ,2
Paddy (Dhan)(Common),A. Ponni,FAQ,2
Paddy (Dhan)(Common),A. Ponni,Local,2
Paddy (Dhan)(Common),A. Ponni,Medium,2
Paddy (Dhan)(Common),A. Ponni,Non-FAQ,2
Paddy (Dhan)(Common),ADT 36,FAQ,2
Paddy (Dhan)(Common),ADT 36,Local,2
Paddy (Dhan)(Common),ADT 37,FAQ,2
Paddy (Dhan)(Common),ADT 37,Local,2
Paddy (Dhan)(Common),ADT 37,Medium,2
Paddy (Dhan)(Common),ADT 37,Non-FAQ,2
Paddy (Dhan)(Common),ADT 38,FAQ,2
Paddy (Dhan)(Common),ADT 39,FAQ,2
Paddy (Dhan)(Common),ADT 39,Local,2
Paddy (Dhan)(Common),ADT 42,FAQ,2
Paddy (Dhan)(Common),ADT 42,Medium,2
Paddy (Dhan)(Common),ADT 43,FAQ,2
Paddy (Dhan)(Common),ADT 43,Local,2
Paddy (Dhan)(Common),AST 16,FAQ,2
Paddy (Dhan)(Common),AST 16,Local,2
Paddy (Dhan)(Common),AST 16,Non-FAQ,2
Paddy (Dhan)(Common),AST 17,FAQ,2
Paddy (Dhan)(Common),AST 18,Medium,2
Paddy (Dhan)(Common),AST 19,FAQ,2
Paddy (Dhan)(Common),AST 20,FAQ,2
Paddy (Dhan)(Common),Akkullu,FAQ,2
Paddy (Dhan)(Common),B P T,FAQ,2
Paddy (Dhan)(Common),B P T,Large,2
Paddy (Dhan)(Common),B P T,Local,2
Paddy (Dhan)(Common),B P T,Medium,2
Paddy (Dhan)(Common),B P T,Non-FAQ,2
Paddy (Dhan)(Common),B P T,Small,2
Paddy (Dhan)(Common),B. T.,FAQ,2
Paddy (Dhan)(Common),Bangarasanna,FAQ,2
Paddy (Dhan)(Common),Basangi,FAQ,2
Paddy (Dhan)(Common),Basmati 1509,FAQ,2
Paddy (Dhan)(Common),Basmati 1509,Local,2
Paddy (Dhan)(Common),Basmati 1509,Non-FAQ,2
Paddy (Dhan)(Common),Basumathi,FAQ,2
Paddy (Dhan)(Common),Basumathi,Non-FAQ,2
Paddy (Dhan)(Common),Byra (Red Rice),FAQ,2
Paddy (Dhan)(Common),C.O. 2,FAQ,2
Paddy (Dhan)(Common),C.O. 29,FAQ,2
Paddy (Dhan)(Common),Champakali,FAQ,2
Paddy (Dhan)(Common),China Sanna,FAQ,2
Paddy (Dhan)(Common),Chitti Muthyalu,FAQ,2
Paddy (Dhan)(Common),Co. 34,FAQ,2
Paddy (Dhan)(Common),Co. 42,FAQ,2
Paddy (Dhan)(Common),Co. 43,FAQ,2
Paddy (Dhan)(Common),Common,FAQ,2
Paddy (Dhan)(Common),Common,Local,2
Paddy (Dhan)(Common),Common,Non-FAQ,2
Paddy (Dhan)(Common),Culture,FAQ,2
Paddy (Dhan)(Common),Culture,Medium,2
Paddy (Dhan)(Common),Culture,Non-FAQ,2
Paddy (Dhan)(Common),D.B.,FAQ,2
Paddy (Dhan)(Common),D.B.,Local,2
Paddy (Dhan)(Common),D.B.,Non-FAQ,2
Paddy (Dhan)(Common),DP,FAQ,2
Paddy (Dhan)(Common),Dhan,FAQ,2
Paddy (Dhan)(Common),Dhan,Non-FAQ,2
Paddy (Dhan)(Common),Dubaraj,FAQ,2
Paddy (Dhan)(Common),ES 18,FAQ,2
Paddy (Dhan)(Common),Erra Mallelu,FAQ,2
Paddy (Dhan)(Common),Fine,FAQ,2
Paddy (Dhan)(Common),Fine,Local,2
Paddy (Dhan)(Common),Fine,Non-FAQ,2
Paddy (Dhan)(Common),G. R. 11,FAQ,2
Paddy (Dhan)(Common),G. R. 11,Non-FAQ,2
Paddy (Dhan)(Common),HMT,FAQ,2
Paddy (Dhan)(Common),HMT,Local,2
Paddy (Dhan)(Common),HMT,Non-FAQ,2
Paddy (Dhan)(Common),Hansa,FAQ,2
Paddy (Dhan)(Common),Hansa,Large,2
Paddy (Dhan)(Common),Hansa,Medium,2
Paddy (Dhan)(Common),Hansa,Non-FAQ,2
Paddy (Dhan)(Common),Hansa,Small,2
Paddy (Dhan)(Common),Hassan Dappa,FAQ,2
Paddy (Dhan)(Common),Hassan Dappa,Local,2
Paddy (Dhan)(Common),Hassan Dappa,Medium,2
Paddy (Dhan)(Common),I.R. 20,FAQ,2
Paddy (Dhan)(Common),I.R. 20,Large,2
Paddy (Dhan)(Common),I.R. 36,FAQ,2
Paddy (Dhan)(Common),I.R. 36,Large,2
Paddy (Dhan)(Common),I.R. 36,Local,2
Paddy (Dhan)(Common),I.R. 36,Medium,2
Paddy (Dhan)(Common),I.R. 36,Non-FAQ,2
Paddy (Dhan)(Common),I.R. 43,Medium,2
Paddy (Dhan)(Common),I.R. 49,FAQ,2
Paddy (Dhan)(Common),I.R. 50,FAQ,2
Paddy (Dhan)(Common),I.R. 64,FAQ,2
Paddy (Dhan)(Common),I.R. 64,Large,2
Paddy (Dhan)(Common),I.R. 64,Local,2
Paddy (Dhan)(Common),I.R. 64,Medium,2
Paddy (Dhan)(Common),I.R. 64,Non-FAQ,2
Paddy (Dhan)(Common),I.R. 64,Small,2
Paddy (Dhan)(Common),I.R. 8,FAQ,2
Paddy (Dhan)(Common),I.R. 8,Large,2
Paddy (Dhan)(Common),I.R. 8,Medium,2
Paddy (Dhan)(Common),I.R.-64,FAQ,2
Paddy (Dhan)(Common),I.R.-64,Large,2
Paddy (Dhan)(Common),I.R.-64,Local,2
Paddy (Dhan)(Common),I.R.-64,Medium,2
Paddy (Dhan)(Common),I.R.-64,Non-FAQ,2
Paddy (Dhan)(Common),I.R.-64,Small,2
Paddy (Dhan)(Common),IET 1444,FAQ,2
Paddy (Dhan)(Common),J 13,Non-FAQ,2
Paddy (Dhan)(Common),Jaganath,Large,2
Paddy (Dhan)(Common),Jawahar,FAQ,2
Paddy (Dhan)(Common),Jaya,FAQ,2
Paddy (Dhan)(Common),Jeerashankar,FAQ,2
Paddy (Dhan)(Common),Kaalimoonch,FAQ,2
Paddy (Dhan)(Common),Kaalimoonch,Non-FAQ,2
Paddy (Dhan)(Common),Karekagga,FAQ,2
Paddy (Dhan)(Common),Kichadi,FAQ,2
Paddy (Dhan)(Common),Kranti,FAQ,2
Paddy (Dhan)(Common),Kranti,Non-FAQ,2
Paddy (Dhan)(Common),Kshatriya,FAQ,2
Paddy (Dhan)(Common),Kshatriya,Non-FAQ,2
Paddy (Dhan)(Common),MTU-1001,FAQ,2
Paddy (Dhan)(Common),MTU-1001,Large,2
Paddy (Dhan)(Common),MTU-1001,Local,2
Paddy (Dhan)(Common),MTU-1001,Medium,2
Paddy (Dhan)(Common),MTU-1001,Non-FAQ,2
Paddy (Dhan)(Common),MTU-1001,Small,2
Paddy (Dhan)(Common),MTU-1008,FAQ,2
Paddy (Dhan)(Common),MTU-1008,Large,2
Paddy (Dhan)(Common),MTU-1008,Local,2
Paddy (Dhan)(Common),MTU-1008,Medium,2
Paddy (Dhan)(Common),MTU-1008,Non-FAQ,2
Paddy (Dhan)(Common),MTU-1010,FAQ,2
Paddy (Dhan)(Common),MTU-1010,Large,2
Paddy (Dhan)(Common),MTU-1010,Local,2
Paddy (Dhan)(Common),MTU-1010,Medium,2
Paddy (Dhan)(Common),MTU-1010,Non-FAQ,2
Paddy (Dhan)(Common),MTU-1010,Small,2
Paddy (Dhan)(Common),MTU-2077,Medium,2
Paddy (Dhan)(Common),Madurai,Local,2
Paddy (Dhan)(Common),Mangala (MR 272),FAQ,2
Paddy (Dhan)(Common),Mangala (MR 272),Medium,2
Paddy (Dhan)(Common),Masuri,FAQ,2
Paddy (Dhan)(Common),Masuri,Medium,2
Paddy (Dhan)(Common),NO. 2716,FAQ,2
Paddy (Dhan)(Common),NO. 4 - 14,FAQ,2
Paddy (Dhan)(Common),Nellore Sanna,FAQ,2
Paddy (Dhan)(Common),Other,FAQ,2
Paddy (Dhan)(Common),Other,Large,2
Paddy (Dhan)(Common),Other,Local,2
Paddy (Dhan)(Common),Other,Medium,2
Paddy (Dhan)(Common),Other,Non-FAQ,2
Paddy (Dhan)(Common),Other,Small,2
Paddy (Dhan)(Common),PY. 01,FAQ,2
Paddy (Dhan)(Common),PY. 01,Medium,2
Paddy (Dhan)(Common),Paddy,FAQ,2
Paddy (Dhan)(Common),Paddy,Large,2
Paddy (Dhan)(Common),Paddy,Local,2
Paddy (Dhan)(Common),Paddy,Medium,2
Paddy (Dhan)(Common),Paddy,Non-FAQ,2
Paddy (Dhan)(Common),Paddy,Ref grade-1,2
Paddy (Dhan)(Common),Paddy,Ref grade-2,2
Paddy (Dhan)(Common),Paddy Coarse,FAQ,2
Paddy (Dhan)(Common),Paddy Coarse,Local,2
Paddy (Dhan)(Common),Paddy Coarse,Medium,2
Paddy (Dhan)(Common),Paddy Coarse,Non-FAQ,2
Paddy (Dhan)(Common),Paddy Coarse,Ref grade-1,2
Paddy (Dhan)(Common),Paddy Dappa,FAQ,2
Paddy (Dhan)(Common),Paddy Dappa,Large,2
Paddy (Dhan)(Common),Paddy Dappa,Local,2
Paddy (Dhan)(Common),Paddy Dappa,Medium,2
Paddy (Dhan)(Common),Paddy Dappa,Ref grade-1,2
Paddy (Dhan)(Common),Paddy Dappa,Ref grade-2,2
Paddy (Dhan)(Common),Paddy Dappa,Small,2
Paddy (Dhan)(Common),Paddy Jyoti,FAQ,2
Paddy (Dhan)(Common),Paddy Jyoti,Local,2
Paddy (Dhan)(Common),Paddy Kaddi,FAQ,2
Paddy (Dhan)(Common),Paddy Malnad gidda,FAQ,2
Paddy (Dhan)(Common),Paddy Medium,FAQ,2
Paddy (Dhan)(Common),Paddy Medium,Local,2
Paddy (Dhan)(Common),Paddy Medium,Medium,2
Paddy (Dhan)(Common),Paddy Medium,Non-FAQ,2
Paddy (Dhan)(Common),Paddy Medium,Ref grade-1,2
Paddy (Dhan)(Common),Paddy Medium,Ref grade-2,2
Paddy (Dhan)(Common),Paddy Sirla,FAQ,2
Paddy (Dhan)(Common),Paddy emerigency,Local,2
Paddy (Dhan)(Common),Paddy emerigency,Non-FAQ,2
Paddy (Dhan)(Common),Paddy fine,FAQ,2
Paddy (Dhan)(Common),Paddy fine,Local,2
Paddy (Dhan)(Common),Paddy fine,Medium,2
Paddy (Dhan)(Common),Paddy fine,Non-FAQ,2
Paddy (Dhan)(Common),Paddy fine,Ref grade-1,2
Paddy (Dhan)(Common),Paddy fine,Ref grade-2,2
Paddy (Dhan)(Common),Paddy-Organic,FAQ,2
Paddy (Dhan)(Common),Paddy-Organic,Non-FAQ,2
Paddy (Dhan)(Common),Papatla,FAQ,2
Paddy (Dhan)(Common),Papatla,Non-FAQ,2
Paddy (Dhan)(Common),Pommani,FAQ,2
Paddy (Dhan)(Common),Pommani,Local,2
Paddy (Dhan)(Common),Ponni,FAQ,2
Paddy (Dhan)(Common),Ponni,Local,2
Paddy (Dhan)(Common),Ponni,Non-FAQ,2
Paddy (Dhan)(Common),Puspa (MR 301),FAQ,2
Paddy (Dhan)(Common),Puspa (MR 301),Non-FAQ,2
Paddy (Dhan)(Common),R.P. 4 - 14,FAQ,2
Paddy (Dhan)(Common),Rajahamsa,FAQ,2
Paddy (Dhan)(Common),Rajbhog,FAQ,2
Paddy (Dhan)(Common),Rasi,FAQ,2
Paddy (Dhan)(Common),Ratna,FAQ,2
Paddy (Dhan)(Common),Red,FAQ,2
Paddy (Dhan)(Common),Red,Non-FAQ,2
Paddy (Dhan)(Common),S. I. O. 19,Medium,2
Paddy (Dhan)(Common),Sabnam,FAQ,2
Paddy (Dhan)(Common),Samba Masuri,FAQ,2
Paddy (Dhan)(Common),Samba Masuri,Large,2
Paddy (Dhan)(Common),Samba Masuri,Local,2
Paddy (Dhan)(Common),Samba Masuri,Medium,2
Paddy (Dhan)(Common),Samba Masuri,Non-FAQ,2
Paddy (Dhan)(Common),Samba Masuri,Small,2
Paddy (Dhan)(Common),Sanna Anekal,FAQ,2
Paddy (Dhan)(Common),Sanna Bhatta,FAQ,2
Paddy (Dhan)(Common),Sarvati,FAQ,2
Paddy (Dhan)(Common),Sarvati,Non-FAQ,2
Paddy (Dhan)(Common),Sinna Ponni,FAQ,2
Paddy (Dhan)(Common),Sona,FAQ,2
Paddy (Dhan)(Common),Sona,Local,2
Paddy (Dhan)(Common),Sona,Medium,2
Paddy (Dhan)(Common),Sona,Non-FAQ,2
Paddy (Dhan)(Common),Sona,Ref grade-1,2
Paddy (Dhan)(Common),Sona,Ref grade-2,2
Paddy (Dhan)(Common),Sona,Small,2
Paddy (Dhan)(Common),Sona Mahsuri,FAQ,2
Paddy (Dhan)(Common),Sona Mahsuri,Local,2
Paddy (Dhan)(Common),Sona Mahsuri,Medium,2
Paddy (Dhan)(Common),Sona Mahsuri,Non-FAQ,2
Paddy (Dhan)(Common),Sona Mahsuri,Ref grade-1,2
Paddy (Dhan)(Common),Sona Masuri (OLD),FAQ,2
Paddy (Dhan)(Common),Sona Masuri (OLD),Medium,2
Paddy (Dhan)(Common),Sugandha,FAQ,2
Paddy (Dhan)(Common),Sugandha,Local,2
Paddy (Dhan)(Common),Sugandha,Non-FAQ,2
Paddy (Dhan)(Common),Super Ponni,FAQ,2
Paddy (Dhan)(Common),Super Ponni,Large,2
Paddy (Dhan)(Common),Super Ponni,Local,2
Paddy (Dhan)(Common),Super Ponni,Non-FAQ,2
Paddy (Dhan)(Common),SuperFine (Basmati),FAQ,2
Paddy (Dhan)(Common),Swarna Masuri (New),FAQ,2
Paddy (Dhan)(Common),Swarna Masuri (New),Local,2
Paddy (Dhan)(Common),Swarna Masuri (New),Medium,2
Paddy (Dhan)(Common),Swarna Masuri (New),Non-FAQ,2
Paddy (Dhan)(Common),Swarna Masuri (OLD),FAQ,2
Paddy (Dhan)(Common),Swarna Masuri (OLD),Local,2
Paddy (Dhan)(Common),TKM 9,FAQ,2
Paddy (Dhan)(Common),TKM 9,Local,2
Paddy (Dhan)(Common),TKM 9,Non-FAQ,2
Paddy (Dhan)(Common),TY 01,FAQ,2
Paddy (Dhan)(Common),Vijaya Masuri,FAQ,2
Paddy (Dhan)(Common),White Car,FAQ,2
Paddy (Dhan)(Common),White Car,Local,2
Paddy (Dhan)(Common),White Ponni,FAQ,2
Paddy (Dhan)(Common),White Ponni,Non-FAQ,2
Paddy (Dhan)(Common),andrasanna,FAQ,2
Palash flowers,Palash Flowers,FAQ,441
Papaya,Other,FAQ,72
Papaya,Other,Grade A,72
Papaya,Other,Grade B,72
Papaya,Other,Grade C,72
Papaya,Other,Grade Range-2,72
Papaya,Other,Large,72
Papaya,Other,Local,72
Papaya,Other,Medium,72
Papaya,Other,Small,72
Papaya,Papaya,FAQ,72
Papaya,Papaya,Grade A,72
Papaya,Papaya,Grade B,72
Papaya,Papaya,Grade C,72
Papaya,Papaya,Grade Range-1,72
Papaya,Papaya,Large,72
Papaya,Papaya,Local,72
Papaya,Papaya,Medium,72
Papaya,Papaya,Ref grade-1,72
Papaya,Papaya,Ref grade-2,72
Papaya,Papaya,Small,72
Papaya,Papaya-Organic,Local,72
Papaya,Papaya-Organic,Medium,72
Papaya (Raw),Other,FAQ,313
Papaya (Raw),Other,Grade A,313
Papaya (Raw),Other,Grade B,313
Papaya (Raw),Other,Local,313
Papaya (Raw),Other,Medium,313
Papaya (Raw),Other,Small,313
Papaya (Raw),Papaya (Raw),FAQ,313
Papaya (Raw),Papaya (Raw),Grade A,313
Papaya (Raw),Papaya (Raw),Local,313
Papaya (Raw),Papaya (Raw),Medium,313
Patti Calcutta,Other,FAQ,404
Patti Calcutta,Patti Calcutta,FAQ,404
Peach,Other,FAQ,331
Peach,Other,Large,331
Peach,Other,Local,331
Peach,Other,Medium,331
Peach,Other,Small,331
Peach,Peach,Large,331
Peach,Peach,Medium,331
Peach,Peach,Small,331
Pear (Marasebu),Other,FAQ,330
Pear (Marasebu),Other,Large,330
Pear (Marasebu),Other,Local,330
Pear (Marasebu),Other,Medium,330
Pear (Marasebu),Other,Small,330
Pear (Marasebu),Pear-Organic,Medium,330
Pear (Marasebu),Pears,Large,330
Pear (Marasebu),Pears,Local,330
Pear (Marasebu),Pears,Medium,330
Pear (Marasebu),Pears,Small,330
Peas (Dry),Other,FAQ,347
Peas (Dry),Other,Large,347
Peas (Dry),Other,Local,347
Peas (Dry),Peas (Dry),FAQ,347
Peas (Dry),Peas (Dry),Grade Range-1,347
Peas (Dry),Peas (Dry),Grade Range-2,347
Peas (Dry),Peas (Dry),Local,347
Peas Wet,Other,FAQ,174
Peas Wet,Other,Grade A,174
Peas Wet,Other,Grade B,174
Peas Wet,Other,Grade C,174
Peas Wet,Other,Local,174
Peas Wet,Other,Medium,174
Peas Wet,Peas Wet,FAQ,174
Peas Wet,Peas Wet,Grade A,174
Peas Wet,Peas Wet,Grade B,174
Peas Wet,Peas Wet,Large,174
Peas Wet,Peas Wet,Local,174
Peas Wet,Peas Wet,Medium,174
Peas Wet,Peas Wet,Ref grade-1,174
Peas Wet,Peas Wet,Ref grade-2,174
Peas Wet,Peas Wet,Small,174
Peas cod,Other,FAQ,308
Peas cod,Other,Grade A,308
Peas cod,Other,Grade B,308
Peas cod,Other,Grade C,308
Peas cod,Other,Grade Range-3,308
Peas cod,Other,Large,308
Peas cod,Other,Local,308
Peas cod,Other,Medium,308
Peas cod,Pea,FAQ,308
Peas cod,Peas cod,FAQ,308
Peas cod,Peas cod,Grade A,308
Peas cod,Peas cod,Grade B,308
Peas cod,Peas cod,Local,308
Peas cod,Peas cod,Medium,308
Pegeon Pea (Arhar Fali),Other,FAQ,301
Pegeon Pea (Arhar Fali),Other,Local,301
Pegeon Pea (Arhar Fali),Pigeon Pea (Arhar Fali),FAQ,301
Pegeon Pea (Arhar Fali),Pigeon Pea (Arhar Fali),Local,301
Pepper garbled,Other,FAQ,109
Pepper ungarbled,Other,FAQ,110
Pepper ungarbled,Other,Local,110
Persimon (Japani Fal),Other,Grade B,327
Persimon (Japani Fal),Other,Large,327
Persimon (Japani Fal),Other,Medium,327
Persimon (Japani Fal),Other,Small,327
Persimon (Japani Fal),Persimon (Japani Fal),Grade A,327
Persimon (Japani Fal),Persimon (Japani Fal),Grade B,327
Persimon (Japani Fal),Persimon (Japani Fal),Large,327
Persimon (Japani Fal),Persimon (Japani Fal),Medium,327
Persimon (Japani Fal),Persimon (Japani Fal),Small,327
Pigs,Other,FAQ,220
Pigs,Other,Local,220
Pigs,Pigs,FAQ,220
Pineapple,Other,FAQ,21
Pineapple,Other,Grade A,21
Pineapple,Other,Grade B,21
Pineapple,Other,Large,21
Pineapple,Other,Local,21
Pineapple,Other,Medium,21
Pineapple,Other,Small,21
Pineapple,Pine Apple,FAQ,21
Pineapple,Pine Apple,Grade A,21
Pineapple,Pine Apple,Grade B,21
Pineapple,Pine Apple,Grade C,21
Pineapple,Pine Apple,Grade Range-1,21
Pineapple,Pine Apple,Large,21
Pineapple,Pine Apple,Local,21
Pineapple,Pine Apple,Medium,21
Pineapple,Pine Apple,Ref grade-1,21
Pineapple,Pine Apple,Ref grade-2,21
Pineapple,Pine Apple,Small,21
Plum,Other,FAQ,329
Plum,Other,Large,329
Plum,Other,Local,329
Plum,Other,Medium,329
Plum,Other,Small,329
Plum,Plum,Grade Range-1,329
Plum,Plum,Large,329
Plum,Plum,Medium,329
Plum,Plum,Small,329
Plum,Plum-Organic,Large,329
Plum,Plum-Organic,Medium,329
Plum,Plum-Organic,Small,329
Pointed gourd (Parval),Organic,FAQ,303
Pointed gourd (Parval),Other,FAQ,303
Pointed gourd (Parval),Other,Grade A,303
Pointed gourd (Parval),Other,Grade B,303
Pointed gourd (Parval),Other,Large,303
Pointed gourd (Parval),Other,Local,303
Pointed gourd (Parval),Other,Medium,303
Pointed gourd (Parval),Other,Small,303
Pointed gourd (Parval),Pointed gourd (Parval),FAQ,303
Pointed gourd (Parval),Pointed gourd (Parval),Grade A,303
Pointed gourd (Parval),Pointed gourd (Parval),Grade B,303
Pointed gourd (Parval),Pointed gourd (Parval),Large,303
Pointed gourd (Parval),Pointed gourd (Parval),Local,303
Pointed gourd (Parval),Pointed gourd (Parval),Medium,303
Pointed gourd (Parval),Pointed gourd (Parval),Small,303
Pomegranate,Other,FAQ,190
Pomegranate,Other,Grade A,190
Pomegranate,Other,Grade B,190
Pomegranate,Other,Grade C,190
Pomegranate,Other,Large,190
Pomegranate,Other,Local,190
Pomegranate,Other,Medium,190
Pomegranate,Other,Small,190
Pomegranate,Pomogranate,FAQ,190
Pomegranate,Pomogranate,Grade A,190
Pomegranate,Pomogranate,Grade B,190
Pomegranate,Pomogranate,Grade C,190
Pomegranate,Pomogranate,Grade Range-1,190
Pomegranate,Pomogranate,Grade Range-3,190
Pomegranate,Pomogranate,Large,190
Pomegranate,Pomogranate,Local,190
Pomegranate,Pomogranate,Medium,190
Pomegranate,Pomogranate,Ref grade-1,190
Pomegranate,Pomogranate,Small,190
Potato,(Red Nanital),FAQ,24
Potato,(Red Nanital),Large,24
Potato,(Red Nanital),Local,24
Potato,(Red Nanital),Medium,24
Potato,(Red Nanital),Non-FAQ,24
Potato,Badshah,FAQ,24
Potato,Badshah,Grade B,24
Potato,Badshah,Non-FAQ,24
Potato,Big,FAQ,24
Potato,Big,Medium,24
Potato,Chandermukhi,FAQ,24
Potato,Chandermukhi,Medium,24
Potato,Chips,FAQ,24
Potato,Chips,Non-FAQ,24
Potato,Desi,FAQ,24
Potato,Desi,Grade A,24
Potato,Desi,Grade B,24
Potato,Desi,Grade C,24
Potato,Desi,Grade Range-3,24
Potato,Desi,Local,24
Potato,Desi,Medium,24
Potato,Desi,Non-FAQ,24
Potato,F.A.Q.,FAQ,24
Potato,F.A.Q.,Large,24
Potato,F.A.Q.,Local,24
Potato,F.A.Q.,Medium,24
Potato,F.A.Q.,Non-FAQ,24
Potato,Haldwani,FAQ,24
Potato,Haldwani,Non-FAQ,24
Potato,Jalander,FAQ,24
Potato,Jalander,Local,24
Potato,Jalander,Medium,24
Potato,Jalander,Non-FAQ,24
Potato,Jyoti,FAQ,24
Potato,Jyoti,Grade A,24
Potato,Jyoti,Grade B,24
Potato,Jyoti,Grade Range-3,24
Potato,Jyoti,Local,24
Potato,Jyoti,Non-FAQ,24
Potato,Kufri Giriraj,FAQ,24
Potato,Kufri Giriraj,Grade A,24
Potato,Kufri Giriraj,Medium,24
Potato,Kufri Khasi_garo,FAQ,24
Potato,Kufri Megha,FAQ,24
Potato,Kufri Megha,Non-FAQ,24
Potato,Local,FAQ,24
Potato,Local,Grade A,24
Potato,Local,Grade B,24
Potato,Local,Grade C,24
Potato,Local,Large,24
Potato,Local,Local,24
Potato,Local,Medium,24
Potato,Local,Non-FAQ,24
Potato,Local,Ref grade-1,24
Potato,Local,Ref grade-2,24
Potato,Military special,FAQ,24
Potato,Other,FAQ,24
Potato,Other,Grade A,24
Potato,Other,Grade B,24
Potato,Other,Grade C,24
Potato,Other,Grade Range-1,24
Potato,Other,Grade Range-2,24
Potato,Other,Large,24
Potato,Other,Local,24
Potato,Other,Medium,24
Potato,Other,Non-FAQ,24
Potato,Other,Ref grade-1,24
Potato,Other,Ref grade-2,24
Potato,Other,Small,24
Potato,Potato,FAQ,24
Potato,Potato,Grade A,24
Potato,Potato,Grade B,24
Potato,Potato,Grade C,24
Potato,Potato,Grade Range-1,24
Potato,Potato,Large,24
Potato,Potato,Local,24
Potato,Potato,Medium,24
Potato,Potato,Non-FAQ,24
Potato,Potato,Ref grade-1,24
Potato,Potato,Ref grade-2,24
Potato,Potato,Small,24
Potato,Potato-Organic,FAQ,24
Potato,Potato-Organic,Non-FAQ,24
Potato,Red,FAQ,24
Potato,Red,Grade A,24
Potato,Red,Medium,24
Potato,Red,Non-FAQ,24
Potato,Red Nanital,FAQ,24
Potato,Red Nanital,Local,24
Potato,Red Nanital,Medium,24
Potato,Red Nanital,Non-FAQ,24
Potato,Shimla,FAQ,24
Potato,Shimla,Non-FAQ,24
Potato,Sinduri,FAQ,24
Pumpkin,Other,FAQ,84
Pumpkin,Other,Grade A,84
Pumpkin,Other,Grade B,84
Pumpkin,Other,Grade C,84
Pumpkin,Other,Grade Range-1,84
Pumpkin,Other,Grade Range-2,84
Pumpkin,Other,Large,84
Pumpkin,Other,Local,84
Pumpkin,Other,Medium,84
Pumpkin,Other,Small,84
Pumpkin,Pumpkin,FAQ,84
Pumpkin,Pumpkin,Grade A,84
Pumpkin,Pumpkin,Grade B,84
Pumpkin,Pumpkin,Grade Range-3,84
Pumpkin,Pumpkin,Large,84
Pumpkin,Pumpkin,Local,84
Pumpkin,Pumpkin,Medium,84
Pumpkin,Pumpkin,Small,84
Pumpkin,pumpkin-Organic,FAQ,84
Pumpkin,pumpkin-Organic,Local,84
Pupadia,Pupadia,FAQ,447
Pupadia,Pupadia-Organic,FAQ,447
Raddish,Other,FAQ,161
Raddish,Other,Grade A,161
Raddish,Other,Grade B,161
Raddish,Other,Grade C,161
Raddish,Other,Grade Range-2,161
Raddish,Other,Grade Range-3,161
Raddish,Other,Large,161
Raddish,Other,Local,161
Raddish,Other,Medium,161
Raddish,Other,Small,161
Raddish,Raddish,FAQ,161
Raddish,Raddish,Grade A,161
Raddish,Raddish,Grade B,161
Raddish,Raddish,Grade C,161
Raddish,Raddish,Grade Range-1,161
Raddish,Raddish,Grade Range-3,161
Raddish,Raddish,Large,161
Raddish,Raddish,Local,161
Raddish,Raddish,Medium,161
Raddish,Raddish,Ref grade-1,161
Raddish,Raddish,Ref grade-2,161
Raddish,Raddish,Small,161
Ragi (Finger Millet),Feeds (Poultry Quality),FAQ,30
Ragi (Finger Millet),Feeds (Poultry Quality),Medium,30
Ragi (Finger Millet),Fine,FAQ,30
Ragi (Finger Millet),Fine,Large,30
Ragi (Finger Millet),Fine,Local,30
Ragi (Finger Millet),Fine,Medium,30
Ragi (Finger Millet),Fine,Ref grade-1,30
Ragi (Finger Millet),Hybrid,FAQ,30
Ragi (Finger Millet),Hybrid,Local,30
Ragi (Finger Millet),Hybrid,Medium,30
Ragi (Finger Millet),Hybrid,Ref grade-1,30
Ragi (Finger Millet),Hybrid,Ref grade-2,30
Ragi (Finger Millet),Local,FAQ,30
Ragi (Finger Millet),Local,Large,30
Ragi (Finger Millet),Local,Local,30
Ragi (Finger Millet),Local,Medium,30
Ragi (Finger Millet),Local,Non-FAQ,30
Ragi (Finger Millet),Local,Ref grade-1,30
Ragi (Finger Millet),Local,Ref grade-2,30
Ragi (Finger Millet),Local,Small,30
Ragi (Finger Millet),Medium,FAQ,30
Ragi (Finger Millet),Medium,Local,30
Ragi (Finger Millet),Medium,Medium,30
Ragi (Finger Millet),Medium,Non-FAQ,30
Ragi (Finger Millet),Medium Fine,FAQ,30
Ragi (Finger Millet),Medium Fine,Medium,30
Ragi (Finger Millet),Other,FAQ,30
Ragi (Finger Millet),Other,Local,30
Ragi (Finger Millet),Other,Non-FAQ,30
Ragi (Finger Millet),Red,FAQ,30
Ragi (Finger Millet),Red,Local,30
Ragi (Finger Millet),Red,Medium,30
Ragi (Finger Millet),Red,Ref grade-1,30
Ragi (Finger Millet),Red,Ref grade-2,30
Raibel,Other,FAQ,409
Raibel,Raibel,FAQ,409
Rajgir,Other,FAQ,248
Rajgir,Other,Local,248
Rajgir,Rajgir,FAQ,248
Rajgir,Rajgir,Local,248
Rajgir,Rajgira,FAQ,248
Ram,Ram,FAQ,282
Ram,Ram,Local,282
Rat Tail Radish (Mogari),Other,FAQ,307
Rat Tail Radish (Mogari),Other,Local,307
Rat Tail Radish (Mogari),Rat Tail Radish (Mogari),FAQ,307
Ratanjot,Ratanjot,FAQ,460
Raya,Other,FAQ,65
Raya,PBR-91,FAQ,65
Red Gram,AL-15,FAQ,7
Red Gram,Desi (Whole),FAQ,7
Red Gram,Local,FAQ,7
Red Gram,Local,Local,7
Red Gram,Masuri (W-S),FAQ,7
Red Gram,Other,FAQ,7
Red Gram,Other,Local,7
Resinwood,Other,FAQ,322
Riccbcan,RBL-1,Medium,62
Rice,1009 Kar,FAQ,3
Rice,1009 Kar,Local,3
Rice,ADT 39,FAQ,3
Rice,Amira Mogra Basmati,Medium,3
Rice,Amras Non Basmati,FAQ,3
Rice,Annapoorna,FAQ,3
Rice,B P T,FAQ,3
Rice,B P T,Medium,3
Rice,Basmati,Local,3
Rice,Basmati Haryana Raw (New),FAQ,3
Rice,Basmati Haryana Raw (Old),FAQ,3
Rice,Basmati Haryana Sela (New),FAQ,3
Rice,Basmati Mogra (Raw/Old),FAQ,3
Rice,Basmati Paddy,FAQ,3
Rice,Basmati U.P. (New),FAQ,3
Rice,Basmati U.P. (Old),FAQ,3
Rice,Basmati-370,FAQ,3
Rice,Basumathi,FAQ,3
Rice,Basumathi,Ref grade-1,3
Rice,Boiled Rice,FAQ,3
Rice,Boiled Rice,Grade Range-1,3
Rice,Broken Rice,FAQ,3
Rice,Broken Rice,Local,3
Rice,Broken Rice,Medium,3
Rice,Broken Rice,Ref grade-1,3
Rice,Broken Rice,Ref grade-2,3
Rice,Broken Rice (Kanki),FAQ,3
Rice,CR 1009 (Coarse) Boiled,FAQ,3
Rice,CR 1009 (Coarse) Boiled,Local,3
Rice,CR 1009 (Coarse) Boiled,Medium,3
Rice,CR 1009 (Coarse) Boiled,Ref grade-1,3
Rice,CR 1009 (Coarse) Boiled,Ref grade-2,3
Rice,Coarse,FAQ,3
Rice,Coarse,Local,3
Rice,Coarse,Medium,3
Rice,Coarse,Ref grade-1,3
Rice,Coarse,Ref grade-2,3
Rice,Coarse (I.R.20),FAQ,3
Rice,Coarse (I.R.20),Local,3
Rice,Coarse (I.R.20),Ref grade-1,3
Rice,Common,FAQ,3
Rice,Common,Grade Range-3,3
Rice,Common,Local,3
Rice,Dappa,FAQ,3
Rice,Dappa,Local,3
Rice,Dappa,Ref grade-1,3
Rice,EMR Boiled,FAQ,3
Rice,FCI Parmal,FAQ,3
Rice,Fine,FAQ,3
Rice,Fine,Grade Range-1,3
Rice,Fine,Grade Range-3,3
Rice,Fine,Local,3
Rice,Fine,Medium,3
Rice,Fine,Ref grade-1,3
Rice,Fine,Ref grade-2,3
Rice,Fine (Basmati),FAQ,3
Rice,GMR Steam,FAQ,3
Rice,Govt. Quality,FAQ,3
Rice,H.Y.V.,FAQ,3
Rice,Hamsa St.,FAQ,3
Rice,Hansa,FAQ,3
Rice,Hassan Dappa,FAQ,3
Rice,Hassan Dappa,Local,3
Rice,Hassan Dappa,Ref grade-1,3
Rice,III,FAQ,3
Rice,III,Grade Range-2,3
Rice,III,Grade Range-3,3
Rice,III,Local,3
Rice,IR 20,FAQ,3
Rice,IR 20,Local,3
Rice,IR 20 Fine Raw,FAQ,3
Rice,IR 20 Medium Boiled,FAQ,3
Rice,IR 50,FAQ,3
Rice,IR-8,FAQ,3
Rice,IR-8,Grade Range-1,3
Rice,IR-8,Local,3
Rice,IR-8 Raw (Old),FAQ,3
Rice,Jaya,FAQ,3
Rice,Jaya,Local,3
Rice,Jaya,Medium,3
Rice,Kachha Basmati,FAQ,3
Rice,Kachha Basmati,Local,3
Rice,Kachha Basmati,Medium,3
Rice,Kachha Basmati,Ref grade-1,3
Rice,Kaddi,FAQ,3
Rice,Kattasambar,FAQ,3
Rice,Kichudi,FAQ,3
Rice,Lashkari,FAQ,3
Rice,Masoori-Non Basmti,FAQ,3
Rice,Masuri,FAQ,3
Rice,Masuri,Grade Range-2,3
Rice,Masuri,Local,3
Rice,Masuri,Medium,3
Rice,Mataa Parboiled,FAQ,3
Rice,Mataa Parboiled,Grade Range-1,3
Rice,Medium,FAQ,3
Rice,Medium,Local,3
Rice,Medium,Medium,3
Rice,Medium,Ref grade-1,3
Rice,Medium,Ref grade-2,3
Rice,Milled,FAQ,3
Rice,Motta (Coarse) Boiled,FAQ,3
Rice,Original Basmati,FAQ,3
Rice,Other,FAQ,3
Rice,Other,Grade Range-3,3
Rice,Other,Large,3
Rice,Other,Local,3
Rice,Other,Medium,3
Rice,Other,Ref grade-1,3
Rice,Other,Ref grade-2,3
Rice,Other,Small,3
Rice,Parimal (New),FAQ,3
Rice,Parmal,FAQ,3
Rice,Parmal (Paddy),FAQ,3
Rice,Parmal Raw (New),FAQ,3
Rice,Parmal Sela,FAQ,3
Rice,Ponni,FAQ,3
Rice,Pusa Basmati Raw (New),FAQ,3
Rice,Pusa Basmati Raw (New),Local,3
Rice,Pusa Basmati Raw (New),Medium,3
Rice,Pusa Basmati Raw (Old),FAQ,3
Rice,Pusa Basmati Raw (Old),Large,3
Rice,Pusa Basmati Raw (Old),Local,3
Rice,Pusa Basmati Raw (Old),Medium,3
Rice,Pusa Basmati Raw (Old),Small,3
Rice,Pusa Basmati Sela (Old),Large,3
Rice,Pusa Basmati Sela (Old),Medium,3
Rice,Rasi,FAQ,3
Rice,Ratnachudi (718 5-749),FAQ,3
Rice,Rice Floor,FAQ,3
Rice,Rice Floor,Medium,3
Rice,Sadharan,FAQ,3
Rice,Sadharan,Medium,3
Rice,Sanna Bhatta,FAQ,3
Rice,Sarbati Raw,FAQ,3
Rice,Sarbati Raw,Grade Range-1,3
Rice,Sarbati Raw,Local,3
Rice,Sarbati Raw,Medium,3
Rice,Sarbati Raw,Ref grade-1,3
Rice,Sona,FAQ,3
Rice,Sona,Local,3
Rice,Sona,Medium,3
Rice,Sona Boiled,FAQ,3
Rice,Sona Fine,FAQ,3
Rice,Sona Fine,Medium,3
Rice,Sona Mansoori Non Basmati,FAQ,3
Rice,Sona Medium,FAQ,3
Rice,Super Fine,FAQ,3
Rice,Suvarna Medium,FAQ,3
Rice,Tallahamsa (Bilihamsa),FAQ,3
Rice,Zeeraga Samba Rawrice,FAQ,3
Rice,andra Sanna,Grade Range-1,3
Ridgeguard (Tori),Other,FAQ,160
Ridgeguard (Tori),Other,Grade A,160
Ridgeguard (Tori),Other,Grade B,160
Ridgeguard (Tori),Other,Large,160
Ridgeguard (Tori),Other,Local,160
Ridgeguard (Tori),Other,Medium,160
Ridgeguard (Tori),Other,Small,160
Ridgeguard (Tori),Ridgeguard (Tori),FAQ,160
Ridgeguard (Tori),Ridgeguard (Tori),Grade A,160
Ridgeguard (Tori),Ridgeguard (Tori),Grade B,160
Ridgeguard (Tori),Ridgeguard (Tori),Grade Range-1,160
Ridgeguard (Tori),Ridgeguard (Tori),Large,160
Ridgeguard (Tori),Ridgeguard (Tori),Local,160
Ridgeguard (Tori),Ridgeguard (Tori),Medium,160
Ridgeguard (Tori),Ridgeguard (Tori),Ref grade-1,160
Ridgeguard (Tori),Ridgeguard (Tori),Ref grade-2,160
Ridgeguard (Tori),Ridgeguard (Tori),Small,160
Rose (Local),Other,FAQ,374
Rose (Local),Other,Grade Range-1,374
Rose (Local),Rose (Local),FAQ,374
Rose (Local),Rose (Local),Local,374
Rose (Loose)),Other,FAQ,228
Rose (Loose)),Other,Local,228
Rose (Loose)),Other,Ref grade-1,228
Rose (Loose)),Rose (Loose),FAQ,228
Round gourd,Other,FAQ,306
Round gourd,Other,Grade A,306
Round gourd,Other,Grade B,306
Round gourd,Other,Local,306
Round gourd,Other,Medium,306
Round gourd,Round gourd,FAQ,306
Rubber,Other,FAQ,111
Rubber,Other,Grade Range-1,111
Rubber,Other,Local,111
Rubber,RSS-4,FAQ,111
Rubber,RSS-4,Grade Range-1,111
Sabu Dan,Other,FAQ,291
Sabu Dan,Other,Local,291
Safflower,F.A.Q. Bold,FAQ,59
Safflower,F.A.Q. Bold,Non-FAQ,59
Safflower,Kusum (Safflower),FAQ,59
Safflower,Kusum (Safflower),Non-FAQ,59
Safflower,Other,FAQ,59
Safflower,Other,Medium,59
Safflower,Other,Non-FAQ,59
Safflower,Safflower,FAQ,59
Safflower,Safflower,Local,59
Safflower,Safflower,Medium,59
Safflower,Safflower,Non-FAQ,59
Safflower,Safflower,Ref grade-1,59
Safflower,Safflower,Ref grade-2,59
Safflower,Safflower,Small,59
Saffron,Saffron,FAQ,338
Saffron,Saffron-Organic,FAQ,338
Sajje,Sajje,FAQ,271
Sajje,Sajje,Local,271
Sajje,Sajje,Medium,271
Sajje,Sajje,Ref grade-1,271
Same/Savi,Organic,FAQ,122
Same/Savi,Other,FAQ,122
Same/Savi,Saanva/Sama,FAQ,122
Same/Savi,Same/Savi Local,FAQ,122
Same/Savi,Same/Savi Local,Local,122
Same/Savi,Same/Savi Local,Medium,122
Same/Savi,Same/Savi Local,Ref grade-1,122
Same/Savi,Savo Others,FAQ,122
Same/Savi,Savo Others,Local,122
Season Leaves,Other,FAQ,277
Season Leaves,Other,Grade A,277
Season Leaves,Other,Large,277
Season Leaves,Other,Local,277
Season Leaves,Other,Medium,277
Season Leaves,Season Leaves,FAQ,277
Season Leaves,Season Leaves,Local,277
Seemebadnekai,Other,FAQ,176
Seemebadnekai,Seemebadanekai,FAQ,176
Seemebadnekai,Seemebadanekai,Grade Range-1,176
Seemebadnekai,Seemebadanekai,Local,176
Seemebadnekai,Seemebadanekai,Ref grade-1,176
Seemebadnekai,Seemebadanekai,Ref grade-2,176
Seetapal,Custard Apple-Organic,Large,201
Seetapal,Other,FAQ,201
Seetapal,Other,Grade A,201
Seetapal,Other,Large,201
Seetapal,Other,Local,201
Seetapal,Other,Medium,201
Seetapal,Other,Small,201
Seetapal,Seethaphal,FAQ,201
Seetapal,Seethaphal,Large,201
Seetapal,Seethaphal,Local,201
Seetapal,Seethaphal,Medium,201
Seetapal,Seethaphal,Ref grade-1,201
Seetapal,Seethaphal,Small,201
"Sesamum (Sesame,Gingelly,Til)",95/5,FAQ,11
"Sesamum (Sesame,Gingelly,Til)",95/5,Local,11
"Sesamum (Sesame,Gingelly,Til)",95/5,Non-FAQ,11
"Sesamum (Sesame,Gingelly,Til)",Black,FAQ,11
"Sesamum (Sesame,Gingelly,Til)",Black,Local,11
"Sesamum (Sesame,Gingelly,Til)",Black,Medium,11
"Sesamum (Sesame,Gingelly,Til)",Black,Non-FAQ,11
"Sesamum (Sesame,Gingelly,Til)",Black,Ref grade-1,11
"Sesamum (Sesame,Gingelly,Til)",Chitti,FAQ,11
"Sesamum (Sesame,Gingelly,Til)",Chitti,Non-FAQ,11
"Sesamum (Sesame,Gingelly,Til)",Gajjar,FAQ,11
"Sesamum (Sesame,Gingelly,Til)",Gajjar,Non-FAQ,11
"Sesamum (Sesame,Gingelly,Til)",Nylon Til,FAQ,11
"Sesamum (Sesame,Gingelly,Til)",Other,FAQ,11
"Sesamum (Sesame,Gingelly,Til)",Other,Grade Range-1,11
"Sesamum (Sesame,Gingelly,Til)",Other,Local,11
"Sesamum (Sesame,Gingelly,Til)",Other,Medium,11
"Sesamum (Sesame,Gingelly,Til)",Other,Non-FAQ,11
"Sesamum (Sesame,Gingelly,Til)",Punjab Til No.1,FAQ,11
"Sesamum (Sesame,Gingelly,Til)",RC-289,FAQ,11
"Sesamum (Sesame,Gingelly,Til)",RC-289,Local,11
"Sesamum (Sesame,Gingelly,Til)",Red,FAQ,11
"Sesamum (Sesame,Gingelly,Til)",Red,Non-FAQ,11
"Sesamum (Sesame,Gingelly,Til)",Sesame,FAQ,11
"Sesamum (Sesame,Gingelly,Til)",Sesame,Grade Range-1,11
"Sesamum (Sesame,Gingelly,Til)",Sesame,Local,11
"Sesamum (Sesame,Gingelly,Til)",Sesame,Medium,11
"Sesamum (Sesame,Gingelly,Til)",Sesame,Non-FAQ,11
"Sesamum (Sesame,Gingelly,Til)",Sesame or Til-Organic,FAQ,11
"Sesamum (Sesame,Gingelly,Til)",Sesame or Til-Organic,Non-FAQ,11
"Sesamum (Sesame,Gingelly,Til)",White,FAQ,11
"Sesamum (Sesame,Gingelly,Til)",White,Local,11
"Sesamum (Sesame,Gingelly,Til)",White,Medium,11
"Sesamum (Sesame,Gingelly,Til)",White,Non-FAQ,11
"Sesamum (Sesame,Gingelly,Til)",White,Ref grade-1,11
"Sesamum (Sesame,Gingelly,Til)",White,Ref grade-2,11
"Sesamum (Sesame,Gingelly,Til)",Whitish,FAQ,11
"Sesamum (Sesame,Gingelly,Til)",Whitish,Non-FAQ,11
She Buffalo,Other,FAQ,217
She Buffalo,Other,Local,217
She Buffalo,Other,Medium,217
She Buffalo,She Baffelo,FAQ,217
She Buffalo,She Baffelo,Large,217
She Buffalo,She Baffelo,Local,217
She Buffalo,She Baffelo,Medium,217
She Buffalo,She Baffelo,Ref grade-1,217
She Goat,Other,FAQ,283
She Goat,She Goat,FAQ,283
She Goat,She Goat,Local,283
She Goat,She Goat,Medium,283
Sheep,Other,FAQ,218
Sheep,Sheep Large,FAQ,218
Sheep,Sheep Large,Medium,218
Sheep,Sheep Medium,FAQ,218
Sheep,Sheep Medium,Local,218
Sheep,Sheep Medium,Medium,218
Sheep,Sheep Medium,Ref grade-1,218
Sheep,Sheep Small,FAQ,218
Sheep,Sheep Small,Local,218
Sheep,Sheep Small,Ref grade-1,218
Siddota,Other,Large,183
Skin And Hide,Other,FAQ,226
Snakeguard,Other,FAQ,156
Snakeguard,Other,Grade A,156
Snakeguard,Other,Grade B,156
Snakeguard,Other,Local,156
Snakeguard,Other,Medium,156
Snakeguard,Sarpagandha,FAQ,156
Snakeguard,Sarpagandha-Organic,FAQ,156
Snakeguard,Snakeguard,FAQ,156
Snakeguard,Snakeguard,Grade A,156
Snakeguard,Snakeguard,Grade B,156
Snakeguard,Snakeguard,Grade Range-1,156
Snakeguard,Snakeguard,Large,156
Snakeguard,Snakeguard,Local,156
Snakeguard,Snakeguard,Medium,156
Snakeguard,Snakeguard,Ref grade-1,156
Snakeguard,Snakeguard,Ref grade-2,156
Snakeguard,Snakeguard,Small,156
Soanf,Fennel-Organic,FAQ,135
Soanf,Other,FAQ,135
Soanf,Other,Grade Range-2,135
Soanf,Other,Local,135
Soanf,Soanf,FAQ,135
Soanf,Soanf,Local,135
Soapnut (Antawala/Retha),Fine New,FAQ,207
Soapnut (Antawala/Retha),Fine New,Local,207
Soapnut (Antawala/Retha),Fine New,Ref grade-1,207
Soapnut (Antawala/Retha),Medium,FAQ,207
Soapnut (Antawala/Retha),Medium,Local,207
Soapnut (Antawala/Retha),Other,FAQ,207
Soji,Bansi Soji,FAQ,286
Soji,Other,FAQ,286
Soji,Soji,FAQ,286
Soji,White Soji,FAQ,286
Sompu,Chalu,FAQ,246
Soyabean,Black,FAQ,13
Soyabean,Black,Local,13
Soyabean,Black,Non-FAQ,13
Soyabean,Local,FAQ,13
Soyabean,Local,Local,13
Soyabean,Local,Medium,13
Soyabean,Local,Non-FAQ,13
Soyabean,Local,Small,13
Soyabean,Other,FAQ,13
Soyabean,Other,Grade Range-2,13
Soyabean,Other,Local,13
Soyabean,Other,Medium,13
Soyabean,Other,Non-FAQ,13
Soyabean,Soyabeen,FAQ,13
Soyabean,Soyabeen,Local,13
Soyabean,Soyabeen,Medium,13
Soyabean,Soyabeen,Non-FAQ,13
Soyabean,Soyabeen,Ref grade-1,13
Soyabean,Soyabeen,Ref grade-2,13
Soyabean,Soybean-Organic,FAQ,13
Soyabean,Soybean-Organic,Non-FAQ,13
Soyabean,Sup,FAQ,13
Soyabean,Yellow,FAQ,13
Soyabean,Yellow,Local,13
Soyabean,Yellow,Medium,13
Soyabean,Yellow,Non-FAQ,13
Spinach,Organic,FAQ,342
Spinach,Organic,Grade A,342
Spinach,Other,FAQ,342
Spinach,Other,Grade A,342
Spinach,Other,Grade B,342
Spinach,Other,Grade C,342
Spinach,Other,Local,342
Spinach,Other,Medium,342
Spinach,Spinach,FAQ,342
Spinach,Spinach,Grade A,342
Spinach,Spinach,Grade B,342
Spinach,Spinach,Local,342
Spinach,Spinach,Medium,342
Sponge gourd,Organic,FAQ,311
Sponge gourd,Other,FAQ,311
Sponge gourd,Other,Local,311
Sponge gourd,Other,Medium,311
Sponge gourd,Sponge gourd,FAQ,311
Squash (Chappal Kadoo),Other,FAQ,332
Squash (Chappal Kadoo),Other,Grade A,332
Squash (Chappal Kadoo),Other,Grade B,332
Squash (Chappal Kadoo),Other,Local,332
Squash (Chappal Kadoo),Other,Medium,332
Squash (Chappal Kadoo),Squash (Chappal Kadoo),FAQ,332
Squash (Chappal Kadoo),Squash (Chappal Kadoo),Grade B,332
Squash (Chappal Kadoo),Squash (Chappal Kadoo),Local,332
Squash (Chappal Kadoo),Squash (Chappal Kadoo),Medium,332
Sugar,Chini,FAQ,48
Sugar,Chini,Grade Range-3,48
Sugar,Chini,Local,48
Sugar,Fine,FAQ,48
Sugar,Khand,FAQ,48
Sugar,M-30,FAQ,48
Sugar,Medium,FAQ,48
Sugar,Other,FAQ,48
Sugar,Other,Local,48
Sugar,S-30,FAQ,48
Sugar,Shakkar,FAQ,48
Sugarcane,Other,FAQ,150
Sugarcane,Other,Local,150
Sugarcane,Sugarcane,FAQ,150
Sugarcane,Sugarcane,Local,150
Sugarcane,Sugarcane,Non-FAQ,150
Sunflower,Bold,FAQ,14
Sunflower,Bold,Non-FAQ,14
Sunflower,Hybrid,FAQ,14
Sunflower,Hybrid,Local,14
Sunflower,Hybrid,Medium,14
Sunflower,Hybrid,Ref grade-1,14
Sunflower,Hybrid,Ref grade-2,14
Sunflower,Local,FAQ,14
Sunflower,Local,Local,14
Sunflower,Local,Medium,14
Sunflower,Local,Non-FAQ,14
Sunflower,Local,Ref grade-1,14
Sunflower,Other,FAQ,14
Sunflower,Other,Medium,14
Sunflower,Other,Non-FAQ,14
Sunflower,Other,Ref grade-1,14
Sunflower,Sunflower,FAQ,14
Sunflower,Sunflower,Large,14
Sunflower,Sunflower,Local,14
Sunflower,Sunflower,Medium,14
Sunflower,Sunflower,Non-FAQ,14
Sunflower,Sunflower,Ref grade-1,14
Sunflower,Sunflower,Ref grade-2,14
Sunflower,Sunflower,Small,14
Sunflower Seed,Other,FAQ,285
Sunflower Seed,Sunflower Seed,Local,285
Sunflower Seed,Sunflower Seed,Medium,285
Sunhemp,Other,FAQ,139
Sunhemp,Sun,FAQ,139
Sunhemp,Sunhemp,FAQ,139
Sunhemp,Sunhemp,Local,139
Suram,Other,FAQ,242
Suram,Suram,FAQ,242
Surat Beans (Papadi),Other,FAQ,300
Surat Beans (Papadi),Other,Grade A,300
Surat Beans (Papadi),Surat Beans (Papadi),FAQ,300
Surat Beans (Papadi),Surat Beans (Papadi),Grade A,300
Suva (Dill Seed),Other,FAQ,255
Suva (Dill Seed),Other,Local,255
Suva (Dill Seed),Suva,FAQ,255
Suva (Dill Seed),Suva (Dill Seed),FAQ,255
Suva (Dill Seed),Suva (Dill Seed),Local,255
Suvarna Gadde,Suvarnagadde,FAQ,178
Suvarna Gadde,Suvarnagadde,Grade Range-1,178
Suvarna Gadde,Suvarnagadde,Local,178
Suvarna Gadde,Suvarnagadde,Medium,178
Suvarna Gadde,Suvarnagadde,Ref grade-1,178
Suvarna Gadde,Suvarnagadde,Ref grade-2,178
Sweet Potato,Hosur Green,FAQ,152
Sweet Potato,Hosur Green,Local,152
Sweet Potato,Hosur Green,Medium,152
Sweet Potato,Hosur Red,FAQ,152
Sweet Potato,Hosur Red,Local,152
Sweet Potato,Hosur Red,Medium,152
Sweet Potato,Other,FAQ,152
Sweet Potato,Other,Grade A,152
Sweet Potato,Other,Grade B,152
Sweet Potato,Other,Grade Range-1,152
Sweet Potato,Other,Large,152
Sweet Potato,Other,Local,152
Sweet Potato,Other,Medium,152
Sweet Potato,Sweet Potato,FAQ,152
Sweet Potato,Sweet Potato,Grade B,152
Sweet Potato,Sweet Potato,Grade Range-1,152
Sweet Potato,Sweet Potato,Large,152
Sweet Potato,Sweet Potato,Local,152
Sweet Potato,Sweet Potato,Medium,152
Sweet Potato,Sweet Potato,Ref grade-1,152
Sweet Potato,Sweet Potato,Ref grade-2,152
Sweet Potato,Sweet Potato,Small,152
Sweet Pumpkin,Other,FAQ,173
Sweet Pumpkin,Other,Grade A,173
Sweet Pumpkin,Other,Local,173
Sweet Pumpkin,Other,Medium,173
Sweet Pumpkin,Sweet Pumpkin,FAQ,173
Sweet Pumpkin,Sweet Pumpkin,Grade Range-1,173
Sweet Pumpkin,Sweet Pumpkin,Local,173
Sweet Pumpkin,Sweet Pumpkin,Medium,173
Sweet Pumpkin,Sweet Pumpkin,Ref grade-1,173
Sweet Pumpkin,Sweet Pumpkin,Ref grade-2,173
T.V. Cumbu,Other,FAQ,120
T.V. Cumbu,T.V. Cumbu,FAQ,120
Tamarind Fruit,Chapathi,FAQ,261
Tamarind Fruit,Chapathi,Large,261
Tamarind Fruit,Chapathi,Medium,261
Tamarind Fruit,Flower A/c,FAQ,261
Tamarind Fruit,Flower A/c,Local,261
Tamarind Fruit,Flower A/c,Medium,261
Tamarind Fruit,Karpuli A/c Fine,FAQ,261
Tamarind Fruit,Karpuli A/c Fine,Grade Range-1,261
Tamarind Fruit,Karpuli A/c Fine,Large,261
Tamarind Fruit,Karpuli A/c Fine,Medium,261
Tamarind Fruit,Karpuli A/c Medium,Medium,261
Tamarind Fruit,Non A/c Fine,FAQ,261
Tamarind Fruit,Non A/c Fine,Large,261
Tamarind Fruit,Non A/c Fine,Medium,261
Tamarind Fruit,Non A/c Flower,FAQ,261
Tamarind Fruit,Non A/c Flower,Medium,261
Tamarind Fruit,Non A/c Flower,Small,261
Tamarind Fruit,Organic,FAQ,261
Tamarind Fruit,Other,FAQ,261
Tamarind Fruit,Other,Local,261
Tamarind Fruit,Other,Medium,261
Tamarind Fruit,Seedless 1Variety,FAQ,261
Tamarind Fruit,Seedless 1Variety,Local,261
Tamarind Fruit,Seedless 1Variety,Medium,261
Tamarind Fruit,Seedless 2Variety,Medium,261
Tamarind Fruit,Seedless 2Variety,Small,261
Tamarind Fruit,Tamarind,FAQ,261
Tamarind Fruit,Tamarind Fruit,FAQ,261
Tamarind Fruit,Tamarind Fruit,Grade Range-1,261
Tamarind Fruit,Tamarind Fruit,Grade Range-2,261
Tamarind Fruit,Tamarind Fruit,Local,261
Tamarind Fruit,Tamarind Fruit,Medium,261
Tamarind Fruit,Tamarind Fruit,Ref grade-1,261
Tamarind Fruit,Tamarind Fruit,Ref grade-2,261
Tamarind Fruit,Tamarind Fruit,Small,261
Tamarind Fruit,With Seed 1Variety,FAQ,261
Tamarind Fruit,With Seed 1Variety,Local,261
Tamarind Fruit,With Seed 1Variety,Medium,261
Tamarind Fruit,With Seed 2Variety,Medium,261
Tamarind Seed,Other,FAQ,208
Tamarind Seed,Other,Local,208
Tamarind Seed,Other,Medium,208
Tamarind Seed,Tamarind Seed,FAQ,208
Tamarind Seed,Tamarind Seed,Local,208
Tamarind Seed,Tamarind Seed,Medium,208
Tamarind Seed,Tamarind Seed,Ref grade-1,208
Tamarind Seed,Tamarind Seed,Small,208
Tapioca,Other,FAQ,100
Tapioca,Other,Grade A,100
Tapioca,Other,Grade Range-1,100
Tapioca,Other,Local,100
Tapioca,Other,Medium,100
Tapioca,Tapioca,FAQ,100
Tapioca,Tapioca,Grade A,100
Tapioca,Tapioca,Grade Range-1,100
Tapioca,Tapioca,Large,100
Tapioca,Tapioca,Local,100
Tapioca,Tapioca,Medium,100
Taramira,Other,FAQ,76
Taramira,Other,Local,76
Taramira,Taramira,FAQ,76
Tea,Assam C.T.C. Leaf,FAQ,44
Tea,Other,FAQ,44
Tender Coconut,Other,FAQ,200
Tender Coconut,Other,Grade A,200
Tender Coconut,Other,Large,200
Tender Coconut,Other,Local,200
Tender Coconut,Other,Medium,200
Tender Coconut,Other,Small,200
Tender Coconut,Tender Coconut,FAQ,200
Tender Coconut,Tender Coconut,Grade A,200
Tender Coconut,Tender Coconut,Grade B,200
Tender Coconut,Tender Coconut,Large,200
Tender Coconut,Tender Coconut,Local,200
Tender Coconut,Tender Coconut,Medium,200
Tender Coconut,Tender Coconut,Ref grade-1,200
Tender Coconut,Tender Coconut,Small,200
Thinai (Italian Millet),Other,FAQ,116
Thinai (Italian Millet),Thinai (Italian Millet),FAQ,116
Thogrikai,Thogarikai,FAQ,170
Thogrikai,Thogarikai,Local,170
Thogrikai,Thogarikai,Ref grade-1,170
Thogrikai,Thogarikai,Small,170
Thondekai,Other,FAQ,162
Thondekai,Other,Local,162
Thondekai,Other,Medium,162
Thondekai,Thondekai,FAQ,162
Thondekai,Thondekai,Grade A,162
Thondekai,Thondekai,Grade Range-1,162
Thondekai,Thondekai,Local,162
Thondekai,Thondekai,Medium,162
Thondekai,Thondekai,Ref grade-1,162
Thondekai,Thondekai,Ref grade-2,162
Tinda,Organic,FAQ,349
Tinda,Other,FAQ,349
Tinda,Other,Grade A,349
Tinda,Other,Grade C,349
Tinda,Other,Local,349
Tinda,Other,Medium,349
Tinda,Tinda,FAQ,349
Tinda,Tinda,Local,349
Tinda,Tinda,Medium,349
Tobacco,Beedi,FAQ,141
Tobacco,Beedi,Local,141
Tobacco,Chewing,FAQ,141
Tobacco,Chewing,Local,141
Tobacco,Other,FAQ,141
Tobacco,Other,Medium,141
Tobacco,Tobacco,FAQ,141
Tobacco,Verginia,FAQ,141
Tomato,Deshi,FAQ,78
Tomato,Deshi,Grade A,78
Tomato,Deshi,Grade B,78
Tomato,Deshi,Grade C,78
Tomato,Deshi,Grade Range-3,78
Tomato,Deshi,Local,78
Tomato,Deshi,Medium,78
Tomato,Deshi,Non-FAQ,78
Tomato,Hybrid,FAQ,78
Tomato,Hybrid,Grade A,78
Tomato,Hybrid,Grade B,78
Tomato,Hybrid,Large,78
Tomato,Hybrid,Local,78
Tomato,Hybrid,Medium,78
Tomato,Hybrid,Non-FAQ,78
Tomato,Hybrid,Ref grade-1,78
Tomato,Hybrid,Small,78
Tomato,Local,FAQ,78
Tomato,Local,Grade A,78
Tomato,Local,Grade B,78
Tomato,Local,Grade C,78
Tomato,Local,Grade Range-1,78
Tomato,Local,Grade Range-3,78
Tomato,Local,Large,78
Tomato,Local,Local,78
Tomato,Local,Medium,78
Tomato,Local,Non-FAQ,78
Tomato,Other,FAQ,78
Tomato,Other,Grade A,78
Tomato,Other,Grade B,78
Tomato,Other,Grade C,78
Tomato,Other,Grade Range-1,78
Tomato,Other,Grade Range-2,78
Tomato,Other,Grade Range-3,78
Tomato,Other,Large,78
Tomato,Other,Local,78
Tomato,Other,Medium,78
Tomato,Other,Non-FAQ,78
Tomato,Other,Small,78
Tomato,Sankar,FAQ,78
Tomato,Sankar,Medium,78
Tomato,Sankar,Non-FAQ,78
Tomato,Tomato,FAQ,78
Tomato,Tomato,Grade A,78
Tomato,Tomato,Grade B,78
Tomato,Tomato,Grade C,78
Tomato,Tomato,Grade Range-1,78
Tomato,Tomato,Large,78
Tomato,Tomato,Local,78
Tomato,Tomato,Medium,78
Tomato,Tomato,Non-FAQ,78
Tomato,Tomato,Ref grade-1,78
Tomato,Tomato,Ref grade-2,78
Tomato,Tomato,Small,78
Torchwood,Other,FAQ,323
Toria,Other,FAQ,66
Toria,Toria,FAQ,66
Tube Flower,Tube Flower,Local,234
Tube Rose (Double),Other,FAQ,401
Tube Rose (Loose),Other,FAQ,408
Tube Rose (Loose),Tube Rose (Loose),FAQ,408
Tube Rose (Loose),Tube Rose (Loose),Local,408
Tube Rose (Single),Other,FAQ,377
Tube Rose (Single),Tube Rose (Single),FAQ,377
Turmeric,Bulb,FAQ,39
Turmeric,Bulb,Large,39
Turmeric,Bulb,Local,39
Turmeric,Bulb,Medium,39
Turmeric,Dry,FAQ,39
Turmeric,Dry,Grade Range-1,39
Turmeric,Finger,FAQ,39
Turmeric,Finger,Local,39
Turmeric,Finger,Medium,39
Turmeric,Local,FAQ,39
Turmeric,Local,Grade Range-2,39
Turmeric,Local,Local,39
Turmeric,Local,Medium,39
Turmeric,Local,Ref grade-1,39
Turmeric,Other,FAQ,39
Turmeric,Other,Local,39
Turmeric,Other,Medium,39
Turmeric,Rajapuri,FAQ,39
Turmeric,Rajapuri,Local,39
Turmeric,Turmeric,FAQ,39
Turmeric,Turmeric,Grade Range-2,39
Turmeric,Turmeric,Local,39
Turmeric,Turmeric,Medium,39
Turmeric,Turmeric,Ref grade-1,39
Turmeric,Turmeric Powder,FAQ,39
Turmeric,Turmeric Round,FAQ,39
Turmeric,Turmeric Round,Medium,39
Turmeric,Turmeric Stick,FAQ,39
Turmeric,Turmeric Stick,Medium,39
Turmeric,Turmeric-Organic,FAQ,39
Turmeric (raw),Other,FAQ,309
Turmeric (raw),Other,Grade Range-2,309
Turmeric (raw),Other,Local,309
Turmeric (raw),Other,Medium,309
Turmeric (raw),Turmeric (raw),FAQ,309
Turnip,Organic,FAQ,341
Turnip,Organic,Medium,341
Turnip,Other,FAQ,341
Turnip,Other,Grade A,341
Turnip,Other,Grade B,341
Turnip,Other,Local,341
Turnip,Other,Medium,341
Turnip,Turnip,FAQ,341
Turnip,Turnip,Grade A,341
Turnip,Turnip,Grade B,341
Turnip,Turnip,Grade Range-1,341
Turnip,Turnip,Local,341
Turnip,Turnip,Medium,341
Walnut,Other,FAQ,343
Walnut,Walnut,FAQ,343
Water Melon,Other,FAQ,73
Water Melon,Other,Grade A,73
Water Melon,Other,Grade B,73
Water Melon,Other,Grade Range-1,73
Water Melon,Other,Large,73
Water Melon,Other,Local,73
Water Melon,Other,Medium,73
Water Melon,Other,Small,73
Water Melon,Water Melon,FAQ,73
Water Melon,Water Melon,Grade A,73
Water Melon,Water Melon,Grade B,73
Water Melon,Water Melon,Grade C,73
Water Melon,Water Melon,Grade Range-1,73
Water Melon,Water Melon,Large,73
Water Melon,Water Melon,Local,73
Water Melon,Water Melon,Medium,73
Water Melon,Water Melon,Ref grade-1,73
Water Melon,Water Melon,Ref grade-2,73
Water Melon,Water Melon,Small,73
Wheat,147 Average,FAQ,1
Wheat,147 Average,Local,1
Wheat,147 Average,Non-FAQ,1
Wheat,147 Best,FAQ,1
Wheat,147 Best,Local,1
Wheat,147 Best,Non-FAQ,1
Wheat,1482,FAQ,1
Wheat,2189 No. 1,FAQ,1
Wheat,2189 No. 1,Non-FAQ,1
Wheat,2189 No. 2,FAQ,1
Wheat,2189 No. 2,Medium,1
Wheat,2189 No. 2,Non-FAQ,1
Wheat,2329,FAQ,1
Wheat,343,FAQ,1
Wheat,Bansi,FAQ,1
Wheat,Bansi,Local,1
Wheat,Bansi,Medium,1
Wheat,Bansi,Non-FAQ,1
Wheat,Bansi,Small,1
Wheat,C-83,FAQ,1
Wheat,Chandausi,FAQ,1
Wheat,Chandausi,Local,1
Wheat,Chandausi,Non-FAQ,1
Wheat,Coarse,FAQ,1
Wheat,Coarse,Medium,1
Wheat,Dara,FAQ,1
Wheat,Dara,Grade Range-1,1
Wheat,Dara,Grade Range-2,1
Wheat,Dara,Grade Range-3,1
Wheat,Dara,Local,1
Wheat,Dara,Non-FAQ,1
Wheat,Dara Mill Quality,FAQ,1
Wheat,Dara Mill Quality,Non-FAQ,1
Wheat,Deshi,FAQ,1
Wheat,Deshi,Grade Range-1,1
Wheat,Deshi,Local,1
Wheat,Deshi,Medium,1
Wheat,Deshi,Non-FAQ,1
Wheat,Deshi,Small,1
Wheat,Farmi,FAQ,1
Wheat,Farmi,Non-FAQ,1
Wheat,H.D.,FAQ,1
Wheat,H.D.,Local,1
Wheat,H.D.,Medium,1
Wheat,H.D.,Ref grade-2,1
Wheat,HD-2329,FAQ,1
Wheat,Hybrid,FAQ,1
Wheat,Hybrid,Local,1
Wheat,Hybrid,Non-FAQ,1
Wheat,Jawari,FAQ,1
Wheat,Jawari,Local,1
Wheat,Jawari,Medium,1
Wheat,Jawari,Ref grade-1,1
Wheat,Kalyan,FAQ,1
Wheat,Kalyan,Local,1
Wheat,Kalyan,Non-FAQ,1
Wheat,Kanak,FAQ,1
Wheat,Kirthi,FAQ,1
Wheat,Local,FAQ,1
Wheat,Local,Grade Range-1,1
Wheat,Local,Local,1
Wheat,Local,Medium,1
Wheat,Local,Non-FAQ,1
Wheat,Local,Ref grade-1,1
Wheat,Local,Ref grade-2,1
Wheat,Lok -1 (Nilami Rate),FAQ,1
Wheat,Lok-1,FAQ,1
Wheat,Lok-1,Local,1
Wheat,Lok-1,Non-FAQ,1
Wheat,Lokwan,FAQ,1
Wheat,Lokwan,Local,1
Wheat,Lokwan,Non-FAQ,1
Wheat,Lokwan Gujrat,FAQ,1
Wheat,Lokwan Gujrat,Local,1
Wheat,Lokwan Gujrat,Non-FAQ,1
Wheat,Lokwan MP No. 1,FAQ,1
Wheat,Lokwan MP No. 2,FAQ,1
Wheat,MP (Desi),FAQ,1
Wheat,MP Lokwan,FAQ,1
Wheat,MP Quality,FAQ,1
Wheat,MP Sharbati,FAQ,1
Wheat,MP Sharbati,Non-FAQ,1
Wheat,Maharashtra 2189,FAQ,1
Wheat,Maharashtra 2189,Non-FAQ,1
Wheat,Malwa Shakti,FAQ,1
Wheat,Malwa Shakti,Non-FAQ,1
Wheat,Medium,FAQ,1
Wheat,Medium,Non-FAQ,1
Wheat,Medium,Ref grade-1,1
Wheat,Medium Fine,FAQ,1
Wheat,Medium Fine,Medium,1
Wheat,Medium Fine,Non-FAQ,1
Wheat,Mexican,FAQ,1
Wheat,Mexican,Local,1
Wheat,Mexican,Ref grade-1,1
Wheat,Milbar,FAQ,1
Wheat,Milbar,Non-FAQ,1
Wheat,Mill Quality,FAQ,1
Wheat,Mill Quality,Non-FAQ,1
Wheat,Mohan Mondal,FAQ,1
Wheat,Mohan Mondal,Non-FAQ,1
Wheat,Other,FAQ,1
Wheat,Other,Grade Range-1,1
Wheat,Other,Grade Range-2,1
Wheat,Other,Large,1
Wheat,Other,Local,1
Wheat,Other,Medium,1
Wheat,Other,Non-FAQ,1
Wheat,Other,Ref grade-1,1
Wheat,Other,Small,1
Wheat,PBW-154,FAQ,1
Wheat,PBW-343,FAQ,1
Wheat,PBW-373,FAQ,1
Wheat,PISSI,FAQ,1
Wheat,PISSI,Local,1
Wheat,PISSI,Non-FAQ,1
Wheat,Punjab - Sona Kalyan,FAQ,1
Wheat,RR21,FAQ,1
Wheat,Rajasthan Tukdi,FAQ,1
Wheat,Rajasthan Tukdi,Non-FAQ,1
Wheat,Red,FAQ,1
Wheat,Red,Medium,1
Wheat,Red,Ref grade-1,1
Wheat,Red,Ref grade-2,1
Wheat,Sechor No. 1,FAQ,1
Wheat,Sharbati,FAQ,1
Wheat,Sharbati,Non-FAQ,1
Wheat,Sona,FAQ,1
Wheat,Sona,Local,1
Wheat,Sona,Medium,1
Wheat,Sonalika,FAQ,1
Wheat,Sonalika,Non-FAQ,1
Wheat,Sujata,FAQ,1
Wheat,Sujata,Non-FAQ,1
Wheat,Super Fine,FAQ,1
Wheat,Super Fine,Local,1
Wheat,Super Fine,Medium,1
Wheat,Super Fine,Ref grade-1,1
Wheat,Super Fine,Ref grade-2,1
Wheat,Superior,FAQ,1
Wheat,UP 308,FAQ,1
Wheat,WH-542,FAQ,1
Wheat,WL711,FAQ,1
Wheat,Wheat,FAQ,1
Wheat,Wheat,Local,1
Wheat,Wheat,Non-FAQ,1
Wheat,Wheat Mix,FAQ,1
Wheat,Wheat Mix,Non-FAQ,1
Wheat,Wheat-Organic,FAQ,1
Wheat,Wheat-Organic,Non-FAQ,1
Wheat,White,FAQ,1
Wheat,White,Local,1
Wheat,White,Medium,1
Wheat,White,Non-FAQ,1
Wheat,White,Ref grade-1,1
Wheat Atta,Other,FAQ,287
Wheat Atta,Wheat Atta,FAQ,287
White Muesli,Safed Musli-Organic,FAQ,429
White Muesli,Safed Musli-Organic,Local,429
White Muesli,White Muesli,FAQ,429
White Peas,Other,FAQ,412
White Peas,Other,Local,412
White Peas,White Peas,FAQ,412
White Peas,White Peas,Local,412
White Pumpkin,Other,FAQ,158
White Pumpkin,White Pumpkin,FAQ,158
White Pumpkin,White Pumpkin,Large,158
White Pumpkin,White Pumpkin,Local,158
White Pumpkin,White Pumpkin,Medium,158
White Pumpkin,White Pumpkin,Ref grade-1,158
White Pumpkin,White Pumpkin,Ref grade-2,158
White Pumpkin,White Pumpkin,Small,158
Wood,Beete (Rose),FAQ,203
Wood,Casuarina,FAQ,203
Wood,Casuarina,Local,203
Wood,Casuarina,Medium,203
Wood,Casuarina,Small,203
Wood,Eucalyptus,FAQ,203
Wood,Eucalyptus,Grade Range-2,203
Wood,Eucalyptus,Local,203
Wood,Eucalyptus,Medium,203
Wood,Eucalyptus,Small,203
Wood,Other,FAQ,203
Wood,Other,Local,203
Wood,Other,Medium,203
Wood,Silveroak,FAQ,203
Wood,Subabul,FAQ,203
Wood,Subabul,Large,203
Wood,Subabul,Local,203
Wood,Subabul,Medium,203
Wood,Subabul,Small,203
Wool,Wool,FAQ,348
Yam,Other,FAQ,244
Yam,Yam,FAQ,244
Yam,Yam,Local,244
Yam,Yam,Medium,244
Yam,Yam,Small,244
Yam (Ratalu),Other,FAQ,297
Yam (Ratalu),Other,Grade A,297
Yam (Ratalu),Other,Grade B,297
Yam (Ratalu),Other,Large,297
Yam (Ratalu),Other,Local,297
Yam (Ratalu),Other,Medium,297
Yam (Ratalu),Yam (Ratalu),FAQ,297
Yam (Ratalu),Yam (Ratalu),Grade A,297
Yam (Ratalu),Yam (Ratalu),Local,297
basil,Basil,FAQ,435
basil,Basil leaves,FAQ,435
basil,Basil seed,FAQ,435
basil,Basil wild,FAQ,435
buttery,Buttery,FAQ,416
buttery,Buttery-Organic,FAQ,416
dhawai flowers,Flowers of Dhavai,FAQ,442
dried mango,Aam khatai,FAQ,423
dried mango,Amacaria,FAQ,423
dried mango,Dried Mango-Organic,FAQ,423
dried mango,Pulp free,FAQ,423
dried mango,with pulp,FAQ,423
gulli,Gulli,FAQ,461
gulli,Gulli-Organic,FAQ,461
karanja seeds,Karanja Seeds,FAQ,439
kutki,Kutki/gnat,FAQ,415
kutki,Kutki/gnat,FAQ,426
liquor turmeric,Daru haldi,FAQ,432
mango powder,Amchoor-Organic,FAQ,422
mango powder,Amchur,FAQ,422
nigella,Kalonji,FAQ,424
nigella seeds,Kalonji,FAQ,424
nigella seeds,Kalonji,FAQ,445
nigella seeds,Kalonji/Nigella,FAQ,424
nigella seeds,Kalonji/Nigella,FAQ,445
nigella seeds,nigella seeds-Organic,FAQ,424
nigella seeds,nigella seeds-Organic,FAQ,445
poppy seeds,Khaskhas,FAQ,421
poppy seeds,Poppy seed,FAQ,421
poppy seeds,Poppy seeds-Organic,FAQ,421
sanay,Sennai,FAQ,433
spikenard,jatamasi,FAQ,455
stevia,Stevia,FAQ,440
stone pulverizer,Stone Crusher,FAQ,430
stone pulverizer,Stone Crusher,Local,430
tulip,Tulip,FAQ,463
vadang,Y Windg,FAQ,436
