State,District,Market
Andaman and Nicobar,Nicobar,Car Nicobar
Andaman and Nicobar,North and Middle Andaman,Diglipur
Andaman and Nicobar,North and Middle Andaman,Mayabandar
Andaman and Nicobar,South Andaman,Port Blair
Andhra Pradesh,Alluri Sitharama Raju,Rampachodvaram APMC
Andhra Pradesh,Anantapur,Anantapur
Andhra Pradesh,Anantapur,Anantapur APMC
Andhra Pradesh,Anantapur,Dharmavaram
Andhra Pradesh,Anantapur,Gooti
Andhra Pradesh,Anantapur,Guntakal
Andhra Pradesh,Anantapur,Hindupur
Andhra Pradesh,Anantapur,Hindupur APMC
Andhra Pradesh,Anantapur,Kadiri
Andhra Pradesh,Anantapur,Kalyandurg
Andhra Pradesh,Anantapur,Madakasira
Andhra Pradesh,Anantapur,Penukonda
Andhra Pradesh,Anantapur,Rayadurg
Andhra Pradesh,Anantapur,Tadipatri
Andhra Pradesh,Anantapur,Tenakallu
Andhra Pradesh,Annamayya,Valmikipuram APMC
Andhra Pradesh,Chittor,Bangarupalem
Andhra Pradesh,Chittor,Chittoor
Andhra Pradesh,Chittor,Chittoor APMC
Andhra Pradesh,Chittor,Kalikiri
Andhra Pradesh,Chittor,Kalikiri APMC
Andhra Pradesh,Chittor,Kuppam
Andhra Pradesh,Chittor,Madanapalli
Andhra Pradesh,Chittor,Madanapalli APMC
Andhra Pradesh,Chittor,Mulakalacheruvu
Andhra Pradesh,Chittor,Nagalapuram
Andhra Pradesh,Chittor,Pakala
Andhra Pradesh,Chittor,Palamaner
Andhra Pradesh,Chittor,Palamaner APMC
Andhra Pradesh,Chittor,Piler
Andhra Pradesh,Chittor,Punganur
Andhra Pradesh,Chittor,Punganur APMC
Andhra Pradesh,Chittor,Puttur
Andhra Pradesh,Chittor,Rompicherla
Andhra Pradesh,Chittor,Somala
Andhra Pradesh,Chittor,Srikalahasti
Andhra Pradesh,Chittor,Thottambedu
Andhra Pradesh,Chittor,Tirupati
Andhra Pradesh,Chittor,Vayalapadu
Andhra Pradesh,Chittor,Vepanjari
Andhra Pradesh,Cuddapah,Cuddapah
Andhra Pradesh,Cuddapah,Cuddapah APMC
Andhra Pradesh,Cuddapah,Jammalamadugu
Andhra Pradesh,Cuddapah,Lakkireddipally
Andhra Pradesh,Cuddapah,Mydukur
Andhra Pradesh,Cuddapah,Proddatur
Andhra Pradesh,Cuddapah,Pulivendala
Andhra Pradesh,Cuddapah,Pulivendala APMC
Andhra Pradesh,Cuddapah,Rajampet
Andhra Pradesh,Cuddapah,Siddavatam
Andhra Pradesh,East Godavari,Alamuru
Andhra Pradesh,East Godavari,Allavaram
Andhra Pradesh,East Godavari,Ambajipeta
Andhra Pradesh,East Godavari,Ambajipeta APMC
Andhra Pradesh,East Godavari,Anaparthy
Andhra Pradesh,East Godavari,Jaggampet
Andhra Pradesh,East Godavari,Jaggampet APMC
Andhra Pradesh,East Godavari,Kakinada
Andhra Pradesh,East Godavari,Karapa
Andhra Pradesh,East Godavari,Kothapeta
Andhra Pradesh,East Godavari,Mandapeta
Andhra Pradesh,East Godavari,Mummidivaram
Andhra Pradesh,East Godavari,Nagaram
Andhra Pradesh,East Godavari,Peddapuram
Andhra Pradesh,East Godavari,Pithapuram
Andhra Pradesh,East Godavari,Prattipadu
Andhra Pradesh,East Godavari,Rajahmundry
Andhra Pradesh,East Godavari,Ravulapelem
Andhra Pradesh,East Godavari,Ravulapelem APMC
Andhra Pradesh,East Godavari,Razole
Andhra Pradesh,East Godavari,Samalkot
Andhra Pradesh,East Godavari,Sampara
Andhra Pradesh,East Godavari,Tellarevu
Andhra Pradesh,East Godavari,Tuni
Andhra Pradesh,Guntur,Bapatla
Andhra Pradesh,Guntur,Duggirala
Andhra Pradesh,Guntur,Duggirala APMC
Andhra Pradesh,Guntur,Guntur
Andhra Pradesh,Guntur,Guntur APMC
Andhra Pradesh,Guntur,Ipur
Andhra Pradesh,Guntur,Krosuru
Andhra Pradesh,Guntur,Narasaraopet
Andhra Pradesh,Guntur,Pidugurala (Palnadu)
Andhra Pradesh,Guntur,Sattenapalli
Andhra Pradesh,Guntur,Tadikonda
Andhra Pradesh,Guntur,Tenali
Andhra Pradesh,Guntur,Tenali APMC
Andhra Pradesh,Guntur,Vinukonda
Andhra Pradesh,Krishna,Divi
Andhra Pradesh,Krishna,Divi APMC
Andhra Pradesh,Krishna,Jaggayyapeta
Andhra Pradesh,Krishna,Kaikaluru
Andhra Pradesh,Krishna,Kalidindi
Andhra Pradesh,Krishna,Kanchekacherla
Andhra Pradesh,Krishna,Malleswaram
Andhra Pradesh,Krishna,Mylavaram
Andhra Pradesh,Krishna,Nandigama
Andhra Pradesh,Krishna,Nuzvid
Andhra Pradesh,Krishna,Pamarru
Andhra Pradesh,Krishna,Penamaluru
Andhra Pradesh,Krishna,Tiruvuru
Andhra Pradesh,Krishna,Tiruvuru APMC
Andhra Pradesh,Krishna,Vuyyur
Andhra Pradesh,Kurnool,"A.A.Nagar,Kurnool,RBZ"
Andhra Pradesh,Kurnool,Adoni
Andhra Pradesh,Kurnool,Adoni APMC
Andhra Pradesh,Kurnool,Allagadda
Andhra Pradesh,Kurnool,Alur
Andhra Pradesh,Kurnool,Atmakur
Andhra Pradesh,Kurnool,Banaganapalli
Andhra Pradesh,Kurnool,Dhone
Andhra Pradesh,Kurnool,Koilkunta
Andhra Pradesh,Kurnool,Kurnool
Andhra Pradesh,Kurnool,Kurnool APMC
Andhra Pradesh,Kurnool,Nandikotkur
Andhra Pradesh,Kurnool,Nandyal
Andhra Pradesh,Kurnool,Nandyal APMC
Andhra Pradesh,Kurnool,Pattikonda
Andhra Pradesh,Kurnool,Pattikonda APMC
Andhra Pradesh,Kurnool,Yemmiganur
Andhra Pradesh,Kurnool,Yemmiganur APMC
Andhra Pradesh,Nellore,Atmakur (SPS)
Andhra Pradesh,Nellore,Gudur
Andhra Pradesh,Nellore,Nellore
Andhra Pradesh,Nellore,Rapur
Andhra Pradesh,Nellore,Rapur APMC
Andhra Pradesh,Nellore,Sarvepalli APMC
Andhra Pradesh,Nellore,Vakadu
Andhra Pradesh,Nellore,Venkatagiri
Andhra Pradesh,Palnadu,Gurazala APMC
Andhra Pradesh,Prakasam,Giddalur
Andhra Pradesh,Prakasam,Kandukur
Andhra Pradesh,Prakasam,Kanigiri
Andhra Pradesh,Prakasam,Martur
Andhra Pradesh,Prakasam,Parchur
Andhra Pradesh,Prakasam,Podili
Andhra Pradesh,Srikakulam,Amadalavalasa
Andhra Pradesh,Srikakulam,Hiramandalam
Andhra Pradesh,Srikakulam,Ichapuram
Andhra Pradesh,Srikakulam,Kanchili
Andhra Pradesh,Srikakulam,Kothabommali
Andhra Pradesh,Srikakulam,Narasannapet
Andhra Pradesh,Srikakulam,Palakonda
Andhra Pradesh,Srikakulam,Pathapatnam
Andhra Pradesh,Srikakulam,Ponduru
Andhra Pradesh,Srikakulam,Rajam
Andhra Pradesh,Srikakulam,Sompeta
Andhra Pradesh,Srikakulam,Srikakulam
Andhra Pradesh,Vijayanagaram,Bobbili
Andhra Pradesh,Vijayanagaram,Chipurupalli
Andhra Pradesh,Vijayanagaram,Gajapathinagaram
Andhra Pradesh,Vijayanagaram,Kothavalasa
Andhra Pradesh,Vijayanagaram,Pusapatirega
Andhra Pradesh,Vijayanagaram,Saluru
Andhra Pradesh,Vijayanagaram,Vijayanagaram
Andhra Pradesh,Visakhapatnam,Anakapally
Andhra Pradesh,Visakhapatnam,Anakapally APMC
Andhra Pradesh,Visakhapatnam,Bhimunipatnam
Andhra Pradesh,Visakhapatnam,Chintapally
Andhra Pradesh,Visakhapatnam,Chodavaram
Andhra Pradesh,Visakhapatnam,Narsipatnam
Andhra Pradesh,Visakhapatnam,Paderu
Andhra Pradesh,Visakhapatnam,Paderu APMC
Andhra Pradesh,Visakhapatnam,Yellamanchili
Andhra Pradesh,West Godavari,Achanta
Andhra Pradesh,West Godavari,Akiveedu
Andhra Pradesh,West Godavari,Attili
Andhra Pradesh,West Godavari,Bhimadole
Andhra Pradesh,West Godavari,Bhimavaram
Andhra Pradesh,West Godavari,Chintalapudi
Andhra Pradesh,West Godavari,Chintalapudi APMC
Andhra Pradesh,West Godavari,Denduluru
Andhra Pradesh,West Godavari,Denduluru APMC
Andhra Pradesh,West Godavari,Eluru
Andhra Pradesh,West Godavari,Eluru APMC
Andhra Pradesh,West Godavari,Gopalavaram
Andhra Pradesh,West Godavari,Kovvur
Andhra Pradesh,West Godavari,Narsapuram
Andhra Pradesh,West Godavari,Palakole
Andhra Pradesh,West Godavari,Penugonda
Andhra Pradesh,West Godavari,Polavaram
Andhra Pradesh,West Godavari,Tadepalligudem
Andhra Pradesh,West Godavari,Tanuku
Andhra Pradesh,West Godavari,Undi
Andhra Pradesh,West Godavari,Ungatur
Arunachal Pradesh,Lower Subansiri,Ziro
Arunachal Pradesh,Papum Pore,Naharlagun
Assam,BONGAIGAON,Bongiagaon
Assam,Barpeta,Barpeta Road
Assam,Barpeta,Barpeta Road APMC
Assam,Barpeta,Bohorihat
Assam,Barpeta,Bohorihat APMC
Assam,Barpeta,Howly
Assam,Bongaigaon,Bijni APMC
Assam,Cachar,Bhaga
Assam,Cachar,Cachar
Assam,Cachar,Fatakbazar
Assam,Cachar,Gobindapur
Assam,Cachar,Kashipur
Assam,Cachar,Koroikandi
Assam,Cachar,Sonabarighat
Assam,Darrang,Balugaon
Assam,Darrang,Balugaon APMC
Assam,Darrang,Banglagarh
Assam,Darrang,Besimari
Assam,Darrang,Kharupetia
Assam,Darrang,Kharupetia APMC
Assam,Darrang,Tangni
Assam,Dhemaji,Silapathar
Assam,Dhemaji,Silapathar APMC
Assam,Dhubri,Bilasipara
Assam,Dhubri,Chapar
Assam,Dhubri,Dhubri APMC
Assam,Dhubri,Gauripur
Assam,Dhubri,Gauripur APMC
Assam,Dibrugarh,Dibrugarh
Assam,Goalpara,Darangiri Banana Market
Assam,Goalpara,Goalpara
Assam,Goalpara,Goalpara APMC
Assam,Goalpara,Jaleswar
Assam,Goalpara,Krishnai
Assam,Goalpara,Lakhipur
Assam,Goalpara,Simlitola
Assam,Goalpara,Sonari
Assam,Golaghat,Golaghat
Assam,Hailakandi,Hailakandi
Assam,Jorhat,Jorhat
Assam,Jorhat,Mariani
Assam,Kamrup,Brahmaputra Private Market
Assam,Kamrup,Fancy Bazaar APMC
Assam,Kamrup,P.O. Uparhali Guwahati
Assam,Kamrup,P.O. Uparhali Guwahati APMC
Assam,Kamrup,Pamohi (Garchuk)
Assam,Kamrup,Pamohi (Garchuk) APMC
Assam,Kamrup,Sontoli
Assam,Kamrup,Sontoli APMC
Assam,Karbi Anglong,Diphu
Assam,Karbi Anglong,Manja
Assam,Karbi Anglong,Sariahjan
Assam,Karimganj,Karimganj
Assam,Kokrajhar,Balajan Tiniali
Assam,Kokrajhar,Dotma Bazar
Assam,Kokrajhar,Gossaigaon
Assam,Kokrajhar,Gossaigaon APMC
Assam,Kokrajhar,Saraibil
Assam,Kokrajhar,Serfanguri
Assam,Kokrajhar,Srirampur
Assam,Lakhimpur,Anand Bazar
Assam,Lakhimpur,Baginadi
Assam,Lakhimpur,Ghilamara
Assam,Lakhimpur,Kakoi Weekly Market
Assam,Lakhimpur,North Lakhimpur
Assam,MORIGAON,Boralimari
Assam,MORIGAON,Burhagaon
Assam,MORIGAON,Jagiroad Dry Fish Market
Assam,MORIGAON,Kushtoli
Assam,MORIGAON,Laharighat
Assam,MORIGAON,Moirabari
Assam,Nagaon,Ambagan
Assam,Nagaon,Ambagan APMC
Assam,Nagaon,Dhing
Assam,Nagaon,Dhing APMC
Assam,Nagaon,Doomdumia APMC
Assam,Nagaon,Haibargaon
Assam,Nagaon,Haibargaon APMC
Assam,Nagaon,Lanka
Assam,Nalbari,Dhamdhama
Assam,Nalbari,Kumrikata
Assam,Nalbari,Mukalmua
Assam,Nalbari,Nalbari
Assam,Sibsagar,Moran
Assam,Sibsagar,Sibsagar
Assam,Sibsagar,Simalguri
Assam,Sibsagar,Sonari
Assam,Sonitpur,Bindukuri
Assam,Sonitpur,Dhekiajuli
Assam,Sonitpur,Dhekiajuli APMC
Assam,Tinsukia,Tinsukia
Bihar,Araria,Arreria
Bihar,Araria,Forbesganj
Bihar,Araria,Raniganj
Bihar,Arwal,Arwal
Bihar,Aurangabad,Amba
Bihar,Aurangabad,Aurangabad
Bihar,Aurangabad,Daunagar
Bihar,Banka,Amarpur
Bihar,Banka,Barahat
Bihar,Banka,Barahat APMC
Bihar,Banka,Rajaun
Bihar,Begusarai,Balliah
Bihar,Begusarai,Begusarai
Bihar,Begusarai,Teghra
Bihar,Bhagalpur,Bhagalpur
Bihar,Bhagalpur,Bihpur
Bihar,Bhagalpur,Kahalgaon
Bihar,Bhagalpur,Naugachiya
Bihar,Bhojpur,Aarah
Bihar,Bhojpur,Aarah APMC
Bihar,Bhojpur,Bihiya
Bihar,Bhojpur,Piro
Bihar,Bhojpur,Piro APMC
Bihar,Buxar,Brahmpur
Bihar,Buxar,Brahmpur APMC
Bihar,Buxar,Buxur
Bihar,Buxar,Buxur APMC
Bihar,Buxar,Dumarao
Bihar,Chhapra,Chhapra
Bihar,Darbhanga,Bahadurpur (Ekmi Ghat)
Bihar,Darbhanga,Benipir
Bihar,Darbhanga,Biraul
Bihar,Darbhanga,Darbhanga
Bihar,East Champaran/ Motihari,Chakia
Bihar,East Champaran/ Motihari,Chakia APMC
Bihar,East Champaran/ Motihari,Madhuban
Bihar,East Champaran/ Motihari,Motihari
Bihar,East Champaran/ Motihari,Raxaul
Bihar,Gaya,Gaya
Bihar,Gaya,Tekari
Bihar,Gopalgang,Gopalganj
Bihar,Jamui,Jamui
Bihar,Jamui,Sikandara
Bihar,Jehanabad,Jehanabad
Bihar,Kaimur/Bhabhua,Kaimur
Bihar,Kaimur/Bhabhua,Mohana
Bihar,Kaithar,Barari
Bihar,Kaithar,Barsoi
Bihar,Kaithar,"Gerabari, Korha Block"
Bihar,Kaithar,Katihar
Bihar,Khagaria,Khagaria
Bihar,Khagaria,Mansi Mandi
Bihar,Kishanganj,Bahadurganj
Bihar,Kishanganj,Bahadurganj APMC
Bihar,Kishanganj,Kishanganj
Bihar,Kishanganj,Thakurganj
Bihar,Luckeesarai,Lakhisarai
Bihar,Luckeesarai,Surjyagarha
Bihar,Madhepura,Bihariganj
Bihar,Madhepura,Murliganj
Bihar,Madhepura,Singheswarsthan
Bihar,Madhubani,Benipatti
Bihar,Madhubani,Jahajharpur
Bihar,Madhubani,Jainagar
Bihar,Madhubani,Madhubani
Bihar,Munghair,Munghair
Bihar,Muzaffarpur,Bhagwanpur Mandi
Bihar,Muzaffarpur,Muzaffarpur
Bihar,Muzaffarpur,Muzaffarpur APMC
Bihar,Nalanda,Biharsharif
Bihar,Nalanda,Harnaut
Bihar,Nawada,Nawada
Bihar,Nawada,Rajauli
Bihar,Patna,Bihta
Bihar,Patna,Danapur
Bihar,Patna,Mokama
Bihar,Patna,Patna (Musallahpur)
Bihar,Patna,Patna City
Bihar,Purnea,Bhawanipur
Bihar,Purnea,Gulabbagh
Bihar,Purnea,Kaswa
Bihar,Rohtas,Dehri
Bihar,Rohtas,Kochas (Balthari)
Bihar,Rohtas,Kochas (Balthari) APMC
Bihar,Rohtas,Natwar
Bihar,Rohtas,Natwar APMC
Bihar,Rohtas,Nokha
Bihar,Rohtas,Sasaram
Bihar,Rohtas,Sasaram APMC
Bihar,Rohtas,Vikramganj
Bihar,Saharsa,Saharsa
Bihar,Samastipur,Saidpurhat
Bihar,Samastipur,Samastipur
Bihar,Samastipur,Tajpur
Bihar,Samastipur,Tajpur APMC
Bihar,Saran,Sonpur
Bihar,Sheikhpura,Barbigha
Bihar,Sheikhpura,Barbigha APMC
Bihar,Sheikhpura,Shekhpura
Bihar,Sheikhpura,Shekhpura APMC
Bihar,Sheohar,Sheohar
Bihar,Sheohar,Sheohar APMC
Bihar,Sitamarhi,Sitamarhi
Bihar,Siwan,Maharjganj
Bihar,Siwan,Siwan
Bihar,Supaul,Birpur
Bihar,Supaul,Supaul
Bihar,Supaul,Triveniganj
Bihar,Vaishali,Hajipur
Bihar,Vaishali,"Jaitipir Mandi, Lalganj block"
Bihar,Vaishali,"Parsoniya Mandi, Mahua block"
Bihar,West Chambaran,Bettiah
Bihar,West Chambaran,Narkatiaganj
Bihar,West Chambaran,Ramnagar
Chandigarh,Chandigarh,Chandigarh (Grain/Fruit)
Chandigarh,Chandigarh,Chandigarh (Grain/Fruit) APMC
Chattisgarh,Balod,Balod
Chattisgarh,Balod,Balod APMC
Chattisgarh,Balod,Dondi
Chattisgarh,Balod,Dondi APMC
Chattisgarh,Balod,Dondilohara
Chattisgarh,Balod,Dondilohara APMC
Chattisgarh,Balod,Gurur
Chattisgarh,Balod,Gurur APMC
Chattisgarh,Balodabazar,Balodabazar
Chattisgarh,Balodabazar,Balodabazar APMC
Chattisgarh,Balodabazar,Bhatapara
Chattisgarh,Balodabazar,Bhatapara APMC
Chattisgarh,Balodabazar,Bhatgaon
Chattisgarh,Balodabazar,Bhatgaon APMC
Chattisgarh,Balodabazar,Kasdol
Chattisgarh,Balodabazar,Kasdol APMC
Chattisgarh,Balodabazar,Sarsiwan
Chattisgarh,Balodabazar,Sarsiwan APMC
Chattisgarh,Balrampur,Bariya
Chattisgarh,Balrampur,Kusmee
Chattisgarh,Balrampur,Kusmee APMC
Chattisgarh,Balrampur,Rajpur
Chattisgarh,Balrampur,Rajpur APMC
Chattisgarh,Balrampur,Ramanujganj
Chattisgarh,Balrampur,Ramanujganj APMC
Chattisgarh,Bastar,Bastar
Chattisgarh,Bastar,Bastar APMC
Chattisgarh,Bastar,Devda
Chattisgarh,Bastar,Devda APMC
Chattisgarh,Bastar,Jagdalpur
Chattisgarh,Bastar,Jagdalpur APMC
Chattisgarh,Bastar,Jaitgiri
Chattisgarh,Bastar,Jaitgiri APMC
Chattisgarh,Bastar,Karpawand
Chattisgarh,Bastar,Karpawand APMC
Chattisgarh,Bastar,Lohandiguda
Chattisgarh,Bastar,Lohandiguda APMC
Chattisgarh,Bastar,Muli
Chattisgarh,Bastar,Muli APMC
Chattisgarh,Bastar,Tokapal
Chattisgarh,Bastar,Tokapal APMC
Chattisgarh,Bemetara,Bemetara
Chattisgarh,Bemetara,Bemetara (Navagarh)
Chattisgarh,Bemetara,Bemetara (Thankhamaria)
Chattisgarh,Bemetara,Berla
Chattisgarh,Bemetara,Dadhi
Chattisgarh,Bemetara,Saja
Chattisgarh,Bemetara,Sambalpur (Bemetra)
Chattisgarh,Bijapur,Bharamgarh
Chattisgarh,Bijapur,Bharamgarh APMC
Chattisgarh,Bijapur,Bhopalpattnam
Chattisgarh,Bijapur,Bhopalpattnam APMC
Chattisgarh,Bijapur,Bijapur
Chattisgarh,Bijapur,Bijapur APMC
Chattisgarh,Bilaspur,Bilaspur
Chattisgarh,Bilaspur,Bilaspur APMC
Chattisgarh,Bilaspur,Bilha
Chattisgarh,Bilaspur,Jairamnagar
Chattisgarh,Bilaspur,Kota
Chattisgarh,Bilaspur,Kota APMC
Chattisgarh,Bilaspur,Pendraroad
Chattisgarh,Bilaspur,Pendraroad APMC
Chattisgarh,Bilaspur,Ratanpur
Chattisgarh,Bilaspur,Ratanpur APMC
Chattisgarh,Bilaspur,Sakri
Chattisgarh,Bilaspur,Takhatpur
Chattisgarh,Bilaspur,Takhatpur APMC
Chattisgarh,Bilaspur,Tiphra
Chattisgarh,Bilaspur,Tiphra APMC
Chattisgarh,Dantewada,Gidam
Chattisgarh,Dantewada,Gidam APMC
Chattisgarh,Dhamtari,Aamdi
Chattisgarh,Dhamtari,Belarbahara
Chattisgarh,Dhamtari,Belargaon
Chattisgarh,Dhamtari,Belargaon APMC
Chattisgarh,Dhamtari,Belora
Chattisgarh,Dhamtari,Bhakhara
Chattisgarh,Dhamtari,Bhendri
Chattisgarh,Dhamtari,Boraee
Chattisgarh,Dhamtari,Boraee APMC
Chattisgarh,Dhamtari,Chhati
Chattisgarh,Dhamtari,Dhamtari
Chattisgarh,Dhamtari,Dhamtari APMC
Chattisgarh,Dhamtari,Gattasilli
Chattisgarh,Dhamtari,Gattasilli APMC
Chattisgarh,Dhamtari,Kurud
Chattisgarh,Dhamtari,Kurud APMC
Chattisgarh,Dhamtari,Nagari
Chattisgarh,Dhamtari,Nagari APMC
Chattisgarh,Dhamtari,Risgaon
Chattisgarh,Durg,Durg
Chattisgarh,Durg,Durg APMC
Chattisgarh,Durg,Khamhariya
Chattisgarh,Gariyaband,Chura
Chattisgarh,Gariyaband,Chura APMC
Chattisgarh,Gariyaband,Devbhog
Chattisgarh,Gariyaband,Gariyaband
Chattisgarh,Gariyaband,Gariyaband APMC
Chattisgarh,Gariyaband,Phingeshwer
Chattisgarh,Gariyaband,Rajim
Chattisgarh,Gariyaband,Rajim APMC
Chattisgarh,Janjgir,Akaltara
Chattisgarh,Janjgir,Akaltara APMC
Chattisgarh,Janjgir,Amadula
Chattisgarh,Janjgir,Amadula APMC
Chattisgarh,Janjgir,Baloda (Janjgir Campus)
Chattisgarh,Janjgir,Baradwar
Chattisgarh,Janjgir,Birra
Chattisgarh,Janjgir,Birra APMC
Chattisgarh,Janjgir,Champa
Chattisgarh,Janjgir,Champa APMC
Chattisgarh,Janjgir,Chandrapur
Chattisgarh,Janjgir,Hasoad
Chattisgarh,Janjgir,Jaijaipur
Chattisgarh,Janjgir,Jaijaipur APMC
Chattisgarh,Janjgir,Kotmi
Chattisgarh,Janjgir,Naila
Chattisgarh,Janjgir,Naila APMC
Chattisgarh,Janjgir,Rahod
Chattisgarh,Janjgir,Shakti
Chattisgarh,Janjgir,Shakti APMC
Chattisgarh,Janjgir,Shivrinarayanpur
Chattisgarh,Jashpur,Jaspur
Chattisgarh,Jashpur,Jaspur APMC
Chattisgarh,Jashpur,Kotba
Chattisgarh,Jashpur,Kotba APMC
Chattisgarh,Jashpur,Kunkuri
Chattisgarh,Jashpur,Kunkuri APMC
Chattisgarh,Jashpur,Pathalgaon
Chattisgarh,Jashpur,Pathalgaon APMC
Chattisgarh,Kabirdham,Biranpur kalan (Sahaspur Lohra)
Chattisgarh,Kabirdham,Kawardha
Chattisgarh,Kabirdham,Kawardha APMC
Chattisgarh,Kabirdham,Pandariya
Chattisgarh,Kabirdham,Pandariya APMC
Chattisgarh,Kabirdham,Pipriya
Chattisgarh,Kabirdham,Pipriya APMC
Chattisgarh,Kanker,Amoda
Chattisgarh,Kanker,Amoda APMC
Chattisgarh,Kanker,Antagarh
Chattisgarh,Kanker,Bardewri
Chattisgarh,Kanker,Bardewri APMC
Chattisgarh,Kanker,Bhanupratappur
Chattisgarh,Kanker,Bhanupratappur APMC
Chattisgarh,Kanker,Charama
Chattisgarh,Kanker,Charama APMC
Chattisgarh,Kanker,Dudhawa
Chattisgarh,Kanker,Dudhawa APMC
Chattisgarh,Kanker,Kanker
Chattisgarh,Kanker,Kanker APMC
Chattisgarh,Kanker,Korar
Chattisgarh,Kanker,Korar APMC
Chattisgarh,Kanker,Lakhanpuri
Chattisgarh,Kanker,Lakhanpuri APMC
Chattisgarh,Kanker,Narharpur
Chattisgarh,Kanker,Narharpur APMC
Chattisgarh,Kanker,Pakhanjur
Chattisgarh,Kanker,Sambalpur
Chattisgarh,Kanker,Sambalpur APMC
Chattisgarh,Kanker,Sarona
Chattisgarh,Kanker,Sarona APMC
Chattisgarh,Kondagaon,Bededonger
Chattisgarh,Kondagaon,Bededonger APMC
Chattisgarh,Kondagaon,Chhinari
Chattisgarh,Kondagaon,Dhanora
Chattisgarh,Kondagaon,Dhanora APMC
Chattisgarh,Kondagaon,Gamhari
Chattisgarh,Kondagaon,Gamhari APMC
Chattisgarh,Kondagaon,Hirapur
Chattisgarh,Kondagaon,Hirapur APMC
Chattisgarh,Kondagaon,Keshkal
Chattisgarh,Kondagaon,Keshkal APMC
Chattisgarh,Kondagaon,Kondagoan
Chattisgarh,Kondagaon,Kondagoan APMC
Chattisgarh,Kondagaon,Makdi
Chattisgarh,Kondagaon,Makdi APMC
Chattisgarh,Kondagaon,Mardapal
Chattisgarh,Kondagaon,Pharasgaon
Chattisgarh,Kondagaon,Pharasgaon APMC
Chattisgarh,Kondagaon,Vishrampur
Chattisgarh,Kondagaon,Vishrampur APMC
Chattisgarh,Korba,Bhaisma
Chattisgarh,Korba,Katghora
Chattisgarh,Korba,Katghora APMC
Chattisgarh,Koria,Baikunthpur
Chattisgarh,Koria,Baikunthpur APMC
Chattisgarh,Koria,Manendragarh
Chattisgarh,Koria,Manendragarh APMC
Chattisgarh,Mahasamund,Bagbahra
Chattisgarh,Mahasamund,Bagbahra APMC
Chattisgarh,Mahasamund,Basana
Chattisgarh,Mahasamund,Basana APMC
Chattisgarh,Mahasamund,Bhavarpur
Chattisgarh,Mahasamund,Bhavarpur APMC
Chattisgarh,Mahasamund,Bheemkhoj
Chattisgarh,Mahasamund,Bhoring
Chattisgarh,Mahasamund,Bhoring APMC
Chattisgarh,Mahasamund,Bhurkoni
Chattisgarh,Mahasamund,Jhalap
Chattisgarh,Mahasamund,Komakhan
Chattisgarh,Mahasamund,Mahasamund
Chattisgarh,Mahasamund,Pirda
Chattisgarh,Mahasamund,Pithoura
Chattisgarh,Mahasamund,Sakra
Chattisgarh,Mahasamund,Sarayapali
Chattisgarh,Mahasamund,Tendukona
Chattisgarh,Mungeli,Lormi
Chattisgarh,Mungeli,Lormi APMC
Chattisgarh,Mungeli,Munguli
Chattisgarh,Mungeli,Munguli APMC
Chattisgarh,Mungeli,Pathriya
Chattisgarh,Mungeli,Sargaon
Chattisgarh,Narayanpur,Narayanpur
Chattisgarh,Narayanpur,Narayanpur APMC
Chattisgarh,Raigarh,Baramkela
Chattisgarh,Raigarh,Baramkela APMC
Chattisgarh,Raigarh,Chikhli
Chattisgarh,Raigarh,Dharamjaygarh
Chattisgarh,Raigarh,Dharamjaygarh APMC
Chattisgarh,Raigarh,Gharghoda
Chattisgarh,Raigarh,Gharghoda APMC
Chattisgarh,Raigarh,Kedar
Chattisgarh,Raigarh,Kedar APMC
Chattisgarh,Raigarh,Kharsiya
Chattisgarh,Raigarh,Kharsiya APMC
Chattisgarh,Raigarh,Pusor
Chattisgarh,Raigarh,Raigarh
Chattisgarh,Raigarh,Raigarh APMC
Chattisgarh,Raigarh,Salihabhata
Chattisgarh,Raigarh,Sarangarh
Chattisgarh,Raigarh,Sarangarh APMC
Chattisgarh,Raigarh,Sariya
Chattisgarh,Raigarh,Sariya APMC
Chattisgarh,Raipur,Abhanpur
Chattisgarh,Raipur,Abhanpur APMC
Chattisgarh,Raipur,Arang
Chattisgarh,Raipur,Arang APMC
Chattisgarh,Raipur,Kharora
Chattisgarh,Raipur,Navagaon
Chattisgarh,Raipur,Navapara
Chattisgarh,Raipur,Neora
Chattisgarh,Raipur,Raipur
Chattisgarh,Raipur,Raipur APMC
Chattisgarh,Raipur,Silyari APMC
Chattisgarh,Raipur,Tulsi APMC
Chattisgarh,Rajnandgaon,Ambagarh Chowki
Chattisgarh,Rajnandgaon,Bandhabazar
Chattisgarh,Rajnandgaon,Bandhabazar APMC
Chattisgarh,Rajnandgaon,Bazar Atriya
Chattisgarh,Rajnandgaon,Chhuria
Chattisgarh,Rajnandgaon,Dongargaon
Chattisgarh,Rajnandgaon,Dongargarh
Chattisgarh,Rajnandgaon,Gandai
Chattisgarh,Rajnandgaon,Gandai APMC
Chattisgarh,Rajnandgaon,Kheragarh
Chattisgarh,Rajnandgaon,Kheragarh APMC
Chattisgarh,Rajnandgaon,Rajnandgaon
Chattisgarh,Rajnandgaon,Rajnandgaon APMC
Chattisgarh,Sukma,Doranpal
Chattisgarh,Sukma,Doranpal APMC
Chattisgarh,Sukma,Konta
Chattisgarh,Sukma,Konta APMC
Chattisgarh,Sukma,Kukanar
Chattisgarh,Sukma,Kukanar APMC
Chattisgarh,Sukma,Sukma
Chattisgarh,Sukma,Sukma APMC
Chattisgarh,Surajpur,Pratappur
Chattisgarh,Surajpur,Pratappur APMC
Chattisgarh,Surajpur,Surajpur
Chattisgarh,Surajpur,Surajpur APMC
Chattisgarh,Surguja,Ambikapur
Chattisgarh,Surguja,Ambikapur APMC
Chattisgarh,Surguja,Kakni
Chattisgarh,Surguja,Raghunathpur
Chattisgarh,Surguja,Raghunathpur APMC
Chattisgarh,Surguja,Sitapur
Chattisgarh,Surguja,Sitapur APMC
Chattisgarh,Surguja,Udaypur
Chattisgarh,Surguja,Udaypur APMC
Goa,North Goa,Mapusa
Goa,North Goa,Mapusa APMC
Goa,North Goa,Pernem
Goa,North Goa,Sanquelim
Goa,North Goa,Sanquelim APMC
Goa,North Goa,Valpol
Goa,North Goa,Valpol APMC
Goa,South Goa,Canacona
Goa,South Goa,Canacona APMC
Goa,South Goa,Curchorem
Goa,South Goa,Curchorem APMC
Goa,South Goa,Margao
Goa,South Goa,Margao APMC
Goa,South Goa,Ponda
Goa,South Goa,Ponda APMC
Gujarat,Ahmedabad,Ahmedabad
Gujarat,Ahmedabad,Ahmedabad (Chimanbhai Patal Market Vasana)
Gujarat,Ahmedabad,Ahmedabad (Chimanbhai Patal Market Vasana) APMC
Gujarat,Ahmedabad,"Ahmedabad (Fruit Market, Naroda)"
Gujarat,Ahmedabad,Ahmedabad (Manekchowk)
Gujarat,Ahmedabad,Ahmedabad (Rajnagar sub yard)
Gujarat,Ahmedabad,Ahmedabad APMC
Gujarat,Ahmedabad,Bavla
Gujarat,Ahmedabad,Dhandhuka
Gujarat,Ahmedabad,Dhandhuka APMC
Gujarat,Ahmedabad,Dholka
Gujarat,Ahmedabad,Dholka (Koth)
Gujarat,Ahmedabad,Dholka APMC
Gujarat,Ahmedabad,Mandal
Gujarat,Ahmedabad,Mandal APMC
Gujarat,Ahmedabad,Sanad
Gujarat,Ahmedabad,Sanad APMC
Gujarat,Ahmedabad,Viramgam
Gujarat,Ahmedabad,Viramgam APMC
Gujarat,Amreli,Amreli
Gujarat,Amreli,Amreli APMC
Gujarat,Amreli,Babra
Gujarat,Amreli,Babra APMC
Gujarat,Amreli,Bagasara
Gujarat,Amreli,Bagasara APMC
Gujarat,Amreli,Damnagar
Gujarat,Amreli,Damnagar APMC
Gujarat,Amreli,Dhari
Gujarat,Amreli,Dhari (Chalala)
Gujarat,Amreli,Dhari APMC
Gujarat,Amreli,Khambha
Gujarat,Amreli,Rajula
Gujarat,Amreli,Rajula APMC
Gujarat,Amreli,Savarkundla
Gujarat,Amreli,Savarkundla APMC
Gujarat,Anand,Anand
Gujarat,Anand,"Anand (Veg,Yard,Anand)"
Gujarat,Anand,"Anand (Veg,Yard,Anand) APMC"
Gujarat,Anand,Borsad
Gujarat,Anand,Borsad (Veg Yard Barsad)
Gujarat,Anand,Borsad APMC
Gujarat,Anand,Khambhat
Gujarat,Anand,Khambhat (Grain Market)
Gujarat,Anand,Khambhat (Grain Market) APMC
Gujarat,Anand,Khambhat (Veg Yard Khambhat)
Gujarat,Anand,Khambhat (Veg Yard Khambhat) APMC
Gujarat,Anand,Petlad
Gujarat,Anand,"Petlad (Veg Yard, Petlad)"
Gujarat,Anand,Tarapur
Gujarat,Anand,Tarapur APMC
Gujarat,Anand,Umreth
Gujarat,Anand,Umreth APMC
Gujarat,Banaskanth,Amirgadh
Gujarat,Banaskanth,Amirgadh APMC
Gujarat,Banaskanth,Bhabhar
Gujarat,Banaskanth,Bhabhar APMC
Gujarat,Banaskanth,Deesa
Gujarat,Banaskanth,Deesa (Bhildi)
Gujarat,Banaskanth,Deesa (Bhildi) APMC
Gujarat,Banaskanth,Deesa (Deesa Veg Yard)
Gujarat,Banaskanth,Deesa (Deesa Veg Yard) APMC
Gujarat,Banaskanth,Deesa APMC
Gujarat,Banaskanth,Dhanera
Gujarat,Banaskanth,Dhanera APMC
Gujarat,Banaskanth,Diyodar
Gujarat,Banaskanth,Diyodar APMC
Gujarat,Banaskanth,Lakhani
Gujarat,Banaskanth,Lakhani APMC
Gujarat,Banaskanth,Palanpur
Gujarat,Banaskanth,Palanpur APMC
Gujarat,Banaskanth,Panthawada
Gujarat,Banaskanth,Thara
Gujarat,Banaskanth,Thara (Shihori)
Gujarat,Banaskanth,Thara (Shihori) APMC
Gujarat,Banaskanth,Thara APMC
Gujarat,Banaskanth,Tharad
Gujarat,Banaskanth,Tharad (Rah)
Gujarat,Banaskanth,Tharad (Rah) APMC
Gujarat,Banaskanth,Tharad APMC
Gujarat,Banaskanth,Vadgam
Gujarat,Banaskanth,Vadgam APMC
Gujarat,Banaskanth,Vav
Gujarat,Banaskanth,Vav APMC
Gujarat,Bharuch,Amod
Gujarat,Bharuch,Ankleshwar
Gujarat,Bharuch,Ankleshwar APMC
Gujarat,Bharuch,Baruch (Vagara)
Gujarat,Bharuch,Bharuch
Gujarat,Bharuch,Bharuch APMC
Gujarat,Bharuch,Jambusar
Gujarat,Bharuch,Jambusar (Kaavi)
Gujarat,Bharuch,Valia
Gujarat,Bharuch,Valia (Nethrang)
Gujarat,Bhavnagar,Bhavnagar
Gujarat,Bhavnagar,Bhavnagar APMC
Gujarat,Bhavnagar,Gariyadar
Gujarat,Bhavnagar,Mahuva (Station Road)
Gujarat,Bhavnagar,Mahuva (Station Road) APMC
Gujarat,Bhavnagar,Palitana
Gujarat,Bhavnagar,Palitana APMC
Gujarat,Bhavnagar,Taleja
Gujarat,Bhavnagar,Taleja APMC
Gujarat,Botad,Botad
Gujarat,Botad,Botad (Bhabarkot)
Gujarat,Botad,Botad (Bhabarkot) APMC
Gujarat,Botad,Botad (Haddad)
Gujarat,Botad,Botad (Haddad) APMC
Gujarat,Botad,Botad APMC
Gujarat,Botad,Gadada
Gujarat,Chhota Udaipur,Bodeliu
Gujarat,Chhota Udaipur,Bodeliu APMC
Gujarat,Chhota Udaipur,Hadad
Gujarat,Chhota Udaipur,Hadad APMC
Gujarat,Chhota Udaipur,Jetpur-Pavi
Gujarat,Chhota Udaipur,Jetpur-Pavi APMC
Gujarat,Chhota Udaipur,Kalediya
Gujarat,Chhota Udaipur,Kalediya APMC
Gujarat,Chhota Udaipur,Modasar
Gujarat,Chhota Udaipur,Modasar APMC
Gujarat,Chhota Udaipur,Thalkala
Gujarat,Dahod,Dahod
Gujarat,Dahod,Dahod (Veg. Market)
Gujarat,Dahod,Dahod (Veg. Market) APMC
Gujarat,Dahod,Dahod APMC
Gujarat,Dahod,Davgadbaria (Piplod)
Gujarat,Dahod,Davgadbaria (Piplod) APMC
Gujarat,Dahod,Devgadhbaria
Gujarat,Dahod,Devgadhbaria APMC
Gujarat,Dahod,Jhalod
Gujarat,Dahod,Jhalod APMC
Gujarat,Dahod,Limkheda
Gujarat,Dahod,Limkheda APMC
Gujarat,Dahod,Zalod (Sanjeli)
Gujarat,Dahod,Zalod (Sanjeli) APMC
Gujarat,Dahod,Zalod (Zalod)
Gujarat,Dang,Vaghai
Gujarat,Devbhumi Dwarka,Bhanvad
Gujarat,Devbhumi Dwarka,Bhanvad APMC
Gujarat,Devbhumi Dwarka,Jam Khambalia
Gujarat,Gandhinagar,Dehgam
Gujarat,Gandhinagar,Dehgam (Rekhiyal)
Gujarat,Gandhinagar,Dehgam (Rekhiyal) APMC
Gujarat,Gandhinagar,Dehgam APMC
Gujarat,Gandhinagar,Kalol
Gujarat,Gandhinagar,"Kalol (Veg,Market,Kalol)"
Gujarat,Gandhinagar,"Kalol (Veg,Market,Kalol) APMC"
Gujarat,Gandhinagar,Kalol APMC
Gujarat,Gandhinagar,Mansa
Gujarat,Gandhinagar,Mansa (Manas Veg Yard)
Gujarat,Gandhinagar,Mansa (Manas Veg Yard) APMC
Gujarat,Gandhinagar,Mansa APMC
Gujarat,Gandhinagar,Randheja (Chiloda)
Gujarat,Gandhinagar,Randheja (Veg.Market Gandhinagar)
Gujarat,Gir Somnath,Kodinar
Gujarat,Gir Somnath,Kodinar APMC
Gujarat,Gir Somnath,Talalagir
Gujarat,Gir Somnath,Talalagir APMC
Gujarat,Gir Somnath,Una
Gujarat,Gir Somnath,Una APMC
Gujarat,Gir Somnath,Veraval
Gujarat,Gir Somnath,Veraval APMC
Gujarat,Jamnagar,Dhrol
Gujarat,Jamnagar,Jam Jodhpur
Gujarat,Jamnagar,Jam Jodhpur APMC
Gujarat,Jamnagar,Jamnagar
Gujarat,Jamnagar,Jamnagar APMC
Gujarat,Jamnagar,Kalawad
Gujarat,Jamnagar,Kalawad APMC
Gujarat,Jamnagar,Lalpur
Gujarat,Junagarh,Bhesan
Gujarat,Junagarh,Bhesan APMC
Gujarat,Junagarh,Junagadh
Gujarat,Junagarh,Junagadh APMC
Gujarat,Junagarh,Kodinar (Dollasa)
Gujarat,Junagarh,Malia Hatina
Gujarat,Junagarh,Manavdar
Gujarat,Junagarh,Manavdar APMC
Gujarat,Junagarh,Mangrol
Gujarat,Junagarh,Vanthli
Gujarat,Junagarh,Visavadar
Gujarat,Junagarh,Visavadar APMC
Gujarat,Kachchh,Anjar
Gujarat,Kachchh,Anjar APMC
Gujarat,Kachchh,Bachau
Gujarat,Kachchh,Bhuj
Gujarat,Kachchh,Bhuj APMC
Gujarat,Kachchh,K.Mandvi
Gujarat,Kachchh,Mundra
Gujarat,Kachchh,Rapar
Gujarat,Kachchh,Rapar APMC
Gujarat,Kheda,Balasinor
Gujarat,Kheda,Kapadanj (Moti Jaher)
Gujarat,Kheda,Kapadvanj
Gujarat,Kheda,Kapadvanj APMC
Gujarat,Kheda,Kathlal
Gujarat,Kheda,Kheda
Gujarat,Kheda,Matar
Gujarat,Kheda,Matar (Limbasi)
Gujarat,Kheda,Matar APMC
Gujarat,Kheda,Mehmadabad
Gujarat,Kheda,Nadiad
Gujarat,Kheda,Nadiad APMC
Gujarat,Kheda,Nadiyad (Chaklasi)
Gujarat,Kheda,Nadiyad (Chaklasi) APMC
Gujarat,Kheda,Nadiyad (Piplag)
Gujarat,Kheda,Nadiyad (Piplag) APMC
Gujarat,Kheda,Thasara
Gujarat,Kheda,Thasara (Dokar)
Gujarat,Mehsana,Becharaji
Gujarat,Mehsana,Kadi
Gujarat,Mehsana,Kadi (Kadi cotton Yard)
Gujarat,Mehsana,Kadi (Kadi cotton Yard) APMC
Gujarat,Mehsana,Kadi APMC
Gujarat,Mehsana,Mehsana
Gujarat,Mehsana,Mehsana (Jornang)
Gujarat,Mehsana,Mehsana (Jornang) APMC
Gujarat,Mehsana,Mehsana (Mehsana Veg)
Gujarat,Mehsana,Mehsana (Mehsana Veg) APMC
Gujarat,Mehsana,Mehsana APMC
Gujarat,Mehsana,Unava
Gujarat,Mehsana,Unava APMC
Gujarat,Mehsana,Unjha
Gujarat,Mehsana,Unjha APMC
Gujarat,Mehsana,Vijapur
Gujarat,Mehsana,Vijapur (Gojjariya)
Gujarat,Mehsana,Vijapur (Gojjariya) APMC
Gujarat,Mehsana,Vijapur (Kukarvada)
Gujarat,Mehsana,Vijapur (Kukarvada) APMC
Gujarat,Mehsana,Vijapur (Ladol)
Gujarat,Mehsana,Vijapur (veg)
Gujarat,Mehsana,Vijapur (veg) APMC
Gujarat,Mehsana,Vijapur APMC
Gujarat,Mehsana,Visnagar
Gujarat,Mehsana,Visnagar APMC
Gujarat,Morbi,APMC HALVAD
Gujarat,Morbi,Halvad
Gujarat,Morbi,Morbi
Gujarat,Morbi,Morbi APMC
Gujarat,Morbi,Vankaner
Gujarat,Morbi,Vankaner (Sub yard)
Gujarat,Morbi,Vankaner APMC
Gujarat,Narmada,Rajpipla
Gujarat,Narmada,Rajpipla (Garudeshwal)
Gujarat,Narmada,Rajpipla APMC
Gujarat,Navsari,Bilimora
Gujarat,Navsari,Bilimora (Gandevi)
Gujarat,Navsari,Bilimora APMC
Gujarat,Navsari,Chikhali
Gujarat,Navsari,Chikhali APMC
Gujarat,Navsari,Navsari
Gujarat,Navsari,Navsari APMC
Gujarat,Navsari,Vansda
Gujarat,Navsari,Vansda (Limzar)
Gujarat,Navsari,Vansda (Limzar) APMC
Gujarat,Navsari,Vansda APMC
Gujarat,Panchmahals,Derol
Gujarat,Panchmahals,Derol (Adadara)
Gujarat,Panchmahals,Derol (Vejalpur)
Gujarat,Panchmahals,Godhra
Gujarat,Panchmahals,Godhra (Kakanpur)
Gujarat,Panchmahals,Godhra (Kakanpur) APMC
Gujarat,Panchmahals,Godhra (Timbaroad)
Gujarat,Panchmahals,Godhra (Timbaroad) APMC
Gujarat,Panchmahals,Godhra APMC
Gujarat,Panchmahals,Godhra Kakanpur APMC
Gujarat,Panchmahals,Gogamba
Gujarat,Panchmahals,Gogamba (Similiya)
Gujarat,Panchmahals,Gogamba (Similiya) APMC
Gujarat,Panchmahals,Gogamba APMC
Gujarat,Panchmahals,Halol
Gujarat,Panchmahals,Morva Hafad
Gujarat,Panchmahals,Morva Hafad APMC
Gujarat,Patan,Chansama
Gujarat,Patan,Chansama APMC
Gujarat,Patan,Harij
Gujarat,Patan,Harij APMC
Gujarat,Patan,Patan
Gujarat,Patan,"Patan (Veg,Yard Patan)"
Gujarat,Patan,"Patan (Veg,Yard Patan) APMC"
Gujarat,Patan,Patan APMC
Gujarat,Patan,Radhanpur
Gujarat,Patan,Radhanpur APMC
Gujarat,Patan,Sami
Gujarat,Patan,Sami APMC
Gujarat,Patan,Siddhpur
Gujarat,Patan,Siddhpur APMC
Gujarat,Porbandar,Kutiyana
Gujarat,Porbandar,Porbandar
Gujarat,Porbandar,Porbandar APMC
Gujarat,Rajkot,Dhoraji
Gujarat,Rajkot,Dhoraji APMC
Gujarat,Rajkot,Gondal
Gujarat,Rajkot,Gondal (Veg.market Gondal)
Gujarat,Rajkot,Gondal (Veg.market Gondal) APMC
Gujarat,Rajkot,Gondal APMC
Gujarat,Rajkot,Jamkandorna
Gujarat,Rajkot,Jasdan
Gujarat,Rajkot,Jasdan (Vichhiya)
Gujarat,Rajkot,Jasdan (Vichhiya) APMC
Gujarat,Rajkot,Jasdan APMC
Gujarat,Rajkot,Jetpur (Dist.Rajkot)
Gujarat,Rajkot,Jetpur (Dist.Rajkot) APMC
Gujarat,Rajkot,Rajkot
Gujarat,Rajkot,Rajkot (Veg.Sub Yard)
Gujarat,Rajkot,Rajkot (Veg.Sub Yard) APMC
Gujarat,Rajkot,Rajkot APMC
Gujarat,Rajkot,Upleta
Gujarat,Rajkot,Upleta APMC
Gujarat,Sabarkantha,Bayad
Gujarat,Sabarkantha,Bayad (Demai)
Gujarat,Sabarkantha,Bayad (Sadamba)
Gujarat,Sabarkantha,Bhiloda
Gujarat,Sabarkantha,Bhiloda APMC
Gujarat,Sabarkantha,Dhansura
Gujarat,Sabarkantha,Dhansura APMC
Gujarat,Sabarkantha,Himatnagar
Gujarat,Sabarkantha,Himatnagar (Gambhoi)
Gujarat,Sabarkantha,Himatnagar APMC
Gujarat,Sabarkantha,Idar
Gujarat,Sabarkantha,Idar (Jadar)
Gujarat,Sabarkantha,Khedbrahma
Gujarat,Sabarkantha,Khedbrahma (Lambadia)
Gujarat,Sabarkantha,Khedbrahma (Posina)
Gujarat,Sabarkantha,Malpur
Gujarat,Sabarkantha,Meghraj
Gujarat,Sabarkantha,Meghraj (Radlavada)
Gujarat,Sabarkantha,Meghraj APMC
Gujarat,Sabarkantha,Modasa
Gujarat,Sabarkantha,Modasa (Tintoi)
Gujarat,Sabarkantha,Modasa (Tintoi) APMC
Gujarat,Sabarkantha,Modasa APMC
Gujarat,Sabarkantha,Prantij
Gujarat,Sabarkantha,Talod
Gujarat,Sabarkantha,Talod (Harsol)
Gujarat,Sabarkantha,Vadali
Gujarat,Sabarkantha,Vadali APMC
Gujarat,Sabarkantha,Vijaynagar (Kundlakap)
Gujarat,Sabarkantha,Vijaynagar (Kundlakap) APMC
Gujarat,Surat,Bardoli
Gujarat,Surat,Bardoli (Kadod) APMC
Gujarat,Surat,Bardoli (Katod)
Gujarat,Surat,Bardoli (Madhi)
Gujarat,Surat,Bardoli APMC
Gujarat,Surat,Kosamba
Gujarat,Surat,Kosamba (Vankal)
Gujarat,Surat,Kosamba (Zangvav)
Gujarat,Surat,Mahuva
Gujarat,Surat,Mahuva (Anaval)
Gujarat,Surat,Mahuva (Anaval) APMC
Gujarat,Surat,Mandvi
Gujarat,Surat,Mandvi APMC
Gujarat,Surat,Nizar
Gujarat,Surat,Nizar (Kukarmuda)
Gujarat,Surat,Nizar (Kukarmuda) APMC
Gujarat,Surat,Nizar (Pumkitalov)
Gujarat,Surat,Nizar APMC
Gujarat,Surat,S.Mandvi
Gujarat,Surat,Songadh
Gujarat,Surat,Songadh (Badarpada)
Gujarat,Surat,Songadh (Badarpada) APMC
Gujarat,Surat,Songadh (Umrada)
Gujarat,Surat,Songadh (Umrada) APMC
Gujarat,Surat,Songadh APMC
Gujarat,Surat,Surat
Gujarat,Surat,Surat APMC
Gujarat,Surat,Uchhal
Gujarat,Surat,Uchhal APMC
Gujarat,Surat,Valod
Gujarat,Surat,Valod (Buhari)
Gujarat,Surat,Vyara (Paati)
Gujarat,Surat,Vyara (Paati) APMC
Gujarat,Surat,Vyra
Gujarat,Surat,Vyra APMC
Gujarat,Surendranagar,Chotila
Gujarat,Surendranagar,Chotila APMC
Gujarat,Surendranagar,Dasada Patadi
Gujarat,Surendranagar,Dasada Patadi APMC
Gujarat,Surendranagar,Dhragradhra
Gujarat,Surendranagar,Dhragradhra APMC
Gujarat,Surendranagar,Lakhtar
Gujarat,Surendranagar,Lakhtar APMC
Gujarat,Surendranagar,Limdi
Gujarat,Surendranagar,Limdi APMC
Gujarat,Surendranagar,Muli
Gujarat,Surendranagar,Sayala
Gujarat,Surendranagar,Sayala APMC
Gujarat,Surendranagar,Vadhvan
Gujarat,Surendranagar,Vadhvan APMC
Gujarat,The Dangs,Ahwa-Dang
Gujarat,The Dangs,Ahwa-Dang APMC
Gujarat,Vadodara (Baroda),Karjan
Gujarat,Vadodara (Baroda),Nasvadi
Gujarat,Vadodara (Baroda),Nasvadi APMC
Gujarat,Vadodara (Baroda),Padra
Gujarat,Vadodara (Baroda),Padra APMC
Gujarat,Vadodara (Baroda),Savli
Gujarat,Vadodara (Baroda),Savli (Samlaya)
Gujarat,Vadodara (Baroda),Vadodara
Gujarat,Vadodara (Baroda),Vadodara (Navapura)
Gujarat,Vadodara (Baroda),Vadodara (Sayajipura)
Gujarat,Vadodara (Baroda),Vadodara (Sayajipura) APMC
Gujarat,Vadodara (Baroda),Vagodiya
Gujarat,Vadodara (Baroda),Vagodiya APMC
Gujarat,Valsad,Chikli (Khorgam)
Gujarat,Valsad,Chikli (Khorgam) APMC
Gujarat,Valsad,Pardi
Gujarat,Valsad,Pardi (Motavagachiya)
Gujarat,Valsad,Pardi (Motavagachiya) APMC
Gujarat,Valsad,Pardi (Rohinee)
Gujarat,Valsad,Pardi (Rohinee) APMC
Gujarat,Valsad,Pardi (Ugvada)
Gujarat,Valsad,Pardi (Ugvada) APMC
Gujarat,Valsad,Pardi (Vapi)
Gujarat,Valsad,Pardi (Vapi) APMC
Gujarat,Valsad,Pardi APMC
Gujarat,Valsad,Valsad
Gujarat,Valsad,Valsad APMC
Haryana,Ambala,Ambala Cantt.
Haryana,Ambala,Ambala Cantt. APMC
Haryana,Ambala,Ambala City
Haryana,Ambala,Ambala City (Subji Mandi)
Haryana,Ambala,Ambala City (Subji Mandi) APMC
Haryana,Ambala,Ambala City APMC
Haryana,Ambala,Barara
Haryana,Ambala,Barara APMC
Haryana,Ambala,Mullana
Haryana,Ambala,Mullana (saha)
Haryana,Ambala,Naneola
Haryana,Ambala,Naraingarh
Haryana,Ambala,Naraingarh APMC
Haryana,Ambala,Shahzadpur
Haryana,Ambala,Shahzadpur APMC
Haryana,Bhiwani,Behal
Haryana,Bhiwani,Bhiwani
Haryana,Bhiwani,Bhiwani APMC
Haryana,Bhiwani,Ch. Dadri
Haryana,Bhiwani,Ch. Dadri APMC
Haryana,Bhiwani,Jui
Haryana,Bhiwani,Loharu
Haryana,Bhiwani,Loharu APMC
Haryana,Bhiwani,Siwani
Haryana,Bhiwani,Siwani APMC
Haryana,Bhiwani,Tosham
Haryana,Bhiwani,Tosham APMC
Haryana,Faridabad,Ballabhgarh
Haryana,Faridabad,Ballabhgarh APMC
Haryana,Faridabad,Faridabad
Haryana,Faridabad,Faridabad APMC
Haryana,Faridabad,"New Grain Market , Faridabad"
Haryana,Faridabad,"New Grain Market , Faridabad APMC"
Haryana,Fatehabad,Bhattu Kalan
Haryana,Fatehabad,Bhattu Kalan APMC
Haryana,Fatehabad,Bhuna
Haryana,Fatehabad,Bhuna APMC
Haryana,Fatehabad,Dharsul
Haryana,Fatehabad,Fatehabad
Haryana,Fatehabad,Fatehabad APMC
Haryana,Fatehabad,Jakhal
Haryana,Fatehabad,Jakhal APMC
Haryana,Fatehabad,Ratia
Haryana,Fatehabad,Ratia APMC
Haryana,Fatehabad,Tohana
Haryana,Fatehabad,Tohana (New Veg Market)
Haryana,Fatehabad,Tohana (New Veg Market) APMC
Haryana,Fatehabad,Tohana APMC
Haryana,Gurgaon,Farukh Nagar
Haryana,Gurgaon,Farukh Nagar APMC
Haryana,Gurgaon,Gurgaon
Haryana,Gurgaon,Gurgaon APMC
Haryana,Gurgaon,Pataudi
Haryana,Gurgaon,Pataudi APMC
Haryana,Gurgaon,Sohna
Haryana,Gurgaon,Sohna APMC
Haryana,Hissar,Adampur
Haryana,Hissar,Adampur (Agroha)
Haryana,Hissar,Adampur APMC
Haryana,Hissar,Barwala (Hisar)
Haryana,Hissar,Barwala (Hisar) APMC
Haryana,Hissar,Bass APMC
Haryana,Hissar,Hansi
Haryana,Hissar,Hansi (Sisai)
Haryana,Hissar,Hansi APMC
Haryana,Hissar,Hissar
Haryana,Hissar,Hissar APMC
Haryana,Hissar,Narnaud (Bass)
Haryana,Hissar,Narnaund
Haryana,Hissar,Narnaund APMC
Haryana,Hissar,Uklana
Haryana,Hissar,Uklana APMC
Haryana,Jhajar,Bahadurgarh
Haryana,Jhajar,Bahadurgarh APMC
Haryana,Jhajar,Beri
Haryana,Jhajar,Beri APMC
Haryana,Jhajar,Jhajjar
Haryana,Jhajar,Jhajjar APMC
Haryana,Jind,Jind
Haryana,Jind,Jind APMC
Haryana,Jind,Jullana
Haryana,Jind,Jullana APMC
Haryana,Jind,Narwana
Haryana,Jind,Narwana APMC
Haryana,Jind,"New Grain Market , Jind"
Haryana,Jind,"New Grain Market , Jind APMC"
Haryana,Jind,Pillukhera
Haryana,Jind,Pillukhera APMC
Haryana,Jind,Safidon
Haryana,Jind,Safidon APMC
Haryana,Jind,Uchana
Haryana,Jind,Uchana APMC
Haryana,Kaithal,Cheeka
Haryana,Kaithal,Cheeka APMC
Haryana,Kaithal,Dhand
Haryana,Kaithal,Dhand APMC
Haryana,Kaithal,Kaithal
Haryana,Kaithal,Kaithal APMC
Haryana,Kaithal,Kalayat
Haryana,Kaithal,Kalayat APMC
Haryana,Kaithal,Pai
Haryana,Kaithal,Pai (Rajaund)
Haryana,Kaithal,Pai APMC
Haryana,Kaithal,Pundri
Haryana,Kaithal,Pundri APMC
Haryana,Kaithal,Siwan
Haryana,Kaithal,Siwan APMC
Haryana,Karnal,Asandh
Haryana,Karnal,Asandh APMC
Haryana,Karnal,Gharaunda
Haryana,Karnal,Gharaunda APMC
Haryana,Karnal,Indri
Haryana,Karnal,Indri APMC
Haryana,Karnal,Jundla
Haryana,Karnal,Kunjpura
Haryana,Karnal,"New Grain Market (main), Karnal"
Haryana,Karnal,"New Grain Market (main), Karnal APMC"
Haryana,Karnal,Nigdu
Haryana,Karnal,Nigdu APMC
Haryana,Karnal,Nilokheri
Haryana,Karnal,Nissing
Haryana,Karnal,Tarori
Haryana,Karnal,Tarori APMC
Haryana,Kurukshetra,Babain
Haryana,Kurukshetra,Babain APMC
Haryana,Kurukshetra,Iamailabad
Haryana,Kurukshetra,Iamailabad APMC
Haryana,Kurukshetra,Ladwa
Haryana,Kurukshetra,Ladwa APMC
Haryana,Kurukshetra,Pehowa
Haryana,Kurukshetra,Pehowa (Gumthala Gahru)
Haryana,Kurukshetra,Pehowa APMC
Haryana,Kurukshetra,Pipli
Haryana,Kurukshetra,Pipli APMC
Haryana,Kurukshetra,Shahabad
Haryana,Kurukshetra,Shahabad APMC
Haryana,Kurukshetra,Thanesar
Haryana,Kurukshetra,Thanesar APMC
Haryana,Mahendragarh-Narnaul,Ateli
Haryana,Mahendragarh-Narnaul,Ateli APMC
Haryana,Mahendragarh-Narnaul,Khanina
Haryana,Mahendragarh-Narnaul,Mohindergarh
Haryana,Mahendragarh-Narnaul,Mohindergarh APMC
Haryana,Mahendragarh-Narnaul,Narnaul
Haryana,Mahendragarh-Narnaul,Narnaul APMC
Haryana,Mewat,FerozpurZirkha (Nagina)
Haryana,Mewat,FerozpurZirkha (Nagina) APMC
Haryana,Mewat,Hathin
Haryana,Mewat,Nuh
Haryana,Mewat,Nuh APMC
Haryana,Mewat,Punhana
Haryana,Mewat,Punhana APMC
Haryana,Mewat,Tauru
Haryana,Mewat,Tauru APMC
Haryana,Palwal,Hassanpur
Haryana,Palwal,Hassanpur APMC
Haryana,Palwal,Hodal
Haryana,Palwal,Hodal APMC
Haryana,Palwal,Palwal
Haryana,Palwal,Palwal APMC
Haryana,Panchkula,Barwala
Haryana,Panchkula,Barwala APMC
Haryana,Panchkula,"New Grain Market , Panchkula"
Haryana,Panchkula,"New Grain Market , Panchkula APMC"
Haryana,Panchkula,Panchkul (Kalka)
Haryana,Panchkula,Panchkul (Kalka) APMC
Haryana,Panchkula,Raipur Rai
Haryana,Panchkula,Raipur Rai APMC
Haryana,Panipat,Bapauli
Haryana,Panipat,Bapauli APMC
Haryana,Panipat,Israna
Haryana,Panipat,Israna APMC
Haryana,Panipat,Madlauda
Haryana,Panipat,Madlauda APMC
Haryana,Panipat,Panipat
Haryana,Panipat,Panipat (Baharpur)
Haryana,Panipat,Panipat APMC
Haryana,Panipat,Samalkha
Haryana,Panipat,Samalkha APMC
Haryana,Rewari,Kosli
Haryana,Rewari,Kosli APMC
Haryana,Rewari,Rewari
Haryana,Rewari,Rewari APMC
Haryana,Rohtak,Meham
Haryana,Rohtak,Meham APMC
Haryana,Rohtak,Rohtak
Haryana,Rohtak,Rohtak (Kalanaur)
Haryana,Rohtak,Rohtak (Kalanaur) APMC
Haryana,Rohtak,Rohtak APMC
Haryana,Rohtak,Sampla
Haryana,Rohtak,Sampla APMC
Haryana,Sirsa,Dabwali
Haryana,Sirsa,Dabwali (Chautala)
Haryana,Sirsa,Dabwali APMC
Haryana,Sirsa,Ding
Haryana,Sirsa,Ding APMC
Haryana,Sirsa,Ellanabad
Haryana,Sirsa,Ellanabad APMC
Haryana,Sirsa,Kalawali (Odhan)
Haryana,Sirsa,"New Grain Market , Sirsa"
Haryana,Sirsa,"New Grain Market , Sirsa APMC"
Haryana,Sirsa,Rania
Haryana,Sirsa,Rania (Jiwan nagar)
Haryana,Sirsa,Rania (Jiwan nagar) APMC
Haryana,Sirsa,Rania APMC
Haryana,Sirsa,Sirsa
Haryana,Sirsa,Sirsa (Malekan)
Haryana,Sirsa,Sirsa APMC
Haryana,Sirsa,kalanwali
Haryana,Sirsa,kalanwali APMC
Haryana,Sonipat,Ganaur
Haryana,Sonipat,Ganaur APMC
Haryana,Sonipat,Gohana
Haryana,Sonipat,Gohana APMC
Haryana,Sonipat,"New Grain Market , Sonipat"
Haryana,Sonipat,"New Grain Market , Sonipat APMC"
Haryana,Sonipat,Sonepat
Haryana,Sonipat,Sonepat (Kharkhoda)
Haryana,Sonipat,Sonepat (Kharkhoda) APMC
Haryana,Sonipat,Sonepat APMC
Haryana,Yamuna Nagar,Bilaspur
Haryana,Yamuna Nagar,Chhachhrauli (Khizrabad)
Haryana,Yamuna Nagar,Chhachrauli
Haryana,Yamuna Nagar,Chhachrauli APMC
Haryana,Yamuna Nagar,Jagadhri
Haryana,Yamuna Nagar,Jagadhri APMC
Haryana,Yamuna Nagar,Mustafabad
Haryana,Yamuna Nagar,Mustafabad APMC
Haryana,Yamuna Nagar,Radaur
Haryana,Yamuna Nagar,Radaur APMC
Haryana,Yamuna Nagar,Sadhaura
Haryana,Yamuna Nagar,Sadhaura APMC
Haryana,Yamuna Nagar,Yamuna Nagar
Haryana,Yamuna Nagar,Yamuna Nagar APMC
Himachal Pradesh,Bilaspur,Bilaspur
Himachal Pradesh,Bilaspur,Namhol (Bilaspur)
Himachal Pradesh,Bilaspur,PMY Bilaspur
Himachal Pradesh,Bilaspur,SMY Namhol
Himachal Pradesh,Chamba,Chamba
Himachal Pradesh,Chamba,PMY Chamba
Himachal Pradesh,Hamirpur,Hamirpur
Himachal Pradesh,Hamirpur,Hamirpur (Nadaun)
Himachal Pradesh,Hamirpur,PMY Hamirpur
Himachal Pradesh,Hamirpur,SMY Nadaun
Himachal Pradesh,Kangra,Dharamshala
Himachal Pradesh,Kangra,Jwalaji
Himachal Pradesh,Kangra,Kangra
Himachal Pradesh,Kangra,Kangra (Baijnath)
Himachal Pradesh,Kangra,Kangra (Jaisinghpur)
Himachal Pradesh,Kangra,Kangra (Jassour)
Himachal Pradesh,Kangra,Kangra (Nagrota Bagwan)
Himachal Pradesh,Kangra,PMY Kangra
Himachal Pradesh,Kangra,Palampur
Himachal Pradesh,Kangra,SMY Baijnath
Himachal Pradesh,Kangra,SMY Dharamshala
Himachal Pradesh,Kangra,SMY Jaisinghpur
Himachal Pradesh,Kangra,SMY Jassur
Himachal Pradesh,Kangra,SMY Jwalaji
Himachal Pradesh,Kangra,SMY Nagrota Bagwan
Himachal Pradesh,Kangra,SMY Palampur
Himachal Pradesh,Kullu,Bandrol
Himachal Pradesh,Kullu,Bhuntar
Himachal Pradesh,Kullu,Khegsu
Himachal Pradesh,Kullu,Kullu
Himachal Pradesh,Kullu,Kullu (Chauri Bihal)
Himachal Pradesh,Kullu,Kullu (Patli Kuhal)
Himachal Pradesh,Kullu,PMY Kullu
Himachal Pradesh,Kullu,SMY Bhuntar
Himachal Pradesh,Mandi,Chail Chowk
Himachal Pradesh,Mandi,Dhanotu (Mandi)
Himachal Pradesh,Mandi,Jogindernagar
Himachal Pradesh,Mandi,Mandi (Mandi)
Himachal Pradesh,Mandi,Mandi (Takoli)
Himachal Pradesh,Mandi,PMY Kangni Mandi
Himachal Pradesh,Mandi,SMY Chail Chowk
Himachal Pradesh,Mandi,SMY Dhanotu
Himachal Pradesh,Mandi,SMY Jogindernagar
Himachal Pradesh,Mandi,SMY Takoli
Himachal Pradesh,Shimla,Bhattakufar
Himachal Pradesh,Shimla,Khadapather
Himachal Pradesh,Shimla,Mehndli
Himachal Pradesh,Shimla,PMY Dhalli Shimla
Himachal Pradesh,Shimla,Parala
Himachal Pradesh,Shimla,Rohroo
Himachal Pradesh,Shimla,SMY Rampur
Himachal Pradesh,Shimla,SMY Rohroo
Himachal Pradesh,Shimla,Shimla
Himachal Pradesh,Shimla,Shimla and Kinnaur (Nerwa)
Himachal Pradesh,Shimla,Shimla and Kinnaur (Rampur)
Himachal Pradesh,Shimla,Shimla and Kinnaur (Theog)
Himachal Pradesh,Sirmore,Nahan
Himachal Pradesh,Sirmore,PMY Paonta Sahib
Himachal Pradesh,Sirmore,Paonta Sahib
Himachal Pradesh,Sirmore,SMY Nahan
Himachal Pradesh,Sirmore,SMY Rajgarh
Himachal Pradesh,Sirmore,Sirmour (Bagthan)
Himachal Pradesh,Sirmore,Sirmour (sarahan)
Himachal Pradesh,Solan,Dharampur
Himachal Pradesh,Solan,PMY Kather Solan
Himachal Pradesh,Solan,SMY Nalagarh
Himachal Pradesh,Solan,Solan
Himachal Pradesh,Solan,Solan (Nalagarh)
Himachal Pradesh,Solan,Solan (Parwanoo)
Himachal Pradesh,Solan,Solan (Rajgarh)
Himachal Pradesh,Solan,Waknaghat
Himachal Pradesh,Una,PMY Una
Himachal Pradesh,Una,SMY Santoshgarh
Himachal Pradesh,Una,SMY Takarla
Himachal Pradesh,Una,Santoshgarah
Himachal Pradesh,Una,Santoshgarh
Himachal Pradesh,Una,Una
Jammu and Kashmir,Anantnag,Ashahipora (Anantnagh)
Jammu and Kashmir,Anantnag,Batingoo APMC
Jammu and Kashmir,Anantnag,Kulgam
Jammu and Kashmir,Anantnag,Kulgam APMC
Jammu and Kashmir,Badgam,Zaloosa-Chararishrief (F&V)
Jammu and Kashmir,Baramulla,Kanispora Baramulla (F&V)
Jammu and Kashmir,Baramulla,Nowpora
Jammu and Kashmir,Baramulla,Nowpora APMC
Jammu and Kashmir,Jammu,Akhnoor
Jammu and Kashmir,Jammu,Batote
Jammu and Kashmir,Jammu,Narwal Jammu (F&V)
Jammu and Kashmir,Jammu,Narwal Jammu (F&V) APMC
Jammu and Kashmir,Jammu,Samba
Jammu and Kashmir,Kathua,Kathua
Jammu and Kashmir,Kathua,Kathua APMC
Jammu and Kashmir,Kulgam,Kulgam APMC
Jammu and Kashmir,Kupwara,Bumhama-Kupwara (F&V)
Jammu and Kashmir,Pulwama,Pulwama (F&V)
Jammu and Kashmir,Pulwama,Shopian
Jammu and Kashmir,Pulwama,Shopian APMC
Jammu and Kashmir,Rajouri,Rajouri (F&V)
Jammu and Kashmir,Rajouri,Rajouri (F&V) APMC
Jammu and Kashmir,Shopian,Shopian APMC
Jammu and Kashmir,Srinagar,Ganderbal
Jammu and Kashmir,Srinagar,Parimpore
Jammu and Kashmir,Srinagar,Parimpore APMC
Jammu and Kashmir,Udhampur,Reasi
Jammu and Kashmir,Udhampur,Udhampur
Jammu and Kashmir,Udhampur,Udhampur APMC
Jharkhand,Bokaro,Bermo
Jharkhand,Bokaro,Bokaro (Chas)
Jharkhand,Deogarh,Deoghar
Jharkhand,Deogarh,Madhupur
Jharkhand,Dhanbad,Dhanbad
Jharkhand,Dumka,Dumka
Jharkhand,East Singhbhum,Chakulia
Jharkhand,East Singhbhum,Jamshedpur
Jharkhand,Garhwa,Gadhwah
Jharkhand,Giridih,Giridih
Jharkhand,Godda,Godda
Jharkhand,Gumla,Gumla
Jharkhand,Hazaribagh,Hazaribagh
Jharkhand,Hazaribagh,Ramgarh
Jharkhand,Koderma,Koderma
Jharkhand,Latehar,Latehar
Jharkhand,Lohardaga,Lohardaga
Jharkhand,Pakur,Pakur
Jharkhand,Palamu,Daltenganj
Jharkhand,Ranchi,Khunti
Jharkhand,Ranchi,Ranchi
Jharkhand,Sahebgang,Sahebganj
Jharkhand,Saraikela (Kharsanwa),Saraikela
Jharkhand,Simdega,Simdega
Karnataka,Bagalkot,Badami
Karnataka,Bagalkot,Bagalakot
Karnataka,Bagalkot,Bagalakot APMC
Karnataka,Bagalkot,Bagalkot (Bilagi)
Karnataka,Bagalkot,Hungund
Karnataka,Bagalkot,Jamakhandi
Karnataka,Bagalkot,Mhalingapur
Karnataka,Bangalore,Bangalore
Karnataka,Bangalore,Bangalore APMC
Karnataka,Bangalore,"Binny Mill (F&V), Bangalore"
Karnataka,Bangalore,"Binny Mill (F&V), Bangalore APMC"
Karnataka,Bangalore,Channapatana
Karnataka,Bangalore,Channapatana APMC
Karnataka,Bangalore,Doddaballa Pur
Karnataka,Bangalore,Doddaballa Pur APMC
Karnataka,Bangalore,Hoskote
Karnataka,Bangalore,Hoskote APMC
Karnataka,Bangalore,Kanakapura
Karnataka,Bangalore,Ramanagara
Karnataka,Bangalore,Ramanagara APMC
Karnataka,Belgaum,Athani
Karnataka,Belgaum,Bailahongal
Karnataka,Belgaum,Bailahongal APMC
Karnataka,Belgaum,Belgaum
Karnataka,Belgaum,Belgaum APMC
Karnataka,Belgaum,Gokak
Karnataka,Belgaum,Kudchi
Karnataka,Belgaum,Kudchi APMC
Karnataka,Belgaum,Nandagada
Karnataka,Belgaum,Nippani
Karnataka,Belgaum,Ramdurga
Karnataka,Belgaum,Sankeshwar
Karnataka,Belgaum,Sankeshwar APMC
Karnataka,Belgaum,Soundati
Karnataka,Bellary,Bellary
Karnataka,Bellary,H.B. Halli
Karnataka,Bellary,H.B. Halli APMC
Karnataka,Bellary,Hoovinahadagali
Karnataka,Bellary,Hospet
Karnataka,Bellary,Hospet APMC
Karnataka,Bellary,Kottur
Karnataka,Bellary,Kottur APMC
Karnataka,Bellary,Sirguppa
Karnataka,Bidar,Aurad
Karnataka,Bidar,Basava Kalayana
Karnataka,Bidar,Bhalki
Karnataka,Bidar,Bidar
Karnataka,Bidar,Humanabad
Karnataka,Bijapur,Bijapur
Karnataka,Bijapur,Bijapur APMC
Karnataka,Bijapur,Sindagi
Karnataka,Bijapur,Sindagi (Indi)
Karnataka,Bijapur,Talikot
Karnataka,Chamrajnagar,Chamaraj Nagar
Karnataka,Chamrajnagar,Chamaraj Nagar APMC
Karnataka,Chamrajnagar,Gundlupet
Karnataka,Chamrajnagar,Gundlupet APMC
Karnataka,Chamrajnagar,Kollegal
Karnataka,Chikmagalur,Bagepalli
Karnataka,Chikmagalur,Chikkamagalore
Karnataka,Chikmagalur,Chikkamagalore APMC
Karnataka,Chikmagalur,Kadur
Karnataka,Chikmagalur,Kadur APMC
Karnataka,Chikmagalur,Koppa
Karnataka,Chikmagalur,Koppa APMC
Karnataka,Chikmagalur,Moodigere
Karnataka,Chikmagalur,Sringeri
Karnataka,Chikmagalur,Tarikere
Karnataka,Chitradurga,Challakere
Karnataka,Chitradurga,Chitradurga
Karnataka,Chitradurga,Chitradurga APMC
Karnataka,Chitradurga,Hiriyur
Karnataka,Chitradurga,Hiriyur APMC
Karnataka,Chitradurga,Holalkere
Karnataka,Chitradurga,Holalkere APMC
Karnataka,Chitradurga,Hosadurga
Karnataka,Chitradurga,Hosadurga APMC
Karnataka,Chitradurga,Rampura APMC
Karnataka,Davangere,Channagiri
Karnataka,Davangere,Channagiri APMC
Karnataka,Davangere,Davangere
Karnataka,Davangere,Davangere APMC
Karnataka,Davangere,Harappana Halli
Karnataka,Davangere,Harappana Halli APMC
Karnataka,Davangere,Harihara
Karnataka,Davangere,Honnali
Karnataka,Davangere,Honnali APMC
Karnataka,Davangere,Jagalur
Karnataka,Davangere,Jagalur APMC
Karnataka,Dharwad,Annigeri
Karnataka,Dharwad,Dharwar
Karnataka,Dharwad,Hubli (Amaragol)
Karnataka,Dharwad,Hubli (Amaragol) APMC
Karnataka,Dharwad,Kalagategi
Karnataka,Dharwad,Kalagategi APMC
Karnataka,Dharwad,Kundagol
Karnataka,Gadag,Gadag
Karnataka,Gadag,Gadag APMC
Karnataka,Gadag,Laxmeshwar
Karnataka,Gadag,Mundaragi
Karnataka,Gadag,Nargunda
Karnataka,Gadag,Rona
Karnataka,Hassan,Arakalgud
Karnataka,Hassan,Arasikere
Karnataka,Hassan,Arasikere APMC
Karnataka,Hassan,Belur
Karnataka,Hassan,Channarayapatna
Karnataka,Hassan,Hassan
Karnataka,Hassan,Holenarsipura
Karnataka,Hassan,Sakaleshpura
Karnataka,Haveri,Byadagi
Karnataka,Haveri,Hanagal
Karnataka,Haveri,Haveri
Karnataka,Haveri,Hirekerur
Karnataka,Haveri,Ranebennur
Karnataka,Haveri,Ranebennur APMC
Karnataka,Haveri,Savanur
Karnataka,Haveri,Savanur APMC
Karnataka,Haveri,Shiggauv
Karnataka,Kalburgi,Alanda
Karnataka,Kalburgi,Chincholi
Karnataka,Kalburgi,Chittapur
Karnataka,Kalburgi,Kalburgi
Karnataka,Kalburgi,Kalburgi (Jevargi)
Karnataka,Kalburgi,Kalburgi APMC
Karnataka,Kalburgi,Sedam
Karnataka,Karwar (Uttar Kannad),Haliyala
Karnataka,Karwar (Uttar Kannad),Haliyala APMC
Karnataka,Karwar (Uttar Kannad),Honnavar
Karnataka,Karwar (Uttar Kannad),Karwar
Karnataka,Karwar (Uttar Kannad),Kumta
Karnataka,Karwar (Uttar Kannad),Kumta APMC
Karnataka,Karwar (Uttar Kannad),Mundgod
Karnataka,Karwar (Uttar Kannad),Mundgod APMC
Karnataka,Karwar (Uttar Kannad),Siddapur
Karnataka,Karwar (Uttar Kannad),Siddapur APMC
Karnataka,Karwar (Uttar Kannad),Sirsi
Karnataka,Karwar (Uttar Kannad),Sirsi APMC
Karnataka,Karwar (Uttar Kannad),Yellapur
Karnataka,Karwar (Uttar Kannad),Yellapur APMC
Karnataka,Kolar,Bangarpet
Karnataka,Kolar,Bangarpet APMC
Karnataka,Kolar,Bhagepalli APMC
Karnataka,Kolar,Chickkaballapura
Karnataka,Kolar,Chickkaballapura APMC
Karnataka,Kolar,Chintamani
Karnataka,Kolar,Chintamani APMC
Karnataka,Kolar,Gowribidanoor
Karnataka,Kolar,Gowribidanoor APMC
Karnataka,Kolar,Kolar
Karnataka,Kolar,Kolar APMC
Karnataka,Kolar,Malur
Karnataka,Kolar,Malur APMC
Karnataka,Kolar,Mulabagilu
Karnataka,Kolar,Mulabagilu APMC
Karnataka,Kolar,Srinivasapur
Karnataka,Kolar,Srinivasapur APMC
Karnataka,Koppal,Gangavathi
Karnataka,Koppal,Gangavathi (Karatagi)
Karnataka,Koppal,Koppal
Karnataka,Koppal,Kustagi
Karnataka,Koppal,Yalburga
Karnataka,Madikeri (Kodagu),Gonikappal
Karnataka,Madikeri (Kodagu),Madikeri
Karnataka,Madikeri (Kodagu),Madikeri APMC
Karnataka,Madikeri (Kodagu),Somvarpet
Karnataka,Madikeri (Kodagu),Somvarpet APMC
Karnataka,Mandya,K.R. Pet
Karnataka,Mandya,K.R. Pet APMC
Karnataka,Mandya,Maddur
Karnataka,Mandya,Malavalli
Karnataka,Mandya,Mandya
Karnataka,Mandya,Mandya APMC
Karnataka,Mandya,Nagamangala
Karnataka,Mandya,Pandavapura
Karnataka,Mandya,Pandavapura APMC
Karnataka,Mandya,Srirangapattana
Karnataka,Mandya,Srirangapattana APMC
Karnataka,Mangalore (Dakshin Kannad),Bantwala
Karnataka,Mangalore (Dakshin Kannad),Bantwala APMC
Karnataka,Mangalore (Dakshin Kannad),Belthangdi
Karnataka,Mangalore (Dakshin Kannad),Belthangdi APMC
Karnataka,Mangalore (Dakshin Kannad),Mangalore
Karnataka,Mangalore (Dakshin Kannad),Mangalore APMC
Karnataka,Mangalore (Dakshin Kannad),Puttur
Karnataka,Mangalore (Dakshin Kannad),Puttur APMC
Karnataka,Mangalore (Dakshin Kannad),Sulya
Karnataka,Mangalore (Dakshin Kannad),Sulya APMC
Karnataka,Mysore,Hunsur
Karnataka,Mysore,Hunsur APMC
Karnataka,Mysore,K.R.Nagar
Karnataka,Mysore,K.R.Nagar APMC
Karnataka,Mysore,Mysore (Bandipalya)
Karnataka,Mysore,Mysore (Bandipalya) APMC
Karnataka,Mysore,Nanjangud
Karnataka,Mysore,Nanjangud APMC
Karnataka,Mysore,Piriya Pattana
Karnataka,Mysore,Piriya Pattana APMC
Karnataka,Mysore,Santhesargur
Karnataka,Mysore,T. Narasipura
Karnataka,Mysore,T. Narasipura APMC
Karnataka,Raichur,Devadurga
Karnataka,Raichur,Lingasugur
Karnataka,Raichur,Manvi
Karnataka,Raichur,Raichur
Karnataka,Raichur,Raichur APMC
Karnataka,Raichur,Sindhanur
Karnataka,Shimoga,Bhadravathi
Karnataka,Shimoga,Bhadravathi APMC
Karnataka,Shimoga,Hosanagar
Karnataka,Shimoga,Sagar
Karnataka,Shimoga,Sagar APMC
Karnataka,Shimoga,Shikaripura
Karnataka,Shimoga,Shimoga
Karnataka,Shimoga,Shimoga (Theertahalli)
Karnataka,Shimoga,Shimoga (Theertahalli) APMC
Karnataka,Shimoga,Shimoga APMC
Karnataka,Shimoga,Shimogga (Theertahalli)
Karnataka,Shimoga,Sorabha
Karnataka,Tumkur,Gubbi
Karnataka,Tumkur,Huliyar
Karnataka,Tumkur,Kunigal
Karnataka,Tumkur,Madhugiri
Karnataka,Tumkur,Pavagada
Karnataka,Tumkur,Sira
Karnataka,Tumkur,Tiptur
Karnataka,Tumkur,Tiptur APMC
Karnataka,Tumkur,Tumkur
Karnataka,Tumkur,Tumkur APMC
Karnataka,Tumkur,Turvekere
Karnataka,Tumkur,Turvekere APMC
Karnataka,Udupi,Karkala
Karnataka,Udupi,Karkala APMC
Karnataka,Udupi,Kundapura
Karnataka,Udupi,Udupi
Karnataka,Udupi,Udupi APMC
Karnataka,Yadgiri,Shahapur
Karnataka,Yadgiri,Shorapur
Karnataka,Yadgiri,Yadgir
Kerala,Alappuzha,Alappuzha
Kerala,Alappuzha,Aroor
Kerala,Alappuzha,Aroor APMC
Kerala,Alappuzha,CHENNITHALA VFPCK
Kerala,Alappuzha,Chengannur
Kerala,Alappuzha,Chengannur APMC
Kerala,Alappuzha,Cheriyanadu VFPCK
Kerala,Alappuzha,Cheriyanadu VFPCK APMC
Kerala,Alappuzha,Cherthala
Kerala,Alappuzha,Cherthala APMC
Kerala,Alappuzha,EDATHWA VFPCK
Kerala,Alappuzha,Harippad
Kerala,Alappuzha,Harippad APMC
Kerala,Alappuzha,Kayamkulam
Kerala,Alappuzha,Kayamkulam APMC
Kerala,Alappuzha,Madhavapuram
Kerala,Alappuzha,Madhavapuram APMC
Kerala,Alappuzha,Mannar
Kerala,Alappuzha,Mannar APMC
Kerala,Alappuzha,NOORANAD VFPCK
Kerala,Alappuzha,Nooranad VFPCK APMC
Kerala,Alappuzha,Pandanadu VFPCK
Kerala,Alappuzha,Pandanadu VFPCK APMC
Kerala,Alappuzha,THAMARAKKULAM VFPCK
Kerala,Alappuzha,Thamarakkulam VFPCK APMC
Kerala,Alappuzha,Thazhakkara VFPCK
Kerala,Alappuzha,Thazhakkara VFPCK APMC
Kerala,Alappuzha,Vallikunnam VFPCK
Kerala,Alappuzha,Vallikunnam VFPCK APMC
Kerala,Alappuzha,Venmony VFPCK
Kerala,Alappuzha,Venmony VFPCK APMC
Kerala,Ernakulam,Aluva
Kerala,Ernakulam,Aluva APMC
Kerala,Ernakulam,Amalapuram VFPCK
Kerala,Ernakulam,Amalapuram VFPCK APMC
Kerala,Ernakulam,Angamaly
Kerala,Ernakulam,Angamaly APMC
Kerala,Ernakulam,Broadway market
Kerala,Ernakulam,Broadway market APMC
Kerala,Ernakulam,Edackattuvayal VFPCK
Kerala,Ernakulam,Edackattuvayal VFPCK APMC
Kerala,Ernakulam,Ernakulam
Kerala,Ernakulam,Ernakulam APMC
Kerala,Ernakulam,KANJOOR VFPCK
Kerala,Ernakulam,KARUMALOOR VFPCK
Kerala,Ernakulam,KURUMASSERY VFPCK
Kerala,Ernakulam,Kadungallur VFPCK
Kerala,Ernakulam,Kadungallur VFPCK APMC
Kerala,Ernakulam,Kanjoor VFPCK APMC
Kerala,Ernakulam,Karumaloor VFPCK APMC
Kerala,Ernakulam,Keezhampara VFPCK
Kerala,Ernakulam,Keezhampara VFPCK APMC
Kerala,Ernakulam,Koovapadi VFPCK
Kerala,Ernakulam,Koovapadi VFPCK APMC
Kerala,Ernakulam,Kothamangalam
Kerala,Ernakulam,Kothamangalam APMC
Kerala,Ernakulam,Kunnukara VFPCK
Kerala,Ernakulam,Kunnukara VFPCK APMC
Kerala,Ernakulam,Kurumassery VFPCK APMC
Kerala,Ernakulam,Malayattoor VFPCK
Kerala,Ernakulam,Malayattoor VFPCK APMC
Kerala,Ernakulam,Mazhuvannur VFPCK
Kerala,Ernakulam,Mazhuvannur VFPCK APMC
Kerala,Ernakulam,Mookkannur VFPCK
Kerala,Ernakulam,Mookkannur VFPCK APMC
Kerala,Ernakulam,Moovattupuzha
Kerala,Ernakulam,Moovattupuzha APMC
Kerala,Ernakulam,Nedungapra VFPCK
Kerala,Ernakulam,Nedungapra VFPCK APMC
Kerala,Ernakulam,North Paravur
Kerala,Ernakulam,North Paravur APMC
Kerala,Ernakulam,POTHANIKKADU VFPCK
Kerala,Ernakulam,Perumbavoor
Kerala,Ernakulam,Perumbavoor APMC
Kerala,Ernakulam,Piravam
Kerala,Ernakulam,Piravam APMC
Kerala,Ernakulam,Pothanikkadu VFPCK APMC
Kerala,Ernakulam,Puthenvelikkara VFPCK
Kerala,Ernakulam,Puthenvelikkara VFPCK APMC
Kerala,Ernakulam,THURAVOOR VFPCK
Kerala,Ernakulam,Thiruvaniyoor VFPCK
Kerala,Ernakulam,Thiruvaniyoor VFPCK APMC
Kerala,Ernakulam,Thrippunithura
Kerala,Ernakulam,Thrippunithura APMC
Kerala,Ernakulam,Thuravoor VFPCK APMC
Kerala,Ernakulam,Vengola VFPCK
Kerala,Ernakulam,Vengola VFPCK APMC
Kerala,Idukki,ADIMALI VFPCK
Kerala,Idukki,Adimali
Kerala,Idukki,Adimali APMC
Kerala,Idukki,Adimali VFPCK APMC
Kerala,Idukki,Alacode VFPCK
Kerala,Idukki,Alacode VFPCK APMC
Kerala,Idukki,ERRATTAYAR VFPCK
Kerala,Idukki,Errattayar VFPCK APMC
Kerala,Idukki,KANNAKUNNU VFPCK
Kerala,Idukki,KANTHALOOR VFPCK
Kerala,Idukki,Kamakshi VFPCK
Kerala,Idukki,Kamakshi VFPCK APMC
Kerala,Idukki,Kannakunnu VFPCK APMC
Kerala,Idukki,Kanthaloor VFPCK APMC
Kerala,Idukki,Kattappana
Kerala,Idukki,Kattappana APMC
Kerala,Idukki,Kodikulam VFPCK
Kerala,Idukki,Kodikulam VFPCK APMC
Kerala,Idukki,MELECHINNAR VFPCK
Kerala,Idukki,Melechinnar VFPCK APMC
Kerala,Idukki,Munnar
Kerala,Idukki,Munnar APMC
Kerala,Idukki,Nedumkandam
Kerala,Idukki,Nedumkandam APMC
Kerala,Idukki,PARATHODE VFPCK
Kerala,Idukki,Parathode VFPCK APMC
Kerala,Idukki,Pazhayarikandam VFPCK
Kerala,Idukki,Pazhayarikandam VFPCK APMC
Kerala,Idukki,Rajakkad VFPCK
Kerala,Idukki,Rajakkad VFPCK APMC
Kerala,Idukki,Thodupuzha
Kerala,Idukki,Thodupuzha APMC
Kerala,Idukki,Thompramkudi VFPCK
Kerala,Idukki,Thompramkudi VFPCK APMC
Kerala,Idukki,Udumbannoor VFPCK
Kerala,Idukki,Udumbannoor VFPCK APMC
Kerala,Idukki,Vandiperiyar
Kerala,Idukki,Vandiperiyar APMC
Kerala,Kannur,Chavassery VFPCK
Kerala,Kannur,Irikkur
Kerala,Kannur,Irikkur APMC
Kerala,Kannur,Irityy
Kerala,Kannur,Irityy APMC
Kerala,Kannur,KELAKAM VFPCK
Kerala,Kannur,KOLAYAD VFPCK
Kerala,Kannur,Kannur
Kerala,Kannur,Kannur APMC
Kerala,Kannur,Kelakam VFPCK APMC
Kerala,Kannur,Kolayad VFPCK APMC
Kerala,Kannur,Koodali VFPCK
Kerala,Kannur,Koodali VFPCK APMC
Kerala,Kannur,Kuthuparambu
Kerala,Kannur,Kuthuparambu APMC
Kerala,Kannur,MANGATTIDOM VFPCK
Kerala,Kannur,Maloor VFPCK
Kerala,Kannur,Maloor VFPCK APMC
Kerala,Kannur,Mangattidom VFPCK APMC
Kerala,Kannur,Mattannur VFPCK
Kerala,Kannur,Mattannur VFPCK APMC
Kerala,Kannur,PAYAM VFPCK
Kerala,Kannur,PERAVOOR VFPCK
Kerala,Kannur,Pattiyam VFPCK
Kerala,Kannur,Pattiyam VFPCK APMC
Kerala,Kannur,Payam VFPCK APMC
Kerala,Kannur,Payyannur
Kerala,Kannur,Payyannur APMC
Kerala,Kannur,Peravoor VFPCK APMC
Kerala,Kannur,SREEKANDAPURAM VFPCK
Kerala,Kannur,Sreekandapuram VFPCK APMC
Kerala,Kannur,Taliparamba
Kerala,Kannur,Taliparamba APMC
Kerala,Kannur,Thalasserry
Kerala,Kannur,Thalasserry APMC
Kerala,Kasargod,Kanjangadu
Kerala,Kasargod,Kanjangadu APMC
Kerala,Kasargod,Kasargod
Kerala,Kasargod,Kasargod APMC
Kerala,Kasargod,Madikai VFPCK
Kerala,Kasargod,Madikai VFPCK APMC
Kerala,Kasargod,Manjeswaram
Kerala,Kasargod,Manjeswaram APMC
Kerala,Kasargod,Neeleswaram
Kerala,Kasargod,Neeleswaram APMC
Kerala,Kasargod,Pullur Periya VFPCK
Kerala,Kasargod,Pullur Periya VFPCK APMC
Kerala,Kollam,Anchal
Kerala,Kollam,Anchal APMC
Kerala,Kollam,Anchal VFPCK
Kerala,Kollam,Anchal VFPCK APMC
Kerala,Kollam,CHANNAPETTA VFPCK
Kerala,Kollam,CHATHANNOORE VFPCK
Kerala,Kollam,Channapetta VFPCK APMC
Kerala,Kollam,Chathannoore VFPCK APMC
Kerala,Kollam,Chathanoor
Kerala,Kollam,Chathanoor APMC
Kerala,Kollam,Chengamanad VFPCK
Kerala,Kollam,Chengamanad VFPCK APMC
Kerala,Kollam,EDAMON VFPCK
Kerala,Kollam,Edamon VFPCK APMC
Kerala,Kollam,Elamad VFPCK
Kerala,Kollam,Elamad VFPCK APMC
Kerala,Kollam,INCHAKKAD VFPCK
Kerala,Kollam,Inchakkad VFPCK APMC
Kerala,Kollam,KALLUVATHUKKAL VFPCK
Kerala,Kollam,KERALAPURAM VFPCK
Kerala,Kollam,KULATHOOPUZHA VFPCK
Kerala,Kollam,Kadakkal VFPCK
Kerala,Kollam,Kadakkal VFPCK APMC
Kerala,Kollam,Kaliyanchanda
Kerala,Kollam,Kollam
Kerala,Kollam,Kollam APMC
Kerala,Kollam,Kottarakkara
Kerala,Kollam,Kottarakkara APMC
Kerala,Kollam,Kulathoopuzha VFPCK APMC
Kerala,Kollam,Nedumpaikulam VFPCK
Kerala,Kollam,Nedumpaikulam VFPCK APMC
Kerala,Kollam,Nedumpana VFPCK
Kerala,Kollam,Nedumpana VFPCK APMC
Kerala,Kollam,Neduvathoor VFPCK
Kerala,Kollam,Neduvathoor VFPCK APMC
Kerala,Kollam,PATTAZHY NORTH VFPCK
Kerala,Kollam,PIRAVANTHOOR VFPCK
Kerala,Kollam,PLAPPALLY VFPCK
Kerala,Kollam,PUTHUR VFPCK
Kerala,Kollam,Pattazhy North VFPCK APMC
Kerala,Kollam,Piravanthoor VFPCK APMC
Kerala,Kollam,Plappally VFPCK APMC
Kerala,Kollam,Punalur
Kerala,Kollam,Punalur APMC
Kerala,Kollam,Punalur VFPCK
Kerala,Kollam,Punalur VFPCK APMC
Kerala,Kollam,Puthur VFPCK APMC
Kerala,Kollam,Sasthamkotta
Kerala,Kollam,Sasthamkotta APMC
Kerala,Kollam,Sasthamkotta VFPCK
Kerala,Kollam,Sasthamkotta VFPCK APMC
Kerala,Kollam,Sooranad VFPCK
Kerala,Kollam,Sooranad VFPCK APMC
Kerala,Kollam,THALAVOOR VFPCK
Kerala,Kollam,Thalavoor VFPCK APMC
Kerala,Kollam,Valakom VFPCK
Kerala,Kollam,Valakom VFPCK APMC
Kerala,Kollam,Veliyam VFPCK
Kerala,Kottayam,ATHIRAMPUZHA VFPCK
Kerala,Kottayam,AYMANAM VFPCK
Kerala,Kottayam,Adithyapuram VFPCK
Kerala,Kottayam,Adithyapuram VFPCK APMC
Kerala,Kottayam,Athirampuzha
Kerala,Kottayam,Athirampuzha APMC
Kerala,Kottayam,Athirampuzha VFPCK APMC
Kerala,Kottayam,Avarma VFPCK
Kerala,Kottayam,Avarma VFPCK APMC
Kerala,Kottayam,Aymanam VFPCK APMC
Kerala,Kottayam,BHARANANGANAM
Kerala,Kottayam,Bharananganam APMC
Kerala,Kottayam,ETTUMANOOR VFPCK
Kerala,Kottayam,Ettumanoor
Kerala,Kottayam,Ettumanoor APMC
Kerala,Kottayam,Ettumanoor VFPCK APMC
Kerala,Kottayam,KAITHEPALAM VFPCK
Kerala,Kottayam,KS MANGALAM VFPCK
Kerala,Kottayam,KURICHY VFPCK
Kerala,Kottayam,Kaithepalam VFPCK APMC
Kerala,Kottayam,Kanjirappally
Kerala,Kottayam,Kanjirappally APMC
Kerala,Kottayam,Kattampak VFPCK
Kerala,Kottayam,Kattampak VFPCK APMC
Kerala,Kottayam,Kottayam
Kerala,Kottayam,Kottayam APMC
Kerala,Kottayam,Ks Mangalam VFPCK APMC
Kerala,Kottayam,Kurichy VFPCK APMC
Kerala,Kottayam,Kuriem VFPCK
Kerala,Kottayam,Kuriem VFPCK APMC
Kerala,Kottayam,Kuruppanthura
Kerala,Kottayam,Kuruppanthura APMC
Kerala,Kottayam,Mannackanad VFPCK
Kerala,Kottayam,Mannackanad VFPCK APMC
Kerala,Kottayam,Mutholy VFPCK
Kerala,Kottayam,Mutholy VFPCK APMC
Kerala,Kottayam,NEEZHOOR VFPCK
Kerala,Kottayam,Neezhoor VFPCK APMC
Kerala,Kottayam,PARATHODE VFPCK
Kerala,Kottayam,Pala
Kerala,Kottayam,Pala APMC
Kerala,Kottayam,Pampady
Kerala,Kottayam,Pampady APMC
Kerala,Kottayam,Parathode VFPCK APMC
Kerala,Kottayam,RAMAPURAM VFPCK
Kerala,Kottayam,Ramapuram VFPCK APMC
Kerala,Kottayam,Thalayolaparambu
Kerala,Kottayam,Thalayolaparambu APMC
Kerala,Kottayam,Thottuva VFPCK
Kerala,Kottayam,Thottuva VFPCK APMC
Kerala,Kottayam,Thrikkodithanam VFPCK
Kerala,Kottayam,Thrikkodithanam VFPCK APMC
Kerala,Kottayam,VAKATHANAM VFPCK
Kerala,Kottayam,Vakathanam VFPCK APMC
Kerala,Kottayam,Vayala VFPCK
Kerala,Kottayam,Vayala VFPCK APMC
Kerala,Kottayam,Vempally VFPCK
Kerala,Kottayam,Vempally VFPCK APMC
Kerala,Kozhikode (Calicut),KAKKUR VFPCK
Kerala,Kozhikode (Calicut),KODENCHERY VFPCK
Kerala,Kozhikode (Calicut),KODIYATHUR VFPCK
Kerala,Kozhikode (Calicut),KOODARANJI VFPCK
Kerala,Kozhikode (Calicut),Kakkur VFPCK APMC
Kerala,Kozhikode (Calicut),Kallachi
Kerala,Kozhikode (Calicut),Kallachi APMC
Kerala,Kozhikode (Calicut),Keezhparamba VFPCK
Kerala,Kozhikode (Calicut),Keezhparamba VFPCK APMC
Kerala,Kozhikode (Calicut),Kodenchery VFPCK APMC
Kerala,Kozhikode (Calicut),Koodaranji VFPCK APMC
Kerala,Kozhikode (Calicut),Kunnamangalam VFPCK
Kerala,Kozhikode (Calicut),Kunnamangalam VFPCK APMC
Kerala,Kozhikode (Calicut),Mavoor VFPCK
Kerala,Kozhikode (Calicut),Mavoor VFPCK APMC
Kerala,Kozhikode (Calicut),Mukkam VFPCK
Kerala,Kozhikode (Calicut),Mukkam VFPCK APMC
Kerala,Kozhikode (Calicut),Mukkom
Kerala,Kozhikode (Calicut),Mukkom APMC
Kerala,Kozhikode (Calicut),Palayam
Kerala,Kozhikode (Calicut),Palayam APMC
Kerala,Kozhikode (Calicut),Perambra
Kerala,Kozhikode (Calicut),Perambra APMC
Kerala,Kozhikode (Calicut),Quilandy
Kerala,Kozhikode (Calicut),Quilandy APMC
Kerala,Kozhikode (Calicut),THALAKULATHUR VFPCK
Kerala,Kozhikode (Calicut),THIRUVAMBADY VFPCK
Kerala,Kozhikode (Calicut),Thalakulathur VFPCK APMC
Kerala,Kozhikode (Calicut),Thamarassery
Kerala,Kozhikode (Calicut),Thamarassery APMC
Kerala,Kozhikode (Calicut),Thiruvambady VFPCK APMC
Kerala,Kozhikode (Calicut),Vellannur VFPCK
Kerala,Kozhikode (Calicut),Vellannur VFPCK APMC
Kerala,Kozhikode (Calicut),Vengeri (Kozhikode)
Kerala,Kozhikode (Calicut),Vengeri (Kozhikode) APMC
Kerala,Malappuram,ANGADIPPURAM VFPCK
Kerala,Malappuram,ATHANIKKAL VFPCK
Kerala,Malappuram,Angadippuram VFPCK APMC
Kerala,Malappuram,Athanikkal VFPCK APMC
Kerala,Malappuram,CHUNGATHARA VFPCK
Kerala,Malappuram,Chungathara VFPCK APMC
Kerala,Malappuram,ELAMKULAM VFPCK
Kerala,Malappuram,Elamkulam VFPCK APMC
Kerala,Malappuram,Elamkur VFPCK
Kerala,Malappuram,Elamkur VFPCK APMC
Kerala,Malappuram,KALIKAVU VFPCK
Kerala,Malappuram,KOORAD WANDOOR VFPCK
Kerala,Malappuram,Kalikavu VFPCK APMC
Kerala,Malappuram,Kannamangalam VFPCK
Kerala,Malappuram,Kannamangalam VFPCK APMC
Kerala,Malappuram,Kodakkad VFPCK
Kerala,Malappuram,Kodakkad VFPCK APMC
Kerala,Malappuram,Kondotty
Kerala,Malappuram,Kondotty APMC
Kerala,Malappuram,Koorad Wandoor VFPCK APMC
Kerala,Malappuram,Kottakkal
Kerala,Malappuram,Kottakkal APMC
Kerala,Malappuram,MANKADA VFPCK
Kerala,Malappuram,Manjeri
Kerala,Malappuram,Manjeri APMC
Kerala,Malappuram,Mankada VFPCK APMC
Kerala,Malappuram,Moothedam VFPCK
Kerala,Malappuram,Moothedam VFPCK APMC
Kerala,Malappuram,Othayi VFPCK
Kerala,Malappuram,Othayi VFPCK APMC
Kerala,Malappuram,PALLIKKAL VFPCK
Kerala,Malappuram,Pallikkal VFPCK APMC
Kerala,Malappuram,Parappanangadi
Kerala,Malappuram,Parappanangadi APMC
Kerala,Malappuram,Parappanangadi VFPCK
Kerala,Malappuram,Parappanangadi VFPCK APMC
Kerala,Malappuram,Perinthalmanna
Kerala,Malappuram,Perinthalmanna APMC
Kerala,Malappuram,Thalappara VFPCK
Kerala,Malappuram,Thalappara VFPCK APMC
Kerala,Malappuram,Thirurrangadi
Kerala,Malappuram,Thirurrangadi APMC
Kerala,Malappuram,Thiruvali VFPCK
Kerala,Malappuram,Thiruvali VFPCK APMC
Kerala,Malappuram,VAZHAYUR VFPCK
Kerala,Malappuram,Vazhayur VFPCK APMC
Kerala,Palakad,AGALI VFPCK
Kerala,Palakad,Agali VFPCK APMC
Kerala,Palakad,Alenellur VFPCK
Kerala,Palakad,Alenellur VFPCK APMC
Kerala,Palakad,Elevancheri VFPCK
Kerala,Palakad,Elevancheri VFPCK APMC
Kerala,Palakad,KARIMPUZHA VFPCK
Kerala,Palakad,KOLLENGODE VFPCK
Kerala,Palakad,KOTTAYI VFPCK
Kerala,Palakad,Kadambazhi puram VFPCK
Kerala,Palakad,Kadambazhi puram VFPCK APMC
Kerala,Palakad,Karimpuzha VFPCK APMC
Kerala,Palakad,Kizhakkancheri VFPCK
Kerala,Palakad,Kizhakkancheri VFPCK APMC
Kerala,Palakad,Koduvayoor
Kerala,Palakad,Koduvayoor APMC
Kerala,Palakad,Kollengode
Kerala,Palakad,Kollengode APMC
Kerala,Palakad,Kollengode VFPCK APMC
Kerala,Palakad,Kottayi VFPCK APMC
Kerala,Palakad,MOOCHAMKUNDU VFPCK
Kerala,Palakad,Malampuzha VFPCK
Kerala,Palakad,Malampuzha VFPCK APMC
Kerala,Palakad,Moochamkundu VFPCK APMC
Kerala,Palakad,PERUMATTY VFPCK
Kerala,Palakad,Palakkad
Kerala,Palakad,Palakkad APMC
Kerala,Palakad,Paliyamangalam VFPCK
Kerala,Palakad,Paliyamangalam VFPCK APMC
Kerala,Palakad,Pattambi
Kerala,Palakad,Pattambi APMC
Kerala,Palakad,Perumatty VFPCK APMC
Kerala,Palakad,Puthupariyaram VFPCK
Kerala,Palakad,Puthupariyaram VFPCK APMC
Kerala,Palakad,Vadakarapathy VFPCK
Kerala,Palakad,Vadakarapathy VFPCK APMC
Kerala,Palakad,Vadakkenchery
Kerala,Palakad,Vadakkenchery APMC
Kerala,Palakad,Vaniyamkulam VFPCK
Kerala,Palakad,Vaniyamkulam VFPCK APMC
Kerala,Palakad,Vithinasserri VFPCK
Kerala,Palakad,Vithinasserri VFPCK APMC
Kerala,Palakad,vadakarapathy
Kerala,Palakad,vadakarapathy APMC
Kerala,Pathanamthitta,CHITTAR VFPCK
Kerala,Pathanamthitta,Chittar VFPCK APMC
Kerala,Pathanamthitta,ENADIMANGALAM VFPCK
Kerala,Pathanamthitta,EZHAMKULAM VFPCK
Kerala,Pathanamthitta,Erath VFPCK
Kerala,Pathanamthitta,Erath VFPCK APMC
Kerala,Pathanamthitta,Ezhamkulam
Kerala,Pathanamthitta,Ezhamkulam APMC
Kerala,Pathanamthitta,Ezhamkulam VFPCK APMC
Kerala,Pathanamthitta,KODUMON VFPCK
Kerala,Pathanamthitta,Kalanjoor VFPCK
Kerala,Pathanamthitta,Kalanjoor VFPCK APMC
Kerala,Pathanamthitta,Kodumon VFPCK APMC
Kerala,Pathanamthitta,Kuttoor
Kerala,Pathanamthitta,Kuttoor APMC
Kerala,Pathanamthitta,Mallappally VFPCK
Kerala,Pathanamthitta,Mezhuveli VFPCK
Kerala,Pathanamthitta,Mezhuveli VFPCK APMC
Kerala,Pathanamthitta,NEDUMBRAM VFPCK
Kerala,Pathanamthitta,Naranganam VFPCK
Kerala,Pathanamthitta,Naranganam VFPCK APMC
Kerala,Pathanamthitta,Nedumbram VFPCK APMC
Kerala,Pathanamthitta,Omalloor
Kerala,Pathanamthitta,Omalloor APMC
Kerala,Pathanamthitta,PANDALAM VFPCK
Kerala,Pathanamthitta,Pallikkal VFPCK
Kerala,Pathanamthitta,Pallikkal VFPCK APMC
Kerala,Pathanamthitta,Pandalam
Kerala,Pathanamthitta,Pandalam APMC
Kerala,Pathanamthitta,Pandalam Thekkekkara VFPCK
Kerala,Pathanamthitta,Pandalam Thekkekkara VFPCK APMC
Kerala,Pathanamthitta,Pandalam VFPCK APMC
Kerala,Pathanamthitta,Parakkodu
Kerala,Pathanamthitta,Parakkodu APMC
Kerala,Pathanamthitta,Pramadom VFPCK
Kerala,Pathanamthitta,Pramadom VFPCK APMC
Kerala,Pathanamthitta,Puramattom VFPCK
Kerala,Pathanamthitta,Puramattom VFPCK APMC
Kerala,Pathanamthitta,RANNI VFPCK
Kerala,Pathanamthitta,Ranni VFPCK APMC
Kerala,Pathanamthitta,Ranniangadi
Kerala,Pathanamthitta,Ranniangadi APMC
Kerala,Pathanamthitta,Seethathode VFPCK
Kerala,Pathanamthitta,Seethathode VFPCK APMC
Kerala,Pathanamthitta,THENGAMAM VFPCK
Kerala,Pathanamthitta,Thengamam VFPCK APMC
Kerala,Thirssur,Alengad VFPCK
Kerala,Thirssur,Alengad VFPCK APMC
Kerala,Thirssur,Amballur VFPCK
Kerala,Thirssur,Amballur VFPCK APMC
Kerala,Thirssur,Annamanada VFPCK
Kerala,Thirssur,CHAZHUR VFPCK
Kerala,Thirssur,CHELAKKARA VFPCK
Kerala,Thirssur,Chalakudy
Kerala,Thirssur,Chalakudy APMC
Kerala,Thirssur,Chavakkad
Kerala,Thirssur,Chavakkad APMC
Kerala,Thirssur,Chazhur VFPCK APMC
Kerala,Thirssur,Chelakkara
Kerala,Thirssur,Chelakkara APMC
Kerala,Thirssur,Chelakkara VFPCK APMC
Kerala,Thirssur,Elanad VFPCK
Kerala,Thirssur,Elanad VFPCK APMC
Kerala,Thirssur,Irinjalakkuda
Kerala,Thirssur,Irinjalakkuda APMC
Kerala,Thirssur,KADUKUTTY VFPCK
Kerala,Thirssur,KARALAM VFPCK
Kerala,Thirssur,KODASSERY VFPCK
Kerala,Thirssur,Kadukutty VFPCK APMC
Kerala,Thirssur,Karalam VFPCK APMC
Kerala,Thirssur,Karuvannur VFPCK
Kerala,Thirssur,Karuvannur VFPCK APMC
Kerala,Thirssur,Kodassery VFPCK APMC
Kerala,Thirssur,Kodungalloor
Kerala,Thirssur,Kodungalloor APMC
Kerala,Thirssur,Kuzhur VFPCK
Kerala,Thirssur,Kuzhur VFPCK APMC
Kerala,Thirssur,MALA VFPCK
Kerala,Thirssur,MELOCR VFPCK
Kerala,Thirssur,Marottichal VFPCK
Kerala,Thirssur,Marottichal VFPCK APMC
Kerala,Thirssur,Mattathur VFPCK
Kerala,Thirssur,Mattathur VFPCK APMC
Kerala,Thirssur,Melocr VFPCK APMC
Kerala,Thirssur,Muriyad VFPCK
Kerala,Thirssur,Muriyad VFPCK APMC
Kerala,Thirssur,Nooluvally VFPCK
Kerala,Thirssur,Nooluvally VFPCK APMC
Kerala,Thirssur,PANANCHERY VFPCK
Kerala,Thirssur,Pananchery VFPCK APMC
Kerala,Thirssur,Pariyaram VFPCK
Kerala,Thirssur,Pariyaram VFPCK APMC
Kerala,Thirssur,Pazhayannur VFPCK
Kerala,Thirssur,Pazhayannur VFPCK APMC
Kerala,Thirssur,Puthur VFPCK
Kerala,Thirssur,Puthur VFPCK APMC
Kerala,Thirssur,THOTTIPPAL VFPCK
Kerala,Thirssur,Thottippal VFPCK APMC
Kerala,Thirssur,Thrissur
Kerala,Thirssur,Thrissur APMC
Kerala,Thirssur,VELOORKKARA VFPCK
Kerala,Thirssur,Varandarappilly VFPCK
Kerala,Thirssur,Varandarappilly VFPCK APMC
Kerala,Thirssur,Veloorkkara VFPCK APMC
Kerala,Thirssur,Wadakkanchery
Kerala,Thirssur,Wadakkanchery APMC
Kerala,Thiruvananthapuram,ARYANAD VFPCK
Kerala,Thiruvananthapuram,ATHIYANNUR VFPCK
Kerala,Thiruvananthapuram,Anyara (EEC)
Kerala,Thiruvananthapuram,Anyara (EEC) APMC
Kerala,Thiruvananthapuram,Aralamoodu
Kerala,Thiruvananthapuram,Aralamoodu APMC
Kerala,Thiruvananthapuram,Attingal
Kerala,Thiruvananthapuram,Attingal APMC
Kerala,Thiruvananthapuram,Balaramapuram VFPCK
Kerala,Thiruvananthapuram,Balaramapuram VFPCK APMC
Kerala,Thiruvananthapuram,Balarampuram
Kerala,Thiruvananthapuram,Balarampuram APMC
Kerala,Thiruvananthapuram,Chala
Kerala,Thiruvananthapuram,Chala APMC
Kerala,Thiruvananthapuram,Chenkal VFPCK
Kerala,Thiruvananthapuram,Chenkal VFPCK APMC
Kerala,Thiruvananthapuram,KILMANNUR VFPCK
Kerala,Thiruvananthapuram,Kallara VFPCK
Kerala,Thiruvananthapuram,Kallara VFPCK APMC
Kerala,Thiruvananthapuram,Kattakada
Kerala,Thiruvananthapuram,Kattakada APMC
Kerala,Thiruvananthapuram,Kattakkada VFPCK
Kerala,Thiruvananthapuram,Kattakkada VFPCK APMC
Kerala,Thiruvananthapuram,Kilmannur VFPCK APMC
Kerala,Thiruvananthapuram,Kollayil VFPCK
Kerala,Thiruvananthapuram,Kollayil VFPCK APMC
Kerala,Thiruvananthapuram,Kovilnada VFPCK
Kerala,Thiruvananthapuram,Kovilnada VFPCK APMC
Kerala,Thiruvananthapuram,Kunnathukkal VFPCK
Kerala,Thiruvananthapuram,MUDAKKAL VFPCK
Kerala,Thiruvananthapuram,MYLACHAL VFPCK
Kerala,Thiruvananthapuram,Maranelloor VFPCK
Kerala,Thiruvananthapuram,Maranelloor VFPCK APMC
Kerala,Thiruvananthapuram,Mudakkal VFPCK APMC
Kerala,Thiruvananthapuram,Mylachal VFPCK APMC
Kerala,Thiruvananthapuram,Nedumangadu
Kerala,Thiruvananthapuram,Nedumangadu APMC
Kerala,Thiruvananthapuram,Neyyatinkara
Kerala,Thiruvananthapuram,Neyyatinkara APMC
Kerala,Thiruvananthapuram,Neyyattinkara VFPCK
Kerala,Thiruvananthapuram,Neyyattinkara VFPCK APMC
Kerala,Thiruvananthapuram,PAPPANCHANI VFPCK
Kerala,Thiruvananthapuram,Pappanchani VFPCK APMC
Kerala,Thiruvananthapuram,Parassala
Kerala,Thiruvananthapuram,Parassala APMC
Kerala,Thiruvananthapuram,Parassala VFPCK
Kerala,Thiruvananthapuram,Parassala VFPCK APMC
Kerala,Thiruvananthapuram,Pothencode
Kerala,Thiruvananthapuram,Pothencode APMC
Kerala,Thiruvananthapuram,VELLANAD VFPCK
Kerala,Thiruvananthapuram,VEMBAYAM VFPCK
Kerala,Thiruvananthapuram,Vamanapuram
Kerala,Thiruvananthapuram,Vamanapuram APMC
Kerala,Thiruvananthapuram,Vellanad VFPCK APMC
Kerala,Thiruvananthapuram,Vellarada VFPCK
Kerala,Thiruvananthapuram,Vellarada VFPCK APMC
Kerala,Thiruvananthapuram,Vembayam VFPCK APMC
Kerala,Thiruvananthapuram,Vengannore VFPCK
Kerala,Thiruvananthapuram,Vengannore VFPCK APMC
Kerala,Wayanad,CHEERAL VFPCK
Kerala,Wayanad,Kalpetta
Kerala,Wayanad,Kalpetta APMC
Kerala,Wayanad,MUTTIL VFPCK
Kerala,Wayanad,Manathavady
Kerala,Wayanad,Manathavady APMC
Kerala,Wayanad,Muttil VFPCK APMC
Kerala,Wayanad,Neervaram VFPCK
Kerala,Wayanad,Neervaram VFPCK APMC
Kerala,Wayanad,PERIA VFPCK
Kerala,Wayanad,POOTHADI VFPCK
Kerala,Wayanad,Padinjarathara VFPCK
Kerala,Wayanad,Padinjarathara VFPCK APMC
Kerala,Wayanad,Poothadi VFPCK APMC
Kerala,Wayanad,Pulpally
Kerala,Wayanad,Pulpally APMC
Kerala,Wayanad,Sultan bathery
Kerala,Wayanad,Sultan bathery APMC
Kerala,Wayanad,Sulthanbathery VFPCK
Kerala,Wayanad,Sulthanbathery VFPCK APMC
Kerala,Wayanad,THARIYODE VFPCK
Kerala,Wayanad,THAVINJAL VFPCK
Kerala,Wayanad,Thondernad VFPCK
Kerala,Wayanad,Thondernad VFPCK APMC
Kerala,Wayanad,VENGAPALLY VFPCK
Madhya Pradesh,Agar Malwa,Agar (F&V)
Madhya Pradesh,Agar Malwa,Nalkheda (F&V)
Madhya Pradesh,Agar Malwa,Soyatkalan (F&V)
Madhya Pradesh,Alirajpur,Alirajpur
Madhya Pradesh,Alirajpur,Alirajpur (F&V)
Madhya Pradesh,Alirajpur,Alirajpur APMC
Madhya Pradesh,Alirajpur,Jobat
Madhya Pradesh,Alirajpur,Jobat (F&V)
Madhya Pradesh,Alirajpur,Jobat APMC
Madhya Pradesh,Anupur,Anuppur
Madhya Pradesh,Anupur,Anuppur APMC
Madhya Pradesh,Anupur,Jaithari
Madhya Pradesh,Anupur,Kotma
Madhya Pradesh,Anupur,Kotma APMC
Madhya Pradesh,Ashoknagar,Ashoknagar
Madhya Pradesh,Ashoknagar,Ashoknagar (F&V)
Madhya Pradesh,Ashoknagar,Ashoknagar APMC
Madhya Pradesh,Ashoknagar,Chanderi
Madhya Pradesh,Ashoknagar,Chanderi APMC
Madhya Pradesh,Ashoknagar,Isagarh
Madhya Pradesh,Ashoknagar,Isagarh APMC
Madhya Pradesh,Ashoknagar,Mungawali
Madhya Pradesh,Ashoknagar,Mungawali APMC
Madhya Pradesh,Ashoknagar,Piprai
Madhya Pradesh,Ashoknagar,Piprai APMC
Madhya Pradesh,Ashoknagar,Shadora
Madhya Pradesh,Ashoknagar,Shadora APMC
Madhya Pradesh,Badwani,Anjad
Madhya Pradesh,Badwani,Anjad (F&V)
Madhya Pradesh,Badwani,Anjad APMC
Madhya Pradesh,Badwani,Badwani
Madhya Pradesh,Badwani,Badwani (F&V)
Madhya Pradesh,Badwani,Badwani APMC
Madhya Pradesh,Badwani,Balwadi
Madhya Pradesh,Badwani,Balwadi APMC
Madhya Pradesh,Badwani,Khetia
Madhya Pradesh,Badwani,Khetia APMC
Madhya Pradesh,Badwani,Sendhwa
Madhya Pradesh,Badwani,Sendhwa (F&V)
Madhya Pradesh,Badwani,Sendhwa APMC
Madhya Pradesh,Balaghat,Balaghat
Madhya Pradesh,Balaghat,Balaghat APMC
Madhya Pradesh,Balaghat,Katangi
Madhya Pradesh,Balaghat,Katangi APMC
Madhya Pradesh,Balaghat,Khairlangi
Madhya Pradesh,Balaghat,Lalbarra
Madhya Pradesh,Balaghat,Lalbarra APMC
Madhya Pradesh,Balaghat,Mohgaon
Madhya Pradesh,Balaghat,Mohgaon APMC
Madhya Pradesh,Balaghat,Praswada
Madhya Pradesh,Balaghat,Praswada APMC
Madhya Pradesh,Balaghat,Varaseoni
Madhya Pradesh,Balaghat,Varaseoni APMC
Madhya Pradesh,Betul,Betul
Madhya Pradesh,Betul,Betul (F&V)
Madhya Pradesh,Betul,Betul APMC
Madhya Pradesh,Betul,Bhensdehi
Madhya Pradesh,Betul,Bhensdehi APMC
Madhya Pradesh,Betul,Multai
Madhya Pradesh,Betul,Multai (F&V)
Madhya Pradesh,Betul,Multai APMC
Madhya Pradesh,Bhind,Alampur
Madhya Pradesh,Bhind,Alampur APMC
Madhya Pradesh,Bhind,Bhind
Madhya Pradesh,Bhind,Bhind APMC
Madhya Pradesh,Bhind,Gohad
Madhya Pradesh,Bhind,Gohad (F&V)
Madhya Pradesh,Bhind,Gohad APMC
Madhya Pradesh,Bhind,Lahar
Madhya Pradesh,Bhind,Lahar APMC
Madhya Pradesh,Bhind,Mehgaon
Madhya Pradesh,Bhind,Mehgaon APMC
Madhya Pradesh,Bhind,Mow
Madhya Pradesh,Bhind,Mow APMC
Madhya Pradesh,Bhopal,Berasia
Madhya Pradesh,Bhopal,Berasia APMC
Madhya Pradesh,Bhopal,Bhopal
Madhya Pradesh,Bhopal,Bhopal (F&V)
Madhya Pradesh,Bhopal,Bhopal APMC
Madhya Pradesh,Burhanpur,Burhanpur
Madhya Pradesh,Burhanpur,Burhanpur (F&V)
Madhya Pradesh,Burhanpur,Burhanpur APMC
Madhya Pradesh,Chhatarpur,Badamalhera
Madhya Pradesh,Chhatarpur,Badamalhera APMC
Madhya Pradesh,Chhatarpur,Bakswaha
Madhya Pradesh,Chhatarpur,Bakswaha APMC
Madhya Pradesh,Chhatarpur,Bijawar
Madhya Pradesh,Chhatarpur,Bijawar APMC
Madhya Pradesh,Chhatarpur,Chattarpur (F&V)
Madhya Pradesh,Chhatarpur,Chhatarpur
Madhya Pradesh,Chhatarpur,Chhatarpur APMC
Madhya Pradesh,Chhatarpur,Harpalpur
Madhya Pradesh,Chhatarpur,Harpalpur APMC
Madhya Pradesh,Chhatarpur,LavKush Nagar (Laundi)
Madhya Pradesh,Chhatarpur,LavKush Nagar (Laundi) APMC
Madhya Pradesh,Chhatarpur,Naugaon
Madhya Pradesh,Chhatarpur,Naugaon APMC
Madhya Pradesh,Chhatarpur,Rajnagar
Madhya Pradesh,Chhatarpur,Rajnagar APMC
Madhya Pradesh,Chhindwara,Amarwda
Madhya Pradesh,Chhindwara,Amarwda APMC
Madhya Pradesh,Chhindwara,Chaurai
Madhya Pradesh,Chhindwara,Chaurai APMC
Madhya Pradesh,Chhindwara,Chhindwara
Madhya Pradesh,Chhindwara,Chhindwara (F&V)
Madhya Pradesh,Chhindwara,Chhindwara APMC
Madhya Pradesh,Chhindwara,Chindwara (F&V)
Madhya Pradesh,Chhindwara,Pandhurna
Madhya Pradesh,Chhindwara,Pandhurna APMC
Madhya Pradesh,Chhindwara,Saunsar
Madhya Pradesh,Chhindwara,Saunsar APMC
Madhya Pradesh,Chhindwara,Sounsar (F&V)
Madhya Pradesh,Damoh,Damoh
Madhya Pradesh,Damoh,Damoh (F&V)
Madhya Pradesh,Damoh,Damoh APMC
Madhya Pradesh,Damoh,Hata
Madhya Pradesh,Damoh,Hata APMC
Madhya Pradesh,Damoh,Javera
Madhya Pradesh,Damoh,Javera APMC
Madhya Pradesh,Damoh,Patharia
Madhya Pradesh,Damoh,Patharia APMC
Madhya Pradesh,Datia,Bhander
Madhya Pradesh,Datia,Bhander APMC
Madhya Pradesh,Datia,Datia
Madhya Pradesh,Datia,Datia APMC
Madhya Pradesh,Datia,Sevda
Madhya Pradesh,Datia,Sevda APMC
Madhya Pradesh,Dewas,Bagli
Madhya Pradesh,Dewas,Bagli APMC
Madhya Pradesh,Dewas,Dewas
Madhya Pradesh,Dewas,Dewas (F&V)
Madhya Pradesh,Dewas,Dewas APMC
Madhya Pradesh,Dewas,Haatpipliya
Madhya Pradesh,Dewas,Haatpipliya APMC
Madhya Pradesh,Dewas,Kannod
Madhya Pradesh,Dewas,Kannod APMC
Madhya Pradesh,Dewas,Khategaon
Madhya Pradesh,Dewas,Khategaon APMC
Madhya Pradesh,Dewas,Loharda
Madhya Pradesh,Dewas,Loharda APMC
Madhya Pradesh,Dewas,Sonkachh (F&V)
Madhya Pradesh,Dewas,Sonkatch
Madhya Pradesh,Dewas,Sonkatch APMC
Madhya Pradesh,Dhar,Badnawar
Madhya Pradesh,Dhar,Badnawar (F&V)
Madhya Pradesh,Dhar,Badnawar APMC
Madhya Pradesh,Dhar,Dhamnod
Madhya Pradesh,Dhar,Dhamnod (F&V)
Madhya Pradesh,Dhar,Dhamnod APMC
Madhya Pradesh,Dhar,Dhar
Madhya Pradesh,Dhar,Dhar (F&V)
Madhya Pradesh,Dhar,Dhar APMC
Madhya Pradesh,Dhar,Gandhwani
Madhya Pradesh,Dhar,Gandhwani APMC
Madhya Pradesh,Dhar,Kukshi
Madhya Pradesh,Dhar,Kukshi (F&V)
Madhya Pradesh,Dhar,Kukshi APMC
Madhya Pradesh,Dhar,Manawar
Madhya Pradesh,Dhar,Manawar (F&V)
Madhya Pradesh,Dhar,Manawar APMC
Madhya Pradesh,Dhar,Rajgarh
Madhya Pradesh,Dhar,Rajgarh (F&V)
Madhya Pradesh,Dhar,Rajgarh APMC
Madhya Pradesh,Dindori,Dindori
Madhya Pradesh,Dindori,Dindori APMC
Madhya Pradesh,Dindori,Gorakhpur
Madhya Pradesh,Dindori,Gorakhpur APMC
Madhya Pradesh,Dindori,Shahpura
Madhya Pradesh,Guna,Aron
Madhya Pradesh,Guna,Aron APMC
Madhya Pradesh,Guna,Binaganj
Madhya Pradesh,Guna,Binaganj APMC
Madhya Pradesh,Guna,Guna
Madhya Pradesh,Guna,Guna (F&V)
Madhya Pradesh,Guna,Guna APMC
Madhya Pradesh,Guna,Kumbhraj
Madhya Pradesh,Guna,Kumbhraj APMC
Madhya Pradesh,Guna,Maksudangarh
Madhya Pradesh,Guna,Maksudangarh APMC
Madhya Pradesh,Guna,Raghogarh
Madhya Pradesh,Guna,Raghogarh APMC
Madhya Pradesh,Gwalior,Bhitarwar
Madhya Pradesh,Gwalior,Bhitarwar APMC
Madhya Pradesh,Gwalior,Dabra
Madhya Pradesh,Gwalior,Dabra APMC
Madhya Pradesh,Gwalior,Lashkar
Madhya Pradesh,Gwalior,Lashkar (F&V)
Madhya Pradesh,Gwalior,Lashkar APMC
Madhya Pradesh,Harda,Harda
Madhya Pradesh,Harda,Harda (F&V)
Madhya Pradesh,Harda,Harda APMC
Madhya Pradesh,Harda,Khirakiya
Madhya Pradesh,Harda,Khirakiya APMC
Madhya Pradesh,Harda,Sirali
Madhya Pradesh,Harda,Sirali (F&V)
Madhya Pradesh,Harda,Sirali APMC
Madhya Pradesh,Harda,Timarni
Madhya Pradesh,Harda,Timarni (F&V)
Madhya Pradesh,Harda,Timarni APMC
Madhya Pradesh,Hoshangabad,Babai
Madhya Pradesh,Hoshangabad,Babai APMC
Madhya Pradesh,Hoshangabad,Banapura
Madhya Pradesh,Hoshangabad,Banapura (F&V)
Madhya Pradesh,Hoshangabad,Banapura APMC
Madhya Pradesh,Hoshangabad,Bankhedi
Madhya Pradesh,Hoshangabad,Bankhedi APMC
Madhya Pradesh,Hoshangabad,Hoshangabad
Madhya Pradesh,Hoshangabad,Hoshangabad (F&V)
Madhya Pradesh,Hoshangabad,Hoshangabad APMC
Madhya Pradesh,Hoshangabad,Itarsi
Madhya Pradesh,Hoshangabad,Itarsi (F&V)
Madhya Pradesh,Hoshangabad,Itarsi APMC
Madhya Pradesh,Hoshangabad,Pipariya
Madhya Pradesh,Hoshangabad,Pipariya (F&V)
Madhya Pradesh,Hoshangabad,Pipariya APMC
Madhya Pradesh,Hoshangabad,Semriharchand
Madhya Pradesh,Hoshangabad,Semriharchand APMC
Madhya Pradesh,Indore,Gautampura
Madhya Pradesh,Indore,Gautampura (F&V)
Madhya Pradesh,Indore,Gautampura APMC
Madhya Pradesh,Indore,Indore
Madhya Pradesh,Indore,Indore (F&V)
Madhya Pradesh,Indore,Indore APMC
Madhya Pradesh,Indore,Mhow
Madhya Pradesh,Indore,Mhow (F&V)
Madhya Pradesh,Indore,Mhow APMC
Madhya Pradesh,Indore,Sanwer
Madhya Pradesh,Indore,Sanwer (F&V)
Madhya Pradesh,Indore,Sanwer APMC
Madhya Pradesh,Jabalpur,Jabalpur
Madhya Pradesh,Jabalpur,Jabalpur (F&V)
Madhya Pradesh,Jabalpur,Jabalpur APMC
Madhya Pradesh,Jabalpur,Paatan
Madhya Pradesh,Jabalpur,Paatan APMC
Madhya Pradesh,Jabalpur,Patan (F&V)
Madhya Pradesh,Jabalpur,Sehora
Madhya Pradesh,Jabalpur,Sehora APMC
Madhya Pradesh,Jabalpur,Shahpura (Jabalpur)
Madhya Pradesh,Jabalpur,Shahpura (Jabalpur) APMC
Madhya Pradesh,Jabalpur,Shahpura Bhitoni (F&V)
Madhya Pradesh,Jabalpur,Shahpura Bhitoni (F&V) APMC
Madhya Pradesh,Jabalpur,Sihora
Madhya Pradesh,Jabalpur,Sihora (F&V)
Madhya Pradesh,Jhabua,Jhabua
Madhya Pradesh,Jhabua,Jhabua (F&V)
Madhya Pradesh,Jhabua,Jhabua APMC
Madhya Pradesh,Jhabua,Petlawad
Madhya Pradesh,Jhabua,Petlawad (F&V)
Madhya Pradesh,Jhabua,Petlawad APMC
Madhya Pradesh,Jhabua,Thandla
Madhya Pradesh,Jhabua,Thandla (F&V)
Madhya Pradesh,Jhabua,Thandla APMC
Madhya Pradesh,Katni,Katni
Madhya Pradesh,Katni,Katni (F&V)
Madhya Pradesh,Katni,Katni APMC
Madhya Pradesh,Khandwa,Badwah (F&V)
Madhya Pradesh,Khandwa,Harsood
Madhya Pradesh,Khandwa,Harsood APMC
Madhya Pradesh,Khandwa,Khandwa
Madhya Pradesh,Khandwa,Khandwa (F&V)
Madhya Pradesh,Khandwa,Khandwa APMC
Madhya Pradesh,Khandwa,Khargone (F&V)
Madhya Pradesh,Khandwa,Mundi
Madhya Pradesh,Khandwa,Mundi APMC
Madhya Pradesh,Khandwa,Pandhana
Madhya Pradesh,Khandwa,Pandhana (F&V)
Madhya Pradesh,Khandwa,Pandhana APMC
Madhya Pradesh,Khandwa,Sanawad (F&V)
Madhya Pradesh,Khargone,Badwaha
Madhya Pradesh,Khargone,Badwaha APMC
Madhya Pradesh,Khargone,Bedia
Madhya Pradesh,Khargone,Bedia APMC
Madhya Pradesh,Khargone,Bhikangaon
Madhya Pradesh,Khargone,Bhikangaon APMC
Madhya Pradesh,Khargone,Karhi
Madhya Pradesh,Khargone,Karhi APMC
Madhya Pradesh,Khargone,Kasrawad
Madhya Pradesh,Khargone,Kasrawad APMC
Madhya Pradesh,Khargone,Khargone
Madhya Pradesh,Khargone,Khargone APMC
Madhya Pradesh,Khargone,Sanawad
Madhya Pradesh,Khargone,Sanawad APMC
Madhya Pradesh,Khargone,Segaon
Madhya Pradesh,Khargone,Segaon APMC
Madhya Pradesh,Mandla,Bichhiya
Madhya Pradesh,Mandla,Bichhiya APMC
Madhya Pradesh,Mandla,Bichiya (F&V)
Madhya Pradesh,Mandla,Mandla
Madhya Pradesh,Mandla,Mandla APMC
Madhya Pradesh,Mandla,Nainpur
Madhya Pradesh,Mandla,Nainpur APMC
Madhya Pradesh,Mandsaur,Bhanpura
Madhya Pradesh,Mandsaur,Bhanpura APMC
Madhya Pradesh,Mandsaur,Daloda
Madhya Pradesh,Mandsaur,Daloda APMC
Madhya Pradesh,Mandsaur,Garoth
Madhya Pradesh,Mandsaur,Garoth APMC
Madhya Pradesh,Mandsaur,Mandsaur
Madhya Pradesh,Mandsaur,Mandsaur (F&V)
Madhya Pradesh,Mandsaur,Mandsaur APMC
Madhya Pradesh,Mandsaur,Piplya
Madhya Pradesh,Mandsaur,Piplya APMC
Madhya Pradesh,Mandsaur,Shamgarh
Madhya Pradesh,Mandsaur,Shamgarh (F&V)
Madhya Pradesh,Mandsaur,Shamgarh APMC
Madhya Pradesh,Mandsaur,Sitamau (F&V)
Madhya Pradesh,Mandsaur,Sitmau
Madhya Pradesh,Mandsaur,Sitmau APMC
Madhya Pradesh,Mandsaur,Suvasra
Madhya Pradesh,Mandsaur,Suvasra APMC
Madhya Pradesh,Morena,Ambaha
Madhya Pradesh,Morena,Ambaha APMC
Madhya Pradesh,Morena,Banmorkalan
Madhya Pradesh,Morena,Banmorkalan APMC
Madhya Pradesh,Morena,Jora
Madhya Pradesh,Morena,Jora APMC
Madhya Pradesh,Morena,Kailaras
Madhya Pradesh,Morena,Kailaras APMC
Madhya Pradesh,Morena,Morena
Madhya Pradesh,Morena,Morena (F&V)
Madhya Pradesh,Morena,Morena APMC
Madhya Pradesh,Morena,Porsa
Madhya Pradesh,Morena,Porsa (F&V)
Madhya Pradesh,Morena,Porsa APMC
Madhya Pradesh,Morena,Sabalgarh
Madhya Pradesh,Morena,Sabalgarh (F&V)
Madhya Pradesh,Morena,Sabalgarh APMC
Madhya Pradesh,Narsinghpur,Gadarwada
Madhya Pradesh,Narsinghpur,Gadarwada APMC
Madhya Pradesh,Narsinghpur,Gadarwara (F&V)
Madhya Pradesh,Narsinghpur,Gotegaon
Madhya Pradesh,Narsinghpur,Gotegaon (F&V)
Madhya Pradesh,Narsinghpur,Gotegaon APMC
Madhya Pradesh,Narsinghpur,Kareli
Madhya Pradesh,Narsinghpur,Kareli (F&V)
Madhya Pradesh,Narsinghpur,Kareli APMC
Madhya Pradesh,Narsinghpur,Narsinghpur
Madhya Pradesh,Narsinghpur,Narsinghpur APMC
Madhya Pradesh,Narsinghpur,Tendukheda
Madhya Pradesh,Narsinghpur,Tendukheda APMC
Madhya Pradesh,Neemuch,Javad
Madhya Pradesh,Neemuch,Javad APMC
Madhya Pradesh,Neemuch,Manasa
Madhya Pradesh,Neemuch,Manasa APMC
Madhya Pradesh,Neemuch,Neemuch
Madhya Pradesh,Neemuch,Neemuch APMC
Madhya Pradesh,Panna,Ajaygarh
Madhya Pradesh,Panna,Ajaygarh APMC
Madhya Pradesh,Panna,Devandranagar
Madhya Pradesh,Panna,Devandranagar APMC
Madhya Pradesh,Panna,Panna
Madhya Pradesh,Panna,Panna APMC
Madhya Pradesh,Panna,Pawai
Madhya Pradesh,Panna,Pawai APMC
Madhya Pradesh,Panna,Simariya
Madhya Pradesh,Panna,Simariya APMC
Madhya Pradesh,Raisen,Bareli
Madhya Pradesh,Raisen,Bareli (F&V)
Madhya Pradesh,Raisen,Bareli APMC
Madhya Pradesh,Raisen,Begamganj
Madhya Pradesh,Raisen,Begamganj APMC
Madhya Pradesh,Raisen,Gairatganj
Madhya Pradesh,Raisen,Gairatganj APMC
Madhya Pradesh,Raisen,Obedullaganj
Madhya Pradesh,Raisen,Obedullaganj (F&V)
Madhya Pradesh,Raisen,Obedullaganj APMC
Madhya Pradesh,Raisen,Raisen
Madhya Pradesh,Raisen,Raisen APMC
Madhya Pradesh,Raisen,Silvani
Madhya Pradesh,Raisen,Silvani APMC
Madhya Pradesh,Raisen,Udaipura
Madhya Pradesh,Raisen,Udaipura APMC
Madhya Pradesh,Rajgarh,Biaora
Madhya Pradesh,Rajgarh,Biaora APMC
Madhya Pradesh,Rajgarh,Chhapiheda
Madhya Pradesh,Rajgarh,Chhapiheda APMC
Madhya Pradesh,Rajgarh,Jeerapur
Madhya Pradesh,Rajgarh,Jeerapur APMC
Madhya Pradesh,Rajgarh,Khilchipur
Madhya Pradesh,Rajgarh,Khilchipur APMC
Madhya Pradesh,Rajgarh,Khujner
Madhya Pradesh,Rajgarh,Khujner APMC
Madhya Pradesh,Rajgarh,Kurawar
Madhya Pradesh,Rajgarh,Kurawar APMC
Madhya Pradesh,Rajgarh,Machalpur
Madhya Pradesh,Rajgarh,Machalpur APMC
Madhya Pradesh,Rajgarh,Narsinghgarh
Madhya Pradesh,Rajgarh,Narsinghgarh APMC
Madhya Pradesh,Rajgarh,Pachaur
Madhya Pradesh,Rajgarh,Pachaur APMC
Madhya Pradesh,Rajgarh,Sarangpur
Madhya Pradesh,Rajgarh,Sarangpur (F&V)
Madhya Pradesh,Rajgarh,Sarangpur APMC
Madhya Pradesh,Rajgarh,Suthalia
Madhya Pradesh,Rajgarh,Suthalia APMC
Madhya Pradesh,Ratlam,A lot
Madhya Pradesh,Ratlam,A lot APMC
Madhya Pradesh,Ratlam,Alot (F&V)
Madhya Pradesh,Ratlam,Jaora
Madhya Pradesh,Ratlam,Jaora APMC
Madhya Pradesh,Ratlam,Jawra (F&V)
Madhya Pradesh,Ratlam,Ratlam
Madhya Pradesh,Ratlam,Ratlam (F&V)
Madhya Pradesh,Ratlam,Ratlam APMC
Madhya Pradesh,Ratlam,Sailana
Madhya Pradesh,Ratlam,Sailana (F&V)
Madhya Pradesh,Ratlam,Sailana APMC
Madhya Pradesh,Ratlam,Taal
Madhya Pradesh,Ratlam,Taal APMC
Madhya Pradesh,Rewa,Baikunthpur
Madhya Pradesh,Rewa,Baikunthpur APMC
Madhya Pradesh,Rewa,Chaakghat
Madhya Pradesh,Rewa,Chaakghat APMC
Madhya Pradesh,Rewa,Hanumana
Madhya Pradesh,Rewa,Hanumana (F&V)
Madhya Pradesh,Rewa,Hanumana APMC
Madhya Pradesh,Rewa,Rewa
Madhya Pradesh,Rewa,Rewa (F&V)
Madhya Pradesh,Rewa,Rewa APMC
Madhya Pradesh,Sagar,Bamora
Madhya Pradesh,Sagar,Bamora APMC
Madhya Pradesh,Sagar,Banda
Madhya Pradesh,Sagar,Banda APMC
Madhya Pradesh,Sagar,Bina
Madhya Pradesh,Sagar,Bina APMC
Madhya Pradesh,Sagar,Deori
Madhya Pradesh,Sagar,Deori APMC
Madhya Pradesh,Sagar,Devri (F&V)
Madhya Pradesh,Sagar,Gadakota (F&V)
Madhya Pradesh,Sagar,Garhakota
Madhya Pradesh,Sagar,Garhakota APMC
Madhya Pradesh,Sagar,Jaisinagar
Madhya Pradesh,Sagar,Jaisinagar APMC
Madhya Pradesh,Sagar,Kesli
Madhya Pradesh,Sagar,Kesli APMC
Madhya Pradesh,Sagar,Khurai
Madhya Pradesh,Sagar,Khurai (F&V)
Madhya Pradesh,Sagar,Khurai APMC
Madhya Pradesh,Sagar,Malthone
Madhya Pradesh,Sagar,Malthone APMC
Madhya Pradesh,Sagar,Rahatgarh
Madhya Pradesh,Sagar,Rahatgarh APMC
Madhya Pradesh,Sagar,Rehli
Madhya Pradesh,Sagar,Rehli (F&V)
Madhya Pradesh,Sagar,Rehli APMC
Madhya Pradesh,Sagar,Sagar
Madhya Pradesh,Sagar,Sagar (F&V)
Madhya Pradesh,Sagar,Sagar APMC
Madhya Pradesh,Sagar,Shahagarh
Madhya Pradesh,Sagar,Shahagarh APMC
Madhya Pradesh,Satna,Amarpatan
Madhya Pradesh,Satna,Amarpatan APMC
Madhya Pradesh,Satna,Maihar (F&V)
Madhya Pradesh,Satna,Mehar
Madhya Pradesh,Satna,Mehar APMC
Madhya Pradesh,Satna,Nagod
Madhya Pradesh,Satna,Nagod APMC
Madhya Pradesh,Satna,Ramnagar
Madhya Pradesh,Satna,Ramnagar APMC
Madhya Pradesh,Satna,Satna
Madhya Pradesh,Satna,Satna (F&V)
Madhya Pradesh,Satna,Satna APMC
Madhya Pradesh,Sehore,Aashta (F&V)
Madhya Pradesh,Sehore,Ashta
Madhya Pradesh,Sehore,Ashta APMC
Madhya Pradesh,Sehore,Baktara
Madhya Pradesh,Sehore,Baktara APMC
Madhya Pradesh,Sehore,Ichhawar
Madhya Pradesh,Sehore,Ichhawar (F&V)
Madhya Pradesh,Sehore,Ichhawar APMC
Madhya Pradesh,Sehore,Jawar
Madhya Pradesh,Sehore,Jawar APMC
Madhya Pradesh,Sehore,Nasrullaganj
Madhya Pradesh,Sehore,Nasrullaganj APMC
Madhya Pradesh,Sehore,Rehati
Madhya Pradesh,Sehore,Rehati APMC
Madhya Pradesh,Sehore,Sehore
Madhya Pradesh,Sehore,Sehore (F&V)
Madhya Pradesh,Sehore,Sehore APMC
Madhya Pradesh,Sehore,Shyampur
Madhya Pradesh,Sehore,Shyampur APMC
Madhya Pradesh,Seoni,Barghat
Madhya Pradesh,Seoni,Barghat APMC
Madhya Pradesh,Seoni,Chhapara (F&V)
Madhya Pradesh,Seoni,Chhpara
Madhya Pradesh,Seoni,Chhpara APMC
Madhya Pradesh,Seoni,Ghansour
Madhya Pradesh,Seoni,Ghansour APMC
Madhya Pradesh,Seoni,Keolari
Madhya Pradesh,Seoni,Keolari APMC
Madhya Pradesh,Seoni,Kewalri (F&V)
Madhya Pradesh,Seoni,Lakhnadon
Madhya Pradesh,Seoni,Lakhnadon (F&V)
Madhya Pradesh,Seoni,Lakhnadon APMC
Madhya Pradesh,Seoni,Palari
Madhya Pradesh,Seoni,Palari (F&V)
Madhya Pradesh,Seoni,Palari APMC
Madhya Pradesh,Seoni,Seoni
Madhya Pradesh,Seoni,Seoni APMC
Madhya Pradesh,Shajapur,Agar
Madhya Pradesh,Shajapur,Agar APMC
Madhya Pradesh,Shajapur,Akodia
Madhya Pradesh,Shajapur,Akodiya
Madhya Pradesh,Shajapur,Akodiya (F&V)
Madhya Pradesh,Shajapur,Badod
Madhya Pradesh,Shajapur,Badod APMC
Madhya Pradesh,Shajapur,Berachha
Madhya Pradesh,Shajapur,Berachha APMC
Madhya Pradesh,Shajapur,Kalapipal
Madhya Pradesh,Shajapur,Kalapipal (F&V)
Madhya Pradesh,Shajapur,Kalapipal APMC
Madhya Pradesh,Shajapur,Maksi
Madhya Pradesh,Shajapur,Maksi APMC
Madhya Pradesh,Shajapur,Momanbadodiya
Madhya Pradesh,Shajapur,Momanbadodiya APMC
Madhya Pradesh,Shajapur,Nalkehda
Madhya Pradesh,Shajapur,Nalkehda APMC
Madhya Pradesh,Shajapur,Sajapur
Madhya Pradesh,Shajapur,Shajapur
Madhya Pradesh,Shajapur,Shajapur (F&V)
Madhya Pradesh,Shajapur,Shajapur APMC
Madhya Pradesh,Shajapur,Shujalpur
Madhya Pradesh,Shajapur,Shujalpur (F&V)
Madhya Pradesh,Shajapur,Shujalpur APMC
Madhya Pradesh,Shajapur,Soyatkalan
Madhya Pradesh,Shajapur,Soyatkalan APMC
Madhya Pradesh,Shajapur,Susner
Madhya Pradesh,Shajapur,Susner APMC
Madhya Pradesh,Shehdol,Beohari
Madhya Pradesh,Shehdol,Beohari APMC
Madhya Pradesh,Shehdol,Budhar
Madhya Pradesh,Shehdol,Budhar APMC
Madhya Pradesh,Shehdol,Shahdol
Madhya Pradesh,Shehdol,Shahdol APMC
Madhya Pradesh,Sheopur,Sheopurbadod
Madhya Pradesh,Sheopur,Sheopurbadod APMC
Madhya Pradesh,Sheopur,Sheopurkalan
Madhya Pradesh,Sheopur,Sheopurkalan (F&V)
Madhya Pradesh,Sheopur,Sheopurkalan APMC
Madhya Pradesh,Sheopur,Syopurkalan (F&V)
Madhya Pradesh,Sheopur,Vijaypur
Madhya Pradesh,Sheopur,Vijaypur APMC
Madhya Pradesh,Shivpuri,Badarwas
Madhya Pradesh,Shivpuri,Badarwas APMC
Madhya Pradesh,Shivpuri,Bairad (F&V)
Madhya Pradesh,Shivpuri,Barad
Madhya Pradesh,Shivpuri,Barad APMC
Madhya Pradesh,Shivpuri,Karera
Madhya Pradesh,Shivpuri,Karera (F&V)
Madhya Pradesh,Shivpuri,Karera APMC
Madhya Pradesh,Shivpuri,Khaniadhana
Madhya Pradesh,Shivpuri,Khanyadhana
Madhya Pradesh,Shivpuri,Khanyadhana APMC
Madhya Pradesh,Shivpuri,Khatora
Madhya Pradesh,Shivpuri,Khatora APMC
Madhya Pradesh,Shivpuri,Kolaras
Madhya Pradesh,Shivpuri,Kolaras (F&V)
Madhya Pradesh,Shivpuri,Kolaras APMC
Madhya Pradesh,Shivpuri,Magroni
Madhya Pradesh,Shivpuri,Magroni (F&V)
Madhya Pradesh,Shivpuri,Magroni APMC
Madhya Pradesh,Shivpuri,Pichhour
Madhya Pradesh,Shivpuri,Pichhour APMC
Madhya Pradesh,Shivpuri,Pohari
Madhya Pradesh,Shivpuri,Pohari APMC
Madhya Pradesh,Shivpuri,Rannod
Madhya Pradesh,Shivpuri,Rannod APMC
Madhya Pradesh,Shivpuri,Shivpuri
Madhya Pradesh,Shivpuri,Shivpuri (F&V)
Madhya Pradesh,Shivpuri,Shivpuri APMC
Madhya Pradesh,Sidhi,Sidhi
Madhya Pradesh,Sidhi,Sidhi APMC
Madhya Pradesh,Singroli,Singroli
Madhya Pradesh,Singroli,Singroli (F&V)
Madhya Pradesh,Singroli,Singroli APMC
Madhya Pradesh,Tikamgarh,Jatara
Madhya Pradesh,Tikamgarh,Jatara APMC
Madhya Pradesh,Tikamgarh,Khargapur
Madhya Pradesh,Tikamgarh,Khargapur APMC
Madhya Pradesh,Tikamgarh,Niwadi
Madhya Pradesh,Tikamgarh,Niwadi APMC
Madhya Pradesh,Tikamgarh,Palera
Madhya Pradesh,Tikamgarh,Palera APMC
Madhya Pradesh,Tikamgarh,Prithvipur
Madhya Pradesh,Tikamgarh,Prithvipur APMC
Madhya Pradesh,Tikamgarh,Tikamgarh
Madhya Pradesh,Tikamgarh,Tikamgarh (F&V)
Madhya Pradesh,Tikamgarh,Tikamgarh APMC
Madhya Pradesh,Ujjain,Badnagar
Madhya Pradesh,Ujjain,Badnagar APMC
Madhya Pradesh,Ujjain,Khachrod
Madhya Pradesh,Ujjain,Khachrod APMC
Madhya Pradesh,Ujjain,Mahidpur
Madhya Pradesh,Ujjain,Mahidpur (F&V)
Madhya Pradesh,Ujjain,Mahidpur APMC
Madhya Pradesh,Ujjain,Nagda
Madhya Pradesh,Ujjain,Nagda (F&V)
Madhya Pradesh,Ujjain,Nagda APMC
Madhya Pradesh,Ujjain,Tarana
Madhya Pradesh,Ujjain,Tarana APMC
Madhya Pradesh,Ujjain,Ujjain
Madhya Pradesh,Ujjain,Ujjain (F&V)
Madhya Pradesh,Ujjain,Ujjain APMC
Madhya Pradesh,Ujjain,Unhel
Madhya Pradesh,Ujjain,Unhel APMC
Madhya Pradesh,Umariya,Umariya
Madhya Pradesh,Umariya,Umariya APMC
Madhya Pradesh,Vidisha,Ganjbasoda
Madhya Pradesh,Vidisha,Ganjbasoda APMC
Madhya Pradesh,Vidisha,Gulabganj
Madhya Pradesh,Vidisha,Gulabganj APMC
Madhya Pradesh,Vidisha,Kurwai
Madhya Pradesh,Vidisha,Kurwai APMC
Madhya Pradesh,Vidisha,Lateri
Madhya Pradesh,Vidisha,Lateri APMC
Madhya Pradesh,Vidisha,Shamshabad
Madhya Pradesh,Vidisha,Shamshabad APMC
Madhya Pradesh,Vidisha,Sironj
Madhya Pradesh,Vidisha,Sironj APMC
Madhya Pradesh,Vidisha,Vidisha
Madhya Pradesh,Vidisha,Vidisha APMC
Maharashtra,Ahmednagar,Ahmednagar
Maharashtra,Ahmednagar,Ahmednagar APMC
Maharashtra,Ahmednagar,Akole
Maharashtra,Ahmednagar,Jamkhed
Maharashtra,Ahmednagar,Jamkhed APMC
Maharashtra,Ahmednagar,Karjat
Maharashtra,Ahmednagar,Karjat (Rashin)
Maharashtra,Ahmednagar,Kopargaon
Maharashtra,Ahmednagar,Kopargaon APMC
Maharashtra,Ahmednagar,Newasa
Maharashtra,Ahmednagar,Newasa (Ghodegaon)
Maharashtra,Ahmednagar,Newasa (Ghodegaon) APMC
Maharashtra,Ahmednagar,Om Chaitanya Multistate Agro Purpose CoOp Society
Maharashtra,Ahmednagar,Parner
Maharashtra,Ahmednagar,Parner APMC
Maharashtra,Ahmednagar,Pathardi
Maharashtra,Ahmednagar,Pathardi APMC
Maharashtra,Ahmednagar,Rahata
Maharashtra,Ahmednagar,Rahata APMC
Maharashtra,Ahmednagar,Rahuri
Maharashtra,Ahmednagar,Rahuri (Songaon)
Maharashtra,Ahmednagar,Rahuri (Vambori)
Maharashtra,Ahmednagar,Rahuri (Vambori) APMC
Maharashtra,Ahmednagar,Rahuri APMC
Maharashtra,Ahmednagar,Sangamner
Maharashtra,Ahmednagar,Sangamner APMC
Maharashtra,Ahmednagar,Shevgaon
Maharashtra,Ahmednagar,Shevgaon (Bodhegaon)
Maharashtra,Ahmednagar,Shevgaon (Bodhegaon) APMC
Maharashtra,Ahmednagar,Shevgaon APMC
Maharashtra,Ahmednagar,Shree Sairaj Krushi Market
Maharashtra,Ahmednagar,Shrigonda
Maharashtra,Ahmednagar,Shrigonda (Gogargaon)
Maharashtra,Ahmednagar,Shrirampur
Maharashtra,Ahmednagar,Shrirampur (Belapur)
Maharashtra,Ahmednagar,Shrirampur APMC
Maharashtra,Akola,Akola
Maharashtra,Akola,Akola APMC
Maharashtra,Akola,Akot
Maharashtra,Akola,Balapur
Maharashtra,Akola,Barshi Takli
Maharashtra,Akola,Barshi Takli APMC
Maharashtra,Akola,Late Vasantraoji Dandale Khajgi Krushi Bazar
Maharashtra,Akola,Murtizapur
Maharashtra,Akola,Murtizapur APMC
Maharashtra,Akola,Patur
Maharashtra,Akola,Shri Gajanan Maharaj Khajagi Krushi Utpanna Bazar
Maharashtra,Akola,Telhara
Maharashtra,Amarawati,Achalpur
Maharashtra,Amarawati,Achalpur APMC
Maharashtra,Amarawati,Amarawati
Maharashtra,Amarawati,Amarawati APMC
Maharashtra,Amarawati,Amrawati (Frui & Veg. Market)
Maharashtra,Amarawati,Amrawati (Frui & Veg. Market) APMC
Maharashtra,Amarawati,Anajngaon
Maharashtra,Amarawati,Chandur Bazar
Maharashtra,Amarawati,Chandur Bazar APMC
Maharashtra,Amarawati,Chandur Railway
Maharashtra,Amarawati,Daryapur
Maharashtra,Amarawati,Daryapur APMC
Maharashtra,Amarawati,Dhamngaon-Railway
Maharashtra,Amarawati,Dhamngaon-Railway APMC
Maharashtra,Amarawati,Dharni
Maharashtra,Amarawati,Dharni APMC
Maharashtra,Amarawati,Morshi
Maharashtra,Amarawati,Morshi APMC
Maharashtra,Amarawati,Nandgaon Khandeshwar
Maharashtra,Amarawati,Shetkari Khushi Bazar
Maharashtra,Amarawati,Varud
Maharashtra,Amarawati,Varud (Rajura Bazar)
Maharashtra,Amarawati,Varud (Rajura Bazar) APMC
Maharashtra,Amarawati,Varud APMC
Maharashtra,Beed,Ambejaogai
Maharashtra,Beed,Beed
Maharashtra,Beed,Beed APMC
Maharashtra,Beed,Gevrai
Maharashtra,Beed,Gevrai APMC
Maharashtra,Beed,Kada
Maharashtra,Beed,Kada (Ashti)
Maharashtra,Beed,Kai Madhavrao Pawar Khajgi Krushi Utappan Bazar Sa
Maharashtra,Beed,Kaij
Maharashtra,Beed,Kille Dharur
Maharashtra,Beed,Majalgaon
Maharashtra,Beed,Majalgaon APMC
Maharashtra,Beed,Parali Vaijyanath
Maharashtra,Beed,Patoda
Maharashtra,Beed,Vadvani
Maharashtra,Beed,Vadvani APMC
Maharashtra,Bhandara,Bhandara
Maharashtra,Bhandara,Bhandara APMC
Maharashtra,Bhandara,Lakhandur
Maharashtra,Bhandara,Lakhani
Maharashtra,Bhandara,Pavani
Maharashtra,Bhandara,Pavani APMC
Maharashtra,Bhandara,Tumsar
Maharashtra,Buldhana,ACF Agro Marketing
Maharashtra,Buldhana,BSK Krishi Bazar Private Ltd
Maharashtra,Buldhana,Buldhana
Maharashtra,Buldhana,Buldhana (Dhad)
Maharashtra,Buldhana,Buldhana (Dhad) APMC
Maharashtra,Buldhana,Buldhana APMC
Maharashtra,Buldhana,Chikali
Maharashtra,Buldhana,Chikali APMC
Maharashtra,Buldhana,Deoulgaon Raja
Maharashtra,Buldhana,Deoulgaon Raja APMC
Maharashtra,Buldhana,Deulgaon Raja Balaji Agro Marketing Private Market
Maharashtra,Buldhana,Jalgaon (Jamod)
Maharashtra,Buldhana,Jalgaon Jamod (Aasalgaon)
Maharashtra,Buldhana,Jaykissan Krushi Uttpan Khajgi Bazar
Maharashtra,Buldhana,Khamgaon
Maharashtra,Buldhana,Lonar
Maharashtra,Buldhana,Lonar APMC
Maharashtra,Buldhana,Maharaja Agresen Private Krushi Utappan Bazar Sama
Maharashtra,Buldhana,Malkapur
Maharashtra,Buldhana,Malkapur APMC
Maharashtra,Buldhana,Mehekar
Maharashtra,Buldhana,Motala
Maharashtra,Buldhana,Nandura
Maharashtra,Buldhana,Nandura APMC
Maharashtra,Buldhana,Sangrampur
Maharashtra,Buldhana,Sangrampur (Varvatbakal)
Maharashtra,Buldhana,Shegaon
Maharashtra,Buldhana,Shegaon APMC
Maharashtra,Buldhana,Sindkhed Raja
Maharashtra,Buldhana,Sindkhed Raja APMC
Maharashtra,Chandrapur,Bhadrawati
Maharashtra,Chandrapur,Bhadrawati APMC
Maharashtra,Chandrapur,Brahmpuri
Maharashtra,Chandrapur,Brahmpuri APMC
Maharashtra,Chandrapur,Chandrapur
Maharashtra,Chandrapur,Chandrapur (Ganjwad)
Maharashtra,Chandrapur,Chandrapur (Ganjwad) APMC
Maharashtra,Chandrapur,Chandrapur APMC
Maharashtra,Chandrapur,Chimur
Maharashtra,Chandrapur,Chimur APMC
Maharashtra,Chandrapur,Gondpimpri
Maharashtra,Chandrapur,Gondpimpri APMC
Maharashtra,Chandrapur,Korpana
Maharashtra,Chandrapur,Korpana APMC
Maharashtra,Chandrapur,Mul
Maharashtra,Chandrapur,Mul APMC
Maharashtra,Chandrapur,Nagbhid
Maharashtra,Chandrapur,Nagbhid APMC
Maharashtra,Chandrapur,Pombhurni
Maharashtra,Chandrapur,Pombhurni APMC
Maharashtra,Chandrapur,Rajura
Maharashtra,Chandrapur,Rajura APMC
Maharashtra,Chandrapur,Savali
Maharashtra,Chandrapur,Savali APMC
Maharashtra,Chandrapur,Sindevahi
Maharashtra,Chandrapur,Varora
Maharashtra,Chandrapur,Varora APMC
Maharashtra,Chattrapati Sambhajinagar,Bhagyoday Cotton and Agri Market
Maharashtra,Chattrapati Sambhajinagar,Chattrapati Sambhajinagar
Maharashtra,Chattrapati Sambhajinagar,Chattrapati Sambhajinagar APMC
Maharashtra,Chattrapati Sambhajinagar,Fulmbri
Maharashtra,Chattrapati Sambhajinagar,Gangapur
Maharashtra,Chattrapati Sambhajinagar,Gangapur APMC
Maharashtra,Chattrapati Sambhajinagar,Kannad
Maharashtra,Chattrapati Sambhajinagar,Khultabad
Maharashtra,Chattrapati Sambhajinagar,Lasur Station
Maharashtra,Chattrapati Sambhajinagar,Paithan
Maharashtra,Chattrapati Sambhajinagar,Paithan APMC
Maharashtra,Chattrapati Sambhajinagar,Sillod
Maharashtra,Chattrapati Sambhajinagar,Sillod (Bharadi)
Maharashtra,Chattrapati Sambhajinagar,Sillod APMC
Maharashtra,Chattrapati Sambhajinagar,Vaijpur
Maharashtra,Dharashiv (Usmanabad),Bhoom
Maharashtra,Dharashiv (Usmanabad),Dharashiv
Maharashtra,Dharashiv (Usmanabad),Dharashiv APMC
Maharashtra,Dharashiv (Usmanabad),Kalamb (Dharashiv)
Maharashtra,Dharashiv (Usmanabad),Kalamb (Dharashiv) APMC
Maharashtra,Dharashiv (Usmanabad),Murum
Maharashtra,Dharashiv (Usmanabad),Murum APMC
Maharashtra,Dharashiv (Usmanabad),Paranda
Maharashtra,Dharashiv (Usmanabad),Paranda APMC
Maharashtra,Dharashiv (Usmanabad),Tuljapur
Maharashtra,Dharashiv (Usmanabad),Tuljapur APMC
Maharashtra,Dharashiv (Usmanabad),Umarga
Maharashtra,Dharashiv (Usmanabad),Washi (Dharashiv)
Maharashtra,Dhule,Dhule
Maharashtra,Dhule,Dhule APMC
Maharashtra,Dhule,Dondaicha
Maharashtra,Dhule,Dondaicha (Sindhkheda)
Maharashtra,Dhule,Dondaicha APMC
Maharashtra,Dhule,Janata Agri Market (DLS Agro Infrastructure Pvt Lt
Maharashtra,Dhule,Pratap Nana Mahale Khajgi Bajar Samiti
Maharashtra,Dhule,Sakri
Maharashtra,Dhule,Sakri APMC
Maharashtra,Dhule,Shirpur
Maharashtra,Dhule,Shirpur APMC
Maharashtra,Gadchiroli,Aheri
Maharashtra,Gadchiroli,Armori
Maharashtra,Gadchiroli,Armori (Desaiganj)
Maharashtra,Gadchiroli,Armori (Desaiganj) APMC
Maharashtra,Gadchiroli,Armori APMC
Maharashtra,Gadchiroli,Chamorshi
Maharashtra,Gadchiroli,Chamorshi APMC
Maharashtra,Gadchiroli,Gandchiroli
Maharashtra,Gadchiroli,Gandchiroli APMC
Maharashtra,Gadchiroli,Sironcha
Maharashtra,Gondiya,Amgaon
Maharashtra,Gondiya,Amgaon APMC
Maharashtra,Gondiya,Arjuni
Maharashtra,Gondiya,Devri
Maharashtra,Gondiya,Gondiya
Maharashtra,Gondiya,Gondiya APMC
Maharashtra,Gondiya,Goregaon
Maharashtra,Gondiya,Goregaon APMC
Maharashtra,Gondiya,Sadak Arjuni
Maharashtra,Gondiya,Tiroda
Maharashtra,Gondiya,Tiroda APMC
Maharashtra,Hingoli,Akhadabalapur
Maharashtra,Hingoli,Basmat
Maharashtra,Hingoli,Basmat (Kurunda)
Maharashtra,Hingoli,Gajanan Krushi Utpanna Bazar (India) Pvt Ltd
Maharashtra,Hingoli,Hingoli
Maharashtra,Hingoli,Hingoli (Kanegoan Naka)
Maharashtra,Hingoli,Hingoli (Kanegoan Naka) APMC
Maharashtra,Hingoli,Hingoli APMC
Maharashtra,Hingoli,Jawala-Bajar
Maharashtra,Hingoli,Kalamnuri
Maharashtra,Hingoli,Marathawada Shetkari Khajgi Bazar Parisar
Maharashtra,Hingoli,Sengoan
Maharashtra,Hingoli,Sengoan APMC
Maharashtra,Hingoli,Vitthal Krushi Utpanna Bazar
Maharashtra,Jalana,Ambad (Vadigodri)
Maharashtra,Jalana,Ashti (Jalna)
Maharashtra,Jalana,Bhokardan
Maharashtra,Jalana,Bhokardan (Pimpalgaon Renu)
Maharashtra,Jalana,Bhokardan APMC
Maharashtra,Jalana,Ghansawangi
Maharashtra,Jalana,Jafrabad
Maharashtra,Jalana,Jafrabad APMC
Maharashtra,Jalana,Jalana
Maharashtra,Jalana,Jalana APMC
Maharashtra,Jalana,Jalna (Badnapur)
Maharashtra,Jalana,Mantha
Maharashtra,Jalana,Partur
Maharashtra,Jalana,Partur (Vatur)
Maharashtra,Jalgaon,Amalner
Maharashtra,Jalgaon,Amalner APMC
Maharashtra,Jalgaon,Bhusaval
Maharashtra,Jalgaon,Bhusaval APMC
Maharashtra,Jalgaon,Bodwad
Maharashtra,Jalgaon,Chalisgaon
Maharashtra,Jalgaon,Chalisgaon APMC
Maharashtra,Jalgaon,Chopada
Maharashtra,Jalgaon,Dharangaon
Maharashtra,Jalgaon,Gopal Krishna Agro
Maharashtra,Jalgaon,J S K Agro Market
Maharashtra,Jalgaon,Jalgaon
Maharashtra,Jalgaon,Jalgaon (Masawat)
Maharashtra,Jalgaon,Jalgaon (Masawat) APMC
Maharashtra,Jalgaon,Jalgaon APMC
Maharashtra,Jalgaon,Jamner
Maharashtra,Jalgaon,Jamner (Neri)
Maharashtra,Jalgaon,Mahavir Agri Market
Maharashtra,Jalgaon,Pachora
Maharashtra,Jalgaon,Pachora (Bhadgaon)
Maharashtra,Jalgaon,Pachora (Bhadgaon) APMC
Maharashtra,Jalgaon,Pachora APMC
Maharashtra,Jalgaon,Parola
Maharashtra,Jalgaon,Raver
Maharashtra,Jalgaon,Raver (Sauda)
Maharashtra,Jalgaon,Shantilal Jain Agro
Maharashtra,Jalgaon,Yashika Agro Marketing
Maharashtra,Jalgaon,Yawal
Maharashtra,Jalgaon,Yawal APMC
Maharashtra,Kolhapur,Gadhinglaj
Maharashtra,Kolhapur,Jaysingpur
Maharashtra,Kolhapur,Kolhapur
Maharashtra,Kolhapur,Kolhapur (Laxmipuri)
Maharashtra,Kolhapur,Kolhapur (Laxmipuri) APMC
Maharashtra,Kolhapur,Kolhapur (Malkapur)
Maharashtra,Kolhapur,Kolhapur APMC
Maharashtra,Kolhapur,Vadgaonpeth
Maharashtra,Kolhapur,Vadgaonpeth APMC
Maharashtra,Latur,Ahmedpur
Maharashtra,Latur,Ahmedpur APMC
Maharashtra,Latur,Aurad Shahajani
Maharashtra,Latur,Aurad Shahajani APMC
Maharashtra,Latur,Ausa
Maharashtra,Latur,Ausa APMC
Maharashtra,Latur,Chakur
Maharashtra,Latur,Devani
Maharashtra,Latur,Devani APMC
Maharashtra,Latur,Jalkot
Maharashtra,Latur,Latur
Maharashtra,Latur,Latur (Murud)
Maharashtra,Latur,Latur (Murud) APMC
Maharashtra,Latur,Latur APMC
Maharashtra,Latur,Nilanga
Maharashtra,Latur,Rangrao Patil Krushi Utpanna Khajgi Bazar
Maharashtra,Latur,Renapur
Maharashtra,Latur,Udgir
Maharashtra,Mumbai,Mumbai
Maharashtra,Mumbai,Mumbai APMC
Maharashtra,Mumbai,Mumbai- Fruit Market
Maharashtra,Mumbai,Mumbai- Fruit Market APMC
Maharashtra,Mumbai,Vashi New Mumbai
Maharashtra,Mumbai,Vashi New Mumbai APMC
Maharashtra,Murum,Dharashiv
Maharashtra,Nagpur,Bhiwapur
Maharashtra,Nagpur,Bhiwapur APMC
Maharashtra,Nagpur,Hingna
Maharashtra,Nagpur,Hingna APMC
Maharashtra,Nagpur,Kalmeshwar
Maharashtra,Nagpur,Kalmeshwar APMC
Maharashtra,Nagpur,Kamthi
Maharashtra,Nagpur,Kamthi APMC
Maharashtra,Nagpur,Katol
Maharashtra,Nagpur,Katol APMC
Maharashtra,Nagpur,MS Kalpana Agri Commodities Marketing
Maharashtra,Nagpur,Mandhal
Maharashtra,Nagpur,Mauda
Maharashtra,Nagpur,Nagpur
Maharashtra,Nagpur,Nagpur APMC
Maharashtra,Nagpur,Narkhed
Maharashtra,Nagpur,Parshiwani
Maharashtra,Nagpur,Parshiwani APMC
Maharashtra,Nagpur,Ramtek
Maharashtra,Nagpur,Ramtek APMC
Maharashtra,Nagpur,Savner
Maharashtra,Nagpur,Savner APMC
Maharashtra,Nagpur,Umared
Maharashtra,Nagpur,Umared APMC
Maharashtra,Nanded,Bhokar
Maharashtra,Nanded,Biloli
Maharashtra,Nanded,Deglur
Maharashtra,Nanded,Dharmabad
Maharashtra,Nanded,Hadgaon
Maharashtra,Nanded,Hadgaon (Tamsa)
Maharashtra,Nanded,Hadgaon (Tamsa) APMC
Maharashtra,Nanded,Hadgaon APMC
Maharashtra,Nanded,Hanegaon
Maharashtra,Nanded,Himalyatnagar
Maharashtra,Nanded,Kandhar
Maharashtra,Nanded,Kinwat
Maharashtra,Nanded,Kinwat APMC
Maharashtra,Nanded,Kundalwadi
Maharashtra,Nanded,Loha
Maharashtra,Nanded,Loha APMC
Maharashtra,Nanded,Mahur
Maharashtra,Nanded,Mudkhed
Maharashtra,Nanded,Mukhed
Maharashtra,Nanded,Mukhed (Mukkambad)
Maharashtra,Nanded,Mukhed (Mukkambad) APMC
Maharashtra,Nanded,Mukhed APMC
Maharashtra,Nanded,Naigaon
Maharashtra,Nanded,Nanded
Maharashtra,Nanded,Shetkari Khajgi Bajar
Maharashtra,Nanded,Umari
Maharashtra,Nandurbar,Akkalkuwa
Maharashtra,Nandurbar,Dhadgaon
Maharashtra,Nandurbar,Dhadgaon APMC
Maharashtra,Nandurbar,Nandurbar
Maharashtra,Nandurbar,Navapur
Maharashtra,Nandurbar,Shahada
Maharashtra,Nandurbar,Taloda
Maharashtra,Nashik,Chandvad
Maharashtra,Nashik,Chandvad APMC
Maharashtra,Nashik,Devala
Maharashtra,Nashik,Devala APMC
Maharashtra,Nashik,Dindori
Maharashtra,Nashik,Dindori (Vani)
Maharashtra,Nashik,Ghoti
Maharashtra,Nashik,Kalvan
Maharashtra,Nashik,Kalvan APMC
Maharashtra,Nashik,Lasalgaon
Maharashtra,Nashik,Lasalgaon (Niphad)
Maharashtra,Nashik,Lasalgaon (Niphad) APMC
Maharashtra,Nashik,Lasalgaon (Vinchur)
Maharashtra,Nashik,Lasalgaon (Vinchur) APMC
Maharashtra,Nashik,Lasalgaon APMC
Maharashtra,Nashik,Malegaon
Maharashtra,Nashik,Malegaon APMC
Maharashtra,Nashik,Malharshree Farmers Producer Co Ltd
Maharashtra,Nashik,Mankamneshwar Farmar Producer CoLtd Sanchalit Mank
Maharashtra,Nashik,Manmad
Maharashtra,Nashik,Manmad APMC
Maharashtra,Nashik,Nampur
Maharashtra,Nashik,Nandgaon
Maharashtra,Nashik,Nandgaon APMC
Maharashtra,Nashik,Nashik (Devlali)
Maharashtra,Nashik,Nasik
Maharashtra,Nashik,Nasik APMC
Maharashtra,Nashik,Perfect Krishi Market Yard
Maharashtra,Nashik,Pimpalgaon
Maharashtra,Nashik,Pimpalgaon APMC
Maharashtra,Nashik,Pimpalgaon Baswant (Saykheda)
Maharashtra,Nashik,Pimpalgaon Baswant (Saykheda) APMC
Maharashtra,Nashik,Premium Krushi Utpanna Bazar
Maharashtra,Nashik,Satana
Maharashtra,Nashik,Satana APMC
Maharashtra,Nashik,Shivsiddha Govind Producer Company Limited Sanchal
Maharashtra,Nashik,Shree Rameshwar Krushi Market
Maharashtra,Nashik,Sinner
Maharashtra,Nashik,Sinner APMC
Maharashtra,Nashik,Suragana
Maharashtra,Nashik,Umrane
Maharashtra,Nashik,Umrane APMC
Maharashtra,Nashik,Yeola
Maharashtra,Nashik,Yeola APMC
Maharashtra,Parbhani,Bori
Maharashtra,Parbhani,Bori APMC
Maharashtra,Parbhani,Gangakhed
Maharashtra,Parbhani,Gangakhed APMC
Maharashtra,Parbhani,Hari Har Khajagi Bazar Parisar
Maharashtra,Parbhani,Jintur
Maharashtra,Parbhani,Jintur APMC
Maharashtra,Parbhani,Manwat
Maharashtra,Parbhani,Palam
Maharashtra,Parbhani,Palam APMC
Maharashtra,Parbhani,Parbhani
Maharashtra,Parbhani,Pathari
Maharashtra,Parbhani,Purna
Maharashtra,Parbhani,Selu
Maharashtra,Parbhani,Selu APMC
Maharashtra,Parbhani,Shree Salasar Krushi Bazar
Maharashtra,Parbhani,Sonpeth
Maharashtra,Parbhani,Tadkalas
Maharashtra,Pune,Baramati
Maharashtra,Pune,Baramati APMC
Maharashtra,Pune,Bhor
Maharashtra,Pune,Dound
Maharashtra,Pune,Indapur
Maharashtra,Pune,Indapur (Bhigwan)
Maharashtra,Pune,Indapur (Nimgaon Ketki)
Maharashtra,Pune,Junnar
Maharashtra,Pune,Junnar (Alephata)
Maharashtra,Pune,Junnar (Alephata) APMC
Maharashtra,Pune,Junnar (Bhlhe)
Maharashtra,Pune,Junnar (Bhlhe) APMC
Maharashtra,Pune,Junnar (Narayangaon)
Maharashtra,Pune,Junnar (Narayangaon) APMC
Maharashtra,Pune,Junnar (Otur)
Maharashtra,Pune,Junnar (Otur) APMC
Maharashtra,Pune,Junnar APMC
Maharashtra,Pune,Khed
Maharashtra,Pune,Khed (Chakan)
Maharashtra,Pune,Khed (Chakan) APMC
Maharashtra,Pune,Khed (Shel Pimpalgaon)
Maharashtra,Pune,Khed APMC
Maharashtra,Pune,Manchar
Maharashtra,Pune,Mulshi
Maharashtra,Pune,Nira
Maharashtra,Pune,Nira (Saswad)
Maharashtra,Pune,Pune
Maharashtra,Pune,Pune (Khadiki)
Maharashtra,Pune,Pune (Khadiki) APMC
Maharashtra,Pune,Pune (Manjri)
Maharashtra,Pune,Pune (Manjri) APMC
Maharashtra,Pune,Pune (Moshi)
Maharashtra,Pune,Pune (Moshi) APMC
Maharashtra,Pune,Pune (Pimpri)
Maharashtra,Pune,Pune (Pimpri) APMC
Maharashtra,Pune,Pune APMC
Maharashtra,Pune,Shirur
Maharashtra,Raigad,Alibagh
Maharashtra,Raigad,Alibagh APMC
Maharashtra,Raigad,Karjat (Raigad)
Maharashtra,Raigad,Karjat (Raigad) APMC
Maharashtra,Raigad,Mahad
Maharashtra,Raigad,Mangaon
Maharashtra,Raigad,Mangaon APMC
Maharashtra,Raigad,Murud
Maharashtra,Raigad,Murud APMC
Maharashtra,Raigad,Panvel
Maharashtra,Raigad,Panvel APMC
Maharashtra,Raigad,Pen
Maharashtra,Raigad,Pen APMC
Maharashtra,Raigad,Roha
Maharashtra,Ratnagiri,Ratnagiri (Nachane)
Maharashtra,Ratnagiri,Ratnagiri (Nachane) APMC
Maharashtra,Sangli,Aatpadi
Maharashtra,Sangli,Aatpadi APMC
Maharashtra,Sangli,Islampur
Maharashtra,Sangli,Islampur APMC
Maharashtra,Sangli,Palus
Maharashtra,Sangli,Palus APMC
Maharashtra,Sangli,Sangli
Maharashtra,Sangli,Sangli (Miraj)
Maharashtra,Sangli,"Sangli (Phale, Bhajipura Market)"
Maharashtra,Sangli,"Sangli (Phale, Bhajipura Market) APMC"
Maharashtra,Sangli,Sangli APMC
Maharashtra,Sangli,Tasgaon
Maharashtra,Sangli,Tasgaon APMC
Maharashtra,Sangli,Vita
Maharashtra,Sangli,Vita APMC
Maharashtra,Satara,Jawali
Maharashtra,Satara,Karad
Maharashtra,Satara,Karad APMC
Maharashtra,Satara,Koregaon
Maharashtra,Satara,Koregaon APMC
Maharashtra,Satara,Lonand
Maharashtra,Satara,Patan
Maharashtra,Satara,Patan APMC
Maharashtra,Satara,Phaltan
Maharashtra,Satara,Satara
Maharashtra,Satara,Satara APMC
Maharashtra,Satara,Vaduj
Maharashtra,Satara,Vaduj APMC
Maharashtra,Satara,Vai
Maharashtra,Satara,Vai APMC
Maharashtra,Sholapur,Akkalkot
Maharashtra,Sholapur,Akluj
Maharashtra,Sholapur,Akluj APMC
Maharashtra,Sholapur,Barshi
Maharashtra,Sholapur,Barshi (Vairag)
Maharashtra,Sholapur,Dudhani
Maharashtra,Sholapur,Dudhani APMC
Maharashtra,Sholapur,Karmala
Maharashtra,Sholapur,Karmala APMC
Maharashtra,Sholapur,Kurdwadi
Maharashtra,Sholapur,Kurdwadi (Modnimb)
Maharashtra,Sholapur,Laxmi Sopan Agriculture Produce Marketing Co Ltd
Maharashtra,Sholapur,Mangal Wedha
Maharashtra,Sholapur,Mangal Wedha APMC
Maharashtra,Sholapur,Mohol
Maharashtra,Sholapur,Mohol APMC
Maharashtra,Sholapur,Pandharpur
Maharashtra,Sholapur,Pandharpur APMC
Maharashtra,Sholapur,Perfect Krishi Market Yard Pvt Ltd
Maharashtra,Sholapur,Sangola
Maharashtra,Sholapur,Sangola APMC
Maharashtra,Sholapur,Solapur
Maharashtra,Sholapur,Solapur APMC
Maharashtra,Thane,Bhivandi
Maharashtra,Thane,Kalyan
Maharashtra,Thane,Kalyan (Cattle Market)
Maharashtra,Thane,Kalyan APMC
Maharashtra,Thane,Murbad
Maharashtra,Thane,Murbad APMC
Maharashtra,Thane,Palghar
Maharashtra,Thane,Palghar APMC
Maharashtra,Thane,Shahapur
Maharashtra,Thane,Ulhasnagar
Maharashtra,Thane,Vasai
Maharashtra,Thane,Vasai APMC
Maharashtra,Vashim,Jai Gajanan Krishi Bazar
Maharashtra,Vashim,Karanja
Maharashtra,Vashim,Karanja APMC
Maharashtra,Vashim,Krushna Krishi Bazar
Maharashtra,Vashim,Malegaon (Vashim)
Maharashtra,Vashim,Mangrulpeer
Maharashtra,Vashim,Mangrulpeer APMC
Maharashtra,Vashim,Manora
Maharashtra,Vashim,Manora APMC
Maharashtra,Vashim,N N Mundhada Agriculture Market Produce
Maharashtra,Vashim,Risod
Maharashtra,Vashim,Risod APMC
Maharashtra,Vashim,Washim
Maharashtra,Vashim,Washim (Ansing)
Maharashtra,Vashim,Washim (Ansing) APMC
Maharashtra,Vashim,Washim APMC
Maharashtra,Wardha,Arvi
Maharashtra,Wardha,Arvi APMC
Maharashtra,Wardha,Ashti
Maharashtra,Wardha,Ashti (Karanja)
Maharashtra,Wardha,Ashti APMC
Maharashtra,Wardha,Higanghat Infrastructure Private Limited
Maharashtra,Wardha,Hinganghat
Maharashtra,Wardha,Hinganghat APMC
Maharashtra,Wardha,Pulgaon
Maharashtra,Wardha,Pulgaon APMC
Maharashtra,Wardha,Samudrapur
Maharashtra,Wardha,Samudrapur APMC
Maharashtra,Wardha,Sindi
Maharashtra,Wardha,Sindi (Selu)
Maharashtra,Wardha,Sindi (Selu) APMC
Maharashtra,Wardha,Sindi APMC
Maharashtra,Wardha,Wardha
Maharashtra,Wardha,Wardha APMC
Maharashtra,Yavatmal,Aarni
Maharashtra,Yavatmal,Babhulgaon
Maharashtra,Yavatmal,Babhulgaon APMC
Maharashtra,Yavatmal,Bori Arab
Maharashtra,Yavatmal,Bori Arab APMC
Maharashtra,Yavatmal,Cottoncity Agro Foods Private Ltd
Maharashtra,Yavatmal,Darwha
Maharashtra,Yavatmal,Digras
Maharashtra,Yavatmal,Ghatanji
Maharashtra,Yavatmal,Ghatanji APMC
Maharashtra,Yavatmal,Jagdamba Agrocare
Maharashtra,Yavatmal,Kalamb
Maharashtra,Yavatmal,Kisan Market Yard
Maharashtra,Yavatmal,Mahagaon
Maharashtra,Yavatmal,Mahavira Agricare
Maharashtra,Yavatmal,"Mahesh Krushi Utpanna Bazar, Digras"
Maharashtra,Yavatmal,Maregoan
Maharashtra,Yavatmal,Ner Parasopant
Maharashtra,Yavatmal,Pandhakawada
Maharashtra,Yavatmal,Pusad
Maharashtra,Yavatmal,Ralegaon
Maharashtra,Yavatmal,Ramdev Krushi Bazaar
Maharashtra,Yavatmal,Umarked (Danki)
Maharashtra,Yavatmal,Umarked (Danki) APMC
Maharashtra,Yavatmal,Umarkhed
Maharashtra,Yavatmal,Umarkhed APMC
Maharashtra,Yavatmal,Vani
Maharashtra,Yavatmal,Yeotmal
Maharashtra,Yavatmal,Yeotmal APMC
Maharashtra,Yavatmal,ZariZamini
Manipur,Bishnupur,Bishenpur
Manipur,Bishnupur,Bishenpur APMC
Manipur,Imphal East,Lamlong Bazaar
Manipur,Imphal East,Lamlong Bazaar APMC
Manipur,Imphal West,Imphal
Manipur,Imphal West,Imphal APMC
Manipur,Kakching,Kakching Market
Manipur,Kakching,Kakching Market APMC
Manipur,Thoubal,Thoubal
Manipur,Thoubal,Thoubal APMC
Meghalaya,East Garo Hills,Williamnagar
Meghalaya,East Jaintia Hills,Khliehriat
Meghalaya,East Jaintia Hills,Khliehriat APMC
Meghalaya,East Khasi Hills,Mawiong Regulated Market
Meghalaya,East Khasi Hills,Shillong
Meghalaya,East Khasi Hills,Shillong APMC
Meghalaya,East Khasi Hills,Sohra
Meghalaya,East Khasi Hills,Sohra APMC
Meghalaya,Nongpoh (R-Bhoi),Nongpoh (R-Bhoi)
Meghalaya,Nongpoh (R-Bhoi),Nongpoh (R-Bhoi) APMC
Meghalaya,South Garo Hills,Baghmara
Meghalaya,South Garo Hills,Baghmara APMC
Meghalaya,South Garo Hills,Gasuapara
Meghalaya,South Garo Hills,Gasuapara APMC
Meghalaya,South West Garo Hills,Ampati
Meghalaya,South West Garo Hills,Garobadha
Meghalaya,South West Khasi Hills,Mawkyrwat
Meghalaya,South West Khasi Hills,Mawkyrwat APMC
Meghalaya,West Garo Hills,Dadengiri
Meghalaya,West Garo Hills,Dadengiri APMC
Meghalaya,West Garo Hills,Rongram
Meghalaya,West Garo Hills,Tura
Meghalaya,West Garo Hills,Tura APMC
Meghalaya,West Jaintia Hills,Dawki
Meghalaya,West Jaintia Hills,Jowai
Meghalaya,West Jaintia Hills,Laskein
Meghalaya,West Jaintia Hills,Wahiajer
Meghalaya,West Khasi Hills,Nongstoin
Meghalaya,West Khasi Hills,Nongstoin APMC
Mizoram,Aizawl,Champhai
Mizoram,Aizawl,New Market Aizawl
Mizoram,Lungli,Super Market Lungli (Bara Bazar)
NCT of Delhi,Delhi,Azadpur
NCT of Delhi,Delhi,Azadpur APMC
NCT of Delhi,Delhi,"Fish,Poultry & Egg Market, Gazipur"
NCT of Delhi,Delhi,"Fish,Poultry & Egg Market, Gazipur APMC"
NCT of Delhi,Delhi,"Flower Market,Gazipur"
NCT of Delhi,Delhi,"Flower Market,Gazipur APMC"
NCT of Delhi,Delhi,"Fruit&Vegetable Market,Gazipur APMC"
NCT of Delhi,Delhi,Keshopur
NCT of Delhi,Delhi,Keshopur APMC
NCT of Delhi,Delhi,Najafgarh
NCT of Delhi,Delhi,Najafgarh APMC
NCT of Delhi,Delhi,Narela
NCT of Delhi,Delhi,Narela APMC
NCT of Delhi,Delhi,Shahdara
Nagaland,Dimapur,Dimapur
Nagaland,Dimapur,Dimapur APMC
Nagaland,Dimapur,Nuiland
Nagaland,Dimapur,Nuiland APMC
Nagaland,Kiphire,Kipheri
Nagaland,Kiphire,Kipheri APMC
Nagaland,Kohima,Jalukie
Nagaland,Kohima,Jalukie APMC
Nagaland,Kohima,Kohima
Nagaland,Kohima,Kohima APMC
Nagaland,Longleng,Longleng
Nagaland,Longleng,Longleng APMC
Nagaland,Mokokchung,Mangkolemba
Nagaland,Mokokchung,Mangkolemba APMC
Nagaland,Mokokchung,Mokokchung Town
Nagaland,Mokokchung,Mokokchung Town APMC
Nagaland,Mokokchung,Tuli
Nagaland,Mon,Mon
Nagaland,Mon,Mon APMC
Nagaland,Mon,Naginimora
Nagaland,Peren,Tenning
Nagaland,Phek,Pfatsero
Nagaland,Phek,Pfatsero APMC
Nagaland,Phek,Phek
Nagaland,Phek,Phek APMC
Nagaland,Tsemenyu,Tsemenyu
Nagaland,Tsemenyu,Tsemenyu APMC
Nagaland,Tuensang,Tuensang
Nagaland,Tuensang,Tuensang APMC
Nagaland,Wokha,Baghty
Nagaland,Wokha,Baghty APMC
Nagaland,Wokha,Wokha Town
Nagaland,Wokha,Wokha Town APMC
Nagaland,Zunheboto,Ghathashi
Nagaland,Zunheboto,Ghathashi APMC
Nagaland,Zunheboto,Zunheboto
Odisha,Angul,Angaura
Odisha,Angul,Angul
Odisha,Angul,Angul (Atthamallick)
Odisha,Angul,Angul (Jarapada)
Odisha,Angul,Pallahara
Odisha,Angul,Talcher
Odisha,Balasore,Bampada
Odisha,Balasore,Barikpur
Odisha,Balasore,Jaleswar
Odisha,Balasore,Jaleswar APMC
Odisha,Balasore,Nilagiri
Odisha,Balasore,Nilagiri APMC
Odisha,Bargarh,Attabira
Odisha,Bargarh,Attabira APMC
Odisha,Bargarh,Bargarh
Odisha,Bargarh,Bargarh (Barapalli)
Odisha,Bargarh,Bargarh (Barapalli) APMC
Odisha,Bargarh,Bargarh APMC
Odisha,Bargarh,Godabhaga
Odisha,Bargarh,Padampur
Odisha,Bargarh,Padampur APMC
Odisha,Bargarh,Sohela
Odisha,Bhadrak,Bhadrak
Odisha,Bhadrak,Bhadrak APMC
Odisha,Bhadrak,Chandabali
Odisha,Bhadrak,Chandabali APMC
Odisha,Bhadrak,Sahidngar
Odisha,Bolangir,Bolangir
Odisha,Bolangir,Bolangir (Patnagarh)
Odisha,Bolangir,Bolangir APMC
Odisha,Bolangir,Kantabaji
Odisha,Bolangir,Kantabaji APMC
Odisha,Bolangir,Tusura
Odisha,Bolangir,Tusura APMC
Odisha,Boudh,Boudh
Odisha,Boudh,Boudh APMC
Odisha,Boudh,Khunthabandha
Odisha,Cuttack,Athagarh
Odisha,Cuttack,Banki
Odisha,Cuttack,Banki APMC
Odisha,Cuttack,Kendupatna
Odisha,Cuttack,Kendupatna (Niali)
Odisha,Cuttack,Kendupatna APMC
Odisha,Deogarh,Deogarh
Odisha,Deogarh,Tileibani
Odisha,Dhenkanal,Dhenkanal
Odisha,Dhenkanal,Hindol
Odisha,Dhenkanal,Hindol APMC
Odisha,Dhenkanal,Kamakhyanagar
Odisha,Dhenkanal,Kamakhyanagar APMC
Odisha,Dhenkanal,Mottagaon
Odisha,Gajapati,Kasinagar
Odisha,Gajapati,Parlakhemundi
Odisha,Gajapati,Parlakhemundi APMC
Odisha,Ganjam,Bhanjanagar
Odisha,Ganjam,Bhanjanagar APMC
Odisha,Ganjam,Digapahandi
Odisha,Ganjam,Digapahandi APMC
Odisha,Ganjam,Hinjilicut
Odisha,Ganjam,Hinjilicut APMC
Odisha,Jagatsinghpur,Jagatsinghpur
Odisha,Jagatsinghpur,Jagatsinghpur APMC
Odisha,Jagatsinghpur,Rahama
Odisha,Jagatsinghpur,Rahama APMC
Odisha,Jajpur,Jajpur
Odisha,Jajpur,Jajpur APMC
Odisha,Jajpur,Jhumpura
Odisha,Jharsuguda,Jharsuguda
Odisha,Kalahandi,Bhawanipatna
Odisha,Kalahandi,Bhawanipatna APMC
Odisha,Kalahandi,Junagarh
Odisha,Kalahandi,Junagarh APMC
Odisha,Kalahandi,Kalahandi (Dharamagarh)
Odisha,Kalahandi,Kesinga
Odisha,Kalahandi,Kesinga APMC
Odisha,Kalahandi,Mukhiguda
Odisha,Kalahandi,Mukhiguda APMC
Odisha,Kandhamal,Kandhamal
Odisha,Kandhamal,Kandhamal APMC
Odisha,Kandhamal,Tikabali
Odisha,Kandhamal,Tikabali APMC
Odisha,Kendrapara,Chatta Krushak Bazar
Odisha,Kendrapara,Chatta Krushak Bazar APMC
Odisha,Kendrapara,Gopa
Odisha,Kendrapara,Gopa APMC
Odisha,Kendrapara,Kendrapara
Odisha,Kendrapara,Kendrapara (Marshaghai)
Odisha,Kendrapara,Kendrapara (Marshaghai) APMC
Odisha,Kendrapara,Kendrapara APMC
Odisha,Kendrapara,Pattamundai
Odisha,Kendrapara,Pattamundai APMC
Odisha,Keonjhar,Anandapur
Odisha,Keonjhar,Anandapur APMC
Odisha,Keonjhar,Champua
Odisha,Keonjhar,Champua APMC
Odisha,Keonjhar,Keonjhar
Odisha,Keonjhar,Keonjhar (Dhekikote)
Odisha,Keonjhar,Keonjhar (Dhekikote) APMC
Odisha,Keonjhar,Keonjhar (Jhumpura)
Odisha,Keonjhar,Keonjhar APMC
Odisha,Keonjhar,Saharpada
Odisha,Keonjhar,Saharpada APMC
Odisha,Khurda,Aiginia Mandi
Odisha,Khurda,Balugaon
Odisha,Khurda,Balugaon APMC
Odisha,Khurda,Damana Hat
Odisha,Khurda,Jatni
Odisha,Khurda,Jatni APMC
Odisha,Koraput,Jeypore
Odisha,Koraput,Jeypore (Kotpad)
Odisha,Koraput,Koraput
Odisha,Koraput,Koraput (Semilguda)
Odisha,Malkangiri,Malkanagiri
Odisha,Malkangiri,Malkangiri (Korakunda)
Odisha,Mayurbhanja,Baripada
Odisha,Mayurbhanja,Baripada APMC
Odisha,Mayurbhanja,Betnoti
Odisha,Mayurbhanja,Betnoti APMC
Odisha,Mayurbhanja,Chuliaposi
Odisha,Mayurbhanja,Karanjia
Odisha,Mayurbhanja,Karanjia APMC
Odisha,Mayurbhanja,Narasinghpur APMC
Odisha,Mayurbhanja,Saraskana
Odisha,Mayurbhanja,Udala
Odisha,Mayurbhanja,Udala APMC
Odisha,Nayagarh,Bahadajholla
Odisha,Nayagarh,Bahadajholla APMC
Odisha,Nayagarh,Sarankul
Odisha,Nayagarh,Sarankul APMC
Odisha,Nowarangpur,Nabarangpur (Umerkote)
Odisha,Nowarangpur,Nawarangpur
Odisha,Nuapada,Khariar
Odisha,Nuapada,Khariar Road
Odisha,Nuapada,Khariar Road APMC
Odisha,Puri,Dumal
Odisha,Puri,Gabadkunda
Odisha,Puri,Nimapara
Odisha,Puri,Nimapara APMC
Odisha,Puri,Puri (Brahmagiri)
Odisha,Puri,Sakhigopal
Odisha,Puri,Sakhigopal APMC
Odisha,Rayagada,Gunpur
Odisha,Rayagada,Gunpur APMC
Odisha,Rayagada,Rayagada
Odisha,Rayagada,Rayagada (Muniguda)
Odisha,Rayagada,Rayagada APMC
Odisha,Sambalpur,Gosala
Odisha,Sambalpur,Kuchinda
Odisha,Sambalpur,Kuchinda APMC
Odisha,Sambalpur,Rairakhol
Odisha,Sambalpur,Rairakhol APMC
Odisha,Sambalpur,Sahaspur
Odisha,Sambalpur,Sambalpur
Odisha,Sonepur,Birmaharajpur
Odisha,Sonepur,Birmaharajpur APMC
Odisha,Sonepur,Dungurapalli
Odisha,Sonepur,Pandkital
Odisha,Sundergarh,Bonai
Odisha,Sundergarh,Bonai APMC
Odisha,Sundergarh,Panposh
Odisha,Sundergarh,Panposh APMC
Odisha,Sundergarh,Sargipali
Odisha,Sundergarh,Sargipali APMC
Pondicherry,Karaikal,Karaikal
Pondicherry,Pondicherry,Madagadipet
Pondicherry,Pondicherry,Thattanchavady
Pondicherry,Pondicherry,Thattanchavady APMC
Punjab,Amritsar,Ajnala
Punjab,Amritsar,Ajnala (Sudhar)
Punjab,Amritsar,Amritsar
Punjab,Amritsar,Amritsar (Amritsar Mewa Mandi)
Punjab,Amritsar,Amritsar (Amritsar Mewa Mandi) APMC
Punjab,Amritsar,Amritsar (Chehreta)
Punjab,Amritsar,Attari
Punjab,Amritsar,Chogawan
Punjab,Amritsar,Chogawan APMC
Punjab,Amritsar,Gehri
Punjab,Amritsar,Gehri (Jandiala mandi)
Punjab,Amritsar,Gehri APMC
Punjab,Amritsar,Majitha
Punjab,Amritsar,Majitha APMC
Punjab,Amritsar,Mehta
Punjab,Amritsar,Rayya
Punjab,Amritsar,Rayya (Sathiala)
Punjab,Amritsar,Rayya APMC
Punjab,Barnala,Barnala
Punjab,Barnala,Bhadaur
Punjab,Barnala,Bhadaur (Sehna)
Punjab,Barnala,Dhanaula
Punjab,Barnala,Dhanula (Kaleke)
Punjab,Barnala,Mehal Kalan
Punjab,Barnala,Mehal Kallan (ChananWal)
Punjab,Barnala,Tapa
Punjab,Barnala,Tapa (Sadar Bazar)
Punjab,Barnala,Tapa (Tapa Mandi)
Punjab,Barnala,Tapa (Tapa Mandi) APMC
Punjab,Bhatinda,Bathinda
Punjab,Bhatinda,Bathinda APMC
Punjab,Bhatinda,Bhagta Bhai Ka
Punjab,Bhatinda,Bhagta Bhai Ka (Jalal)
Punjab,Bhatinda,Bhagta Bhai Ka (Kotha Guru Ka)
Punjab,Bhatinda,Bhagta Bhai Ka APMC
Punjab,Bhatinda,Bhucho
Punjab,Bhatinda,Bhucho APMC
Punjab,Bhatinda,Goniana
Punjab,Bhatinda,Goniana (Mehma Sarja)
Punjab,Bhatinda,Maur
Punjab,Bhatinda,Raman
Punjab,Bhatinda,Raman APMC
Punjab,Bhatinda,Rampura Phul
Punjab,Bhatinda,Rampuraphul (Bhai Rupan)
Punjab,Bhatinda,Rampuraphul (Chowke)
Punjab,Bhatinda,Rampuraphul (Dhapali)
Punjab,Bhatinda,Rampuraphul (Mehraj)
Punjab,Bhatinda,Rampuraphul (Nabha Mandi)
Punjab,Bhatinda,Rampuraphul (Nabha Mandi) APMC
Punjab,Bhatinda,Sangat
Punjab,Bhatinda,Sangat APMC
Punjab,Bhatinda,Talwandi Sabo
Punjab,Bhatinda,Talwandi Sabo (Shekhupura)
Punjab,Bhatinda,Talwandi Sabo APMC
Punjab,Faridkot,Faridkot
Punjab,Faridkot,Faridkot (Machakikalan)
Punjab,Faridkot,Jaitu
Punjab,Faridkot,Jaitu (Bajakhana)
Punjab,Faridkot,Jaitu APMC
Punjab,Faridkot,Kotkapura
Punjab,Faridkot,Kotkapura APMC
Punjab,Faridkot,Sadiq
Punjab,Fatehgarh,Amloh
Punjab,Fatehgarh,Amloh (Gobind Garh Mandi)
Punjab,Fatehgarh,Bassi Pathana
Punjab,Fatehgarh,Bassi Pathana APMC
Punjab,Fatehgarh,Chanarthal
Punjab,Fatehgarh,Khamano
Punjab,Fatehgarh,Khamano (Sanghol)
Punjab,Fatehgarh,Khamano APMC
Punjab,Fatehgarh,Sirhind
Punjab,Fatehgarh,Sirhind APMC
Punjab,Fazilka,Abohar
Punjab,Fazilka,Abohar APMC
Punjab,Fazilka,Fazilka
Punjab,Fazilka,Fazilka (Ladhuka)
Punjab,Fazilka,Fazilka APMC
Punjab,Fazilka,Jalalabad
Punjab,Fazilka,Jalalabad APMC
Punjab,Ferozpur,"Ferozepur Cantt, (Sadehasham)"
Punjab,Ferozpur,Ferozepur Cantt.
Punjab,Ferozpur,Ferozepur Cantt. APMC
Punjab,Ferozpur,Firozepur City
Punjab,Ferozpur,Firozepur City APMC
Punjab,Ferozpur,Guru Har Sahai
Punjab,Ferozpur,Makhu
Punjab,Ferozpur,Mallanwala
Punjab,Ferozpur,Mallanwala (KhosaDalSinghwala)
Punjab,Ferozpur,Mamdot
Punjab,Ferozpur,Mamdot (Tibbi Khurd)
Punjab,Ferozpur,Mamdot APMC
Punjab,Ferozpur,Talwandi Bhai
Punjab,Ferozpur,Talwandi Bhai (Mudki)
Punjab,Ferozpur,Zira
Punjab,Ferozpur,Zira APMC
Punjab,Gurdaspur,Batala
Punjab,Gurdaspur,Batala APMC
Punjab,Gurdaspur,Dera Baba Nanak
Punjab,Gurdaspur,Dera Baba Nanak APMC
Punjab,Gurdaspur,Dhariwal
Punjab,Gurdaspur,Dinanagar
Punjab,Gurdaspur,Dinanagar APMC
Punjab,Gurdaspur,F.G.Churian
Punjab,Gurdaspur,F.G.Churian APMC
Punjab,Gurdaspur,Gurdaspur
Punjab,Gurdaspur,Gurdaspur APMC
Punjab,Gurdaspur,Kahnuwan
Punjab,Gurdaspur,Kalanaur
Punjab,Gurdaspur,Kalanaur APMC
Punjab,Gurdaspur,Quadian
Punjab,Gurdaspur,Quadian APMC
Punjab,Gurdaspur,Sri Har Gobindpur
Punjab,Gurdaspur,Sri Har Gobindpur (Harechowal)
Punjab,Gurdaspur,Sri Har Gobindpur (Harechowal) APMC
Punjab,Gurdaspur,Sri Har Gobindpur APMC
Punjab,Hoshiarpur,Dasuya
Punjab,Hoshiarpur,Dasuya APMC
Punjab,Hoshiarpur,Garh Shankar
Punjab,Hoshiarpur,Garh Shankar (Mahalpur)
Punjab,Hoshiarpur,Garh Shankar (Mahalpur) APMC
Punjab,Hoshiarpur,Garh Shankar APMC
Punjab,Hoshiarpur,GarhShankar (Kotfatuhi)
Punjab,Hoshiarpur,GarhShankar (Kotfatuhi) APMC
Punjab,Hoshiarpur,Garhshankar (Saila Khurd)
Punjab,Hoshiarpur,Hoshiarpur
Punjab,Hoshiarpur,Hoshiarpur (Chara Mandi)
Punjab,Hoshiarpur,Hoshiarpur (Sham Churasi)
Punjab,Hoshiarpur,Mukerian
Punjab,Hoshiarpur,Mukerian (Talwara)
Punjab,Hoshiarpur,Mukerian APMC
Punjab,Hoshiarpur,Tanda Urmur
Punjab,Jalandhar,Adampur
Punjab,Jalandhar,Adampur APMC
Punjab,Jalandhar,Bhogpur
Punjab,Jalandhar,Bilga
Punjab,Jalandhar,Bilga (Talwan )
Punjab,Jalandhar,Goraya
Punjab,Jalandhar,Jalandhar Cantt (Jamshedpur Dana Mandi)
Punjab,Jalandhar,Jalandhar Cantt.
Punjab,Jalandhar,Jalandhar City
Punjab,Jalandhar,Jalandhar City (Faintan Ganj)
Punjab,Jalandhar,Jalandhar City (Jalandhar)
Punjab,Jalandhar,Jalandhar City (Jalandhar) APMC
Punjab,Jalandhar,Jalandhar City (Kartar Pur Dana mandi)
Punjab,Jalandhar,Jalandhar City APMC
Punjab,Jalandhar,Lohian Khas
Punjab,Jalandhar,Mehatpur
Punjab,Jalandhar,Mehatpur APMC
Punjab,Jalandhar,Nakodar
Punjab,Jalandhar,Nakodar (Sarih)
Punjab,Jalandhar,Nakodar APMC
Punjab,Jalandhar,Noor Mehal
Punjab,Jalandhar,Noor Mehal (Kot Badal Khan)
Punjab,Jalandhar,Phillaur
Punjab,Jalandhar,Phillaur (Apra Mandi)
Punjab,Jalandhar,Phillaur APMC
Punjab,Jalandhar,Shahkot
Punjab,Jalandhar,Shahkot APMC
Punjab,Jalandhar,Shakot (Malsian)
Punjab,Kapurthala,Bhulath (Nadala) APMC
Punjab,Kapurthala,Bhulath APMC
Punjab,Kapurthala,Kapurthala APMC
Punjab,Kapurthala,Phagwara APMC
Punjab,Kapurthala,Sultanpur APMC
Punjab,Ludhiana,Doraha
Punjab,Ludhiana,Doraha APMC
Punjab,Ludhiana,Hathur
Punjab,Ludhiana,Jagraon
Punjab,Ludhiana,Khanna
Punjab,Ludhiana,Khanna APMC
Punjab,Ludhiana,Kila Raipur
Punjab,Ludhiana,Killa Raipur (Jodhan)
Punjab,Ludhiana,Ludhiana
Punjab,Ludhiana,Ludhiana (Mandi gill Road)
Punjab,Ludhiana,Ludhiana (Salem Tabri)
Punjab,Ludhiana,Ludhiana APMC
Punjab,Ludhiana,Machhiwara
Punjab,Ludhiana,Malaoud (Siar)
Punjab,Ludhiana,Maloud
Punjab,Ludhiana,Mansura
Punjab,Ludhiana,Mullanpur
Punjab,Ludhiana,Mullanpur Dakha (Sawadi)
Punjab,Ludhiana,Nurpurbet
Punjab,Ludhiana,Purain
Punjab,Ludhiana,Raikot
Punjab,Ludhiana,Raikot (Nathowal)
Punjab,Ludhiana,Raikot (Talwandi rai)
Punjab,Ludhiana,Sahnewal
Punjab,Ludhiana,Sahnewal APMC
Punjab,Ludhiana,Samrala
Punjab,Ludhiana,Samrala APMC
Punjab,Ludhiana,Sidhwan Bet
Punjab,Ludhiana,Sidhwan Bet (Lodhiwala)
Punjab,Ludhiana,kum Kalan
Punjab,Ludhiana,lakhowal
Punjab,Mansa,Ahemadpur
Punjab,Mansa,Bareta
Punjab,Mansa,Bareta APMC
Punjab,Mansa,Bhikhi
Punjab,Mansa,Boha
Punjab,Mansa,Boha APMC
Punjab,Mansa,Budalada
Punjab,Mansa,Budalada APMC
Punjab,Mansa,Budhlada (Phaphre Bhaike)
Punjab,Mansa,Kankwal Chahlan
Punjab,Mansa,Mansa
Punjab,Mansa,Mansa (Bhamekalan)
Punjab,Mansa,Mansa (Khiala kalan)
Punjab,Mansa,Mansa (Ubha Buraj Dhilwan)
Punjab,Mansa,Mansa APMC
Punjab,Mansa,Sardulgarh
Punjab,Moga,Ajitwal
Punjab,Moga,Ajitwal (Chogawan)
Punjab,Moga,Ajitwal (Dala)
Punjab,Moga,Badhni Kalan
Punjab,Moga,Badhni Kallan (Bilaspur)
Punjab,Moga,Baghapurana
Punjab,Moga,Dharamkot
Punjab,Moga,Kot ise Khan
Punjab,Moga,Moga
Punjab,Moga,Moga APMC
Punjab,Moga,Nihal Singh Wala
Punjab,Moga,Nihal Singh Wala (Himmatpura)
Punjab,Moga,Nihal Singh Wala (Rautan)
Punjab,Moga,Nihal Singh Wala APMC
Punjab,Mohali,Banur
Punjab,Mohali,Banur (Kheragaju)
Punjab,Mohali,Banur APMC
Punjab,Mohali,Dera Bassi
Punjab,Mohali,Dera Bassi APMC
Punjab,Mohali,Kharar
Punjab,Mohali,Kharar APMC
Punjab,Mohali,Kurali
Punjab,Mohali,Kurali APMC
Punjab,Mohali,Lalru
Punjab,Mohali,Lalru APMC
Punjab,Muktsar,Bariwala
Punjab,Muktsar,Bariwala APMC
Punjab,Muktsar,Giddarbaha
Punjab,Muktsar,Giddarbaha APMC
Punjab,Muktsar,Malout
Punjab,Muktsar,Malout (Kilianwali)
Punjab,Muktsar,Malout (Panniwala)
Punjab,Muktsar,Malout APMC
Punjab,Muktsar,Muktsar
Punjab,Muktsar,Muktsar APMC
Punjab,Nawanshahr,Balachaur
Punjab,Nawanshahr,Banga
Punjab,Nawanshahr,Banga (Kataria)
Punjab,Nawanshahr,Banga APMC
Punjab,Nawanshahr,Nawan Shahar (Mandi Aur)
Punjab,Nawanshahr,Nawan Shahar (Mandi Jadla)
Punjab,Nawanshahr,Nawan Shahar (MandiRaho)
Punjab,Nawanshahr,Nawan Shahar (Subzi Mandi)
Punjab,Nawanshahr,Nawan Shahar (Subzi Mandi) APMC
Punjab,Nawanshahr,Nawanshahar
Punjab,Nawanshahr,Nawanshahar APMC
Punjab,Pathankot,Narot J Singh
Punjab,Pathankot,Pathankot
Punjab,Pathankot,Pathankot APMC
Punjab,Patiala,Bhadson
Punjab,Patiala,Dakala
Punjab,Patiala,Dudhansadhan
Punjab,Patiala,Dudhansadhan APMC
Punjab,Patiala,Ghanaur
Punjab,Patiala,Ghanaur APMC
Punjab,Patiala,Nabha
Punjab,Patiala,Nabha APMC
Punjab,Patiala,Patiala
Punjab,Patiala,Patiala (Anaj Mandi Sanaur Road)
Punjab,Patiala,Patiala (New Anaj Mandi)
Punjab,Patiala,Patiala (New Anaj Mandi) APMC
Punjab,Patiala,Patiala APMC
Punjab,Patiala,Patran
Punjab,Patiala,Patran (Ghagga Mandi)
Punjab,Patiala,Patran APMC
Punjab,Patiala,Rajpura
Punjab,Patiala,Rajpura APMC
Punjab,Patiala,Samana
Punjab,Patiala,Samana (Gajewas)
Punjab,Patiala,Samana (Kakrala)
Punjab,Patiala,Samana APMC
Punjab,Ropar (Rupnagar),Anandpur Sahib
Punjab,Ropar (Rupnagar),Chamkaur Sahib
Punjab,Ropar (Rupnagar),Chamkaur Sahib APMC
Punjab,Ropar (Rupnagar),Morinda
Punjab,Ropar (Rupnagar),Ropar
Punjab,Ropar (Rupnagar),Ropar APMC
Punjab,Sangrur,Ahmedgarh
Punjab,Sangrur,Ahmedgarh APMC
Punjab,Sangrur,Amargarh
Punjab,Sangrur,Bhawanigarh
Punjab,Sangrur,Bhawanigarh APMC
Punjab,Sangrur,Cheema
Punjab,Sangrur,Dhuri
Punjab,Sangrur,Dhuri APMC
Punjab,Sangrur,Dirba
Punjab,Sangrur,Khanauri
Punjab,Sangrur,Lehra Gaga
Punjab,Sangrur,Lehra Gaga APMC
Punjab,Sangrur,Malerkotla
Punjab,Sangrur,Moonak
Punjab,Sangrur,Sandaur
Punjab,Sangrur,Sangrur
Punjab,Sangrur,Sherpur
Punjab,Sangrur,Sulargharat
Punjab,Sangrur,Sunam
Punjab,Sangrur,Sunam APMC
Punjab,Tarntaran,Bhikhiwind
Punjab,Tarntaran,Bhikhiwind (Algo)
Punjab,Tarntaran,Bhikhiwind (Basarke)
Punjab,Tarntaran,Bhikhiwind (Khalra)
Punjab,Tarntaran,Bhikhiwind (Khalra) APMC
Punjab,Tarntaran,Bhikhiwind (Marrimegha)
Punjab,Tarntaran,Bhikhiwind (Sursingh)
Punjab,Tarntaran,Bhikhiwind APMC
Punjab,Tarntaran,Chabhal
Punjab,Tarntaran,Harike
Punjab,Tarntaran,Khadur Sahib
Punjab,Tarntaran,Khadur Sahib (Fetehabad)
Punjab,Tarntaran,Khadur Sahib (Fetehabad) APMC
Punjab,Tarntaran,Khadur Sahib APMC
Punjab,Tarntaran,Khem karan
Punjab,Tarntaran,Khemkaran (Amarkot)
Punjab,Tarntaran,Naushera Pannua (Dhotian)
Punjab,Tarntaran,Naushera Pannuan
Punjab,Tarntaran,Naushera Pannuan APMC
Punjab,Tarntaran,Patti
Punjab,Tarntaran,Patti APMC
Punjab,Tarntaran,Tarantaran
Punjab,Tarntaran,Tarantaran APMC
Punjab,kapurthala,Bhulath
Punjab,kapurthala,Bhulath (Ibrahimaaaaval)
Punjab,kapurthala,Bhulath (Nadala)
Punjab,kapurthala,Dhilwan
Punjab,kapurthala,Kapurthala
Punjab,kapurthala,Phagwara
Punjab,kapurthala,Sultanpur
Punjab,kapurthala,Sultanpur Lodhi (Tibba)
Rajasthan,Ajmer,Ajmer (F&V)
Rajasthan,Ajmer,Ajmer (F&V) APMC
Rajasthan,Ajmer,Ajmer (Grain)
Rajasthan,Ajmer,Beawar
Rajasthan,Ajmer,Gulabpura
Rajasthan,Ajmer,Kekri
Rajasthan,Ajmer,Madanganj Kishangarh
Rajasthan,Ajmer,Madanganj Kishangarh APMC
Rajasthan,Ajmer,Vijaynagar
Rajasthan,Alwar,Alwar
Rajasthan,Alwar,Alwar (F&V)
Rajasthan,Alwar,Alwar APMC
Rajasthan,Alwar,Bahror
Rajasthan,Alwar,Bansoor
Rajasthan,Alwar,Barodamev
Rajasthan,Alwar,Barodamev APMC
Rajasthan,Alwar,Govindgarh
Rajasthan,Alwar,Govindgarh APMC
Rajasthan,Alwar,Khairthal
Rajasthan,Alwar,Kherli
Rajasthan,Alwar,Kherli APMC
Rajasthan,Alwar,Kishangarhbas
Rajasthan,Alwar,Laxmangarh (Barodamev)
Rajasthan,Alwar,Laxmangarh (Barodamev) APMC
Rajasthan,Alwar,Laxmangarh - Barodamev APMC
Rajasthan,Alwar,Pahadai APMC
Rajasthan,Alwar,Pahari APMC
Rajasthan,Anupgarh,Anupgarh
Rajasthan,Anupgarh,Anupgarh APMC
Rajasthan,Anupgarh,Gharsana
Rajasthan,Anupgarh,Jaitsar
Rajasthan,Anupgarh,Jaitsar APMC
Rajasthan,Anupgarh,Raisingh Nagar
Rajasthan,Anupgarh,Raisingh Nagar APMC
Rajasthan,Anupgarh,Rawla
Rajasthan,Anupgarh,Rawla APMC
Rajasthan,Anupgarh,Sri Vijayanagar
Rajasthan,Anupgarh,Sri Vijayanagar APMC
Rajasthan,Balotra,Balotra
Rajasthan,Banswara,Banswara
Rajasthan,Baran,Anta
Rajasthan,Baran,Anta APMC
Rajasthan,Baran,Atru
Rajasthan,Baran,Atru APMC
Rajasthan,Baran,Baran
Rajasthan,Baran,Baran APMC
Rajasthan,Baran,Chhabra
Rajasthan,Baran,Chhipabarod (Chhabra)
Rajasthan,Baran,Kawai Salpura (Atru)
Rajasthan,Baran,Nahargarh
Rajasthan,Baran,Nahargarh APMC
Rajasthan,Baran,Samraniyan
Rajasthan,Baran,Samraniyan APMC
Rajasthan,Barmer,Balotra
Rajasthan,Barmer,Barmer
Rajasthan,Barmer,Dhorimanna
Rajasthan,Beawar,Beawar
Rajasthan,Beawar,Bijaynagar APMC
Rajasthan,Beawar,Jaitaran
Rajasthan,Beawar,Jaitaran APMC
Rajasthan,Beawar,Vijaynagar
Rajasthan,Beawar,Vijaynagar APMC
Rajasthan,Bharatpur,Bayana
Rajasthan,Bharatpur,Bayana APMC
Rajasthan,Bharatpur,Bharatpur
Rajasthan,Bharatpur,Bhusawar Bair
Rajasthan,Bharatpur,Bhusawar Bair APMC
Rajasthan,Bharatpur,Deeg
Rajasthan,Bharatpur,Kama
Rajasthan,Bharatpur,Kumher
Rajasthan,Bharatpur,Nadwai
Rajasthan,Bharatpur,Nadwai APMC
Rajasthan,Bharatpur,Nagar
Rajasthan,Bharatpur,Pahari
Rajasthan,Bhilwara,Bhilwara
Rajasthan,Bhilwara,Bhilwara APMC
Rajasthan,Bhilwara,Bijolia
Rajasthan,Bhilwara,Gangapur
Rajasthan,Bhilwara,Gulabpura
Rajasthan,Bhilwara,Gulabpura APMC
Rajasthan,Bhilwara,Mandalgarh
Rajasthan,Bikaner,Bajju
Rajasthan,Bikaner,Bajju APMC
Rajasthan,Bikaner,Bikaner (F&V)
Rajasthan,Bikaner,Bikaner (F&V) APMC
Rajasthan,Bikaner,Bikaner (Grain)
Rajasthan,Bikaner,Bikaner (Grain) APMC
Rajasthan,Bikaner,Gudhagorji
Rajasthan,Bikaner,Khajuwala
Rajasthan,Bikaner,Khajuwala APMC
Rajasthan,Bikaner,Lunkaransar
Rajasthan,Bikaner,Nokha
Rajasthan,Bikaner,Nokha APMC
Rajasthan,Bikaner,Pugal Road (Grain)
Rajasthan,Bikaner,Pugal Road (Grain) APMC
Rajasthan,Bikaner,Sridungargarh
Rajasthan,Bikaner,Sridungargarh APMC
Rajasthan,Bundi,Bundi
Rajasthan,Bundi,Dei
Rajasthan,Bundi,Dei APMC
Rajasthan,Bundi,Keshoraipatan
Rajasthan,Bundi,Keshoraipatan APMC
Rajasthan,Bundi,Sumerganj
Rajasthan,Bundi,Sumerganj APMC
Rajasthan,Chittorgarh,Barisadri
Rajasthan,Chittorgarh,Barisadri APMC
Rajasthan,Chittorgarh,Begu
Rajasthan,Chittorgarh,Begu APMC
Rajasthan,Chittorgarh,Chittorgarh
Rajasthan,Chittorgarh,Fatehnagar
Rajasthan,Chittorgarh,Kapasan
Rajasthan,Chittorgarh,Kapasan APMC
Rajasthan,Chittorgarh,Nimbahera
Rajasthan,Chittorgarh,Nimbahera APMC
Rajasthan,Chittorgarh,Pratapgarh
Rajasthan,Churu,Churu
Rajasthan,Churu,Churu APMC
Rajasthan,Churu,Sadulpur
Rajasthan,Churu,Sadulpur APMC
Rajasthan,Churu,Sardar Shahar
Rajasthan,Churu,Sardar Shahar APMC
Rajasthan,Churu,Sujangarh
Rajasthan,Churu,Sujangarh APMC
Rajasthan,Dausa,Bandikui
Rajasthan,Dausa,Bandikui (Geejgarh)
Rajasthan,Dausa,Bandikui APMC
Rajasthan,Dausa,Dausa
Rajasthan,Dausa,Dausa APMC
Rajasthan,Dausa,Lalsot
Rajasthan,Dausa,Lalsot APMC
Rajasthan,Dausa,Madanganj Mahuwa
Rajasthan,Dausa,Madanganj Mandawar
Rajasthan,Dausa,Madanganj Mandawar APMC
Rajasthan,Dausa,Mandawar APMC
Rajasthan,Dausa,Mandawari
Rajasthan,Dausa,Mandawari APMC
Rajasthan,Deedwana Kuchaman,Deedwana
Rajasthan,Deedwana Kuchaman,Kuchaman City
Rajasthan,Deedwana Kuchaman,Kuchaman City APMC
Rajasthan,Deeg,Deeg
Rajasthan,Deeg,Deeg APMC
Rajasthan,Deeg,Kama
Rajasthan,Deeg,Kama APMC
Rajasthan,Deeg,Kumher
Rajasthan,Deeg,Nagar
Rajasthan,Deeg,Nagar APMC
Rajasthan,Deeg,Pahari
Rajasthan,Deeg,Sikri
Rajasthan,Dholpur,Dholpur
Rajasthan,Dudu,Dudu
Rajasthan,Dungarpur,Dungarpur
Rajasthan,Dungarpur,Dungarpur APMC
Rajasthan,Ganganagar,Anupgarh
Rajasthan,Ganganagar,Gajsinghpur
Rajasthan,Ganganagar,Gajsinghpur APMC
Rajasthan,Ganganagar,Gharsana
Rajasthan,Ganganagar,Jaitsar
Rajasthan,Ganganagar,Kesarisinghpur
Rajasthan,Ganganagar,Kesarisinghpur APMC
Rajasthan,Ganganagar,Lalgarh Jatan
Rajasthan,Ganganagar,Lalgarh Jatan APMC
Rajasthan,Ganganagar,Padampur
Rajasthan,Ganganagar,Padampur APMC
Rajasthan,Ganganagar,Raisingh Nagar
Rajasthan,Ganganagar,Rawla
Rajasthan,Ganganagar,Ridmalsar
Rajasthan,Ganganagar,Sadulshahar
Rajasthan,Ganganagar,Sadulshahar APMC
Rajasthan,Ganganagar,Sri Karanpur
Rajasthan,Ganganagar,Sri Karanpur APMC
Rajasthan,Ganganagar,Sri Vijayanagar
Rajasthan,Ganganagar,Sriganganagar (F&V)
Rajasthan,Ganganagar,Sriganganagar (Grain)
Rajasthan,Ganganagar,Sriganganagar (Grain) APMC
Rajasthan,Ganganagar,Suratgarh
Rajasthan,Ganganagar,Suratgarh APMC
Rajasthan,Gangapur City,Gangapur City
Rajasthan,Gangapur City,Gangapur City APMC
Rajasthan,Hanumangarh,Bhadara
Rajasthan,Hanumangarh,Bhadara APMC
Rajasthan,Hanumangarh,Dablirathan
Rajasthan,Hanumangarh,Dablirathan APMC
Rajasthan,Hanumangarh,Goluwala
Rajasthan,Hanumangarh,Goluwala APMC
Rajasthan,Hanumangarh,Hanumangarh
Rajasthan,Hanumangarh,Hanumangarh (Urlivas)
Rajasthan,Hanumangarh,Hanumangarh (Urlivas) APMC
Rajasthan,Hanumangarh,Hanumangarh APMC
Rajasthan,Hanumangarh,Hanumangarh Town
Rajasthan,Hanumangarh,HanumangarhTown APMC
Rajasthan,Hanumangarh,Nohar
Rajasthan,Hanumangarh,Nohar APMC
Rajasthan,Hanumangarh,Pilibanga
Rajasthan,Hanumangarh,Pilibanga APMC
Rajasthan,Hanumangarh,Rawatsar
Rajasthan,Hanumangarh,Rawatsar APMC
Rajasthan,Hanumangarh,Sangriya
Rajasthan,Hanumangarh,Sangriya APMC
Rajasthan,Hanumangarh,Suratgarh
Rajasthan,Hanumangarh,Tibbi
Rajasthan,Hanumangarh,Urlivas - Hanumangarh
Rajasthan,Jaipur,Bagru
Rajasthan,Jaipur,Bassi
Rajasthan,Jaipur,Chaksu
Rajasthan,Jaipur,Chomu (F&V)
Rajasthan,Jaipur,Chomu (Grain)
Rajasthan,Jaipur,Jaipur (F&V)
Rajasthan,Jaipur,Jaipur (F&V) APMC
Rajasthan,Jaipur,Jaipur (Grain)
Rajasthan,Jaipur,Jaipur (Grain)(Chandpole)
Rajasthan,Jaipur,Kishan Renwal (Fulera)
Rajasthan,Jaipur,Kishangarh Renwal
Rajasthan,Jaipur,Kotputli
Rajasthan,Jaipur,Kotputli (Pawla)
Rajasthan,Jaipur,Rajdhanai Mandi (KukarKheda)
Rajasthan,Jaipur,Rajdhanai Mandi (KukarKheda) APMC
Rajasthan,Jaipur,Sambhar (Kishangarh renwal)
Rajasthan,Jaipur Rural,Bagru
Rajasthan,Jaipur Rural,Bagru APMC
Rajasthan,Jaipur Rural,Bassi
Rajasthan,Jaipur Rural,Bassi APMC
Rajasthan,Jaipur Rural,Chaksu
Rajasthan,Jaipur Rural,Chaksu APMC
Rajasthan,Jaipur Rural,Chomu (F&V)
Rajasthan,Jaipur Rural,Chomu (F&V) APMC
Rajasthan,Jaipur Rural,Chomu (Grain)
Rajasthan,Jaipur Rural,Chomu (Grain) APMC
Rajasthan,Jaipur Rural,Kishangarh Renwal
Rajasthan,Jaipur Rural,Kishangarh Renwal APMC
Rajasthan,Jaipur Rural,Sambhar (Kishangarh renwal)
Rajasthan,Jaisalmer,Jaisalmer
Rajasthan,Jaisalmer,Jaisalmer APMC
Rajasthan,Jaisalmer,Mohangarh
Rajasthan,Jaisalmer,Mohangarh APMC
Rajasthan,Jalore,Bhinmal
Rajasthan,Jalore,Bhinmal APMC
Rajasthan,Jalore,Jalore
Rajasthan,Jalore,Jalore APMC
Rajasthan,Jalore,Raniwara
Rajasthan,Jalore,Sanchore
Rajasthan,Jhalawar,Bhawani Mandi
Rajasthan,Jhalawar,Bhawani Mandi (Raipur)
Rajasthan,Jhalawar,Bhawani Mandi APMC
Rajasthan,Jhalawar,Choumahla
Rajasthan,Jhalawar,Choumahla APMC
Rajasthan,Jhalawar,Dag
Rajasthan,Jhalawar,Iklera
Rajasthan,Jhalawar,Iklera APMC
Rajasthan,Jhalawar,Jhalarapatan
Rajasthan,Jhalawar,Jhalarapatan APMC
Rajasthan,Jhalawar,Khanpur
Rajasthan,Jhalawar,Khanpur APMC
Rajasthan,Jhalawar,Manohar Thana
Rajasthan,Jhunjhunu,Chirawa
Rajasthan,Jhunjhunu,Chirawa APMC
Rajasthan,Jhunjhunu,Gudhagorji
Rajasthan,Jhunjhunu,Gudhagorji APMC
Rajasthan,Jhunjhunu,Jhunjhunu
Rajasthan,Jhunjhunu,Jhunjhunu APMC
Rajasthan,Jhunjhunu,Nawalgarh
Rajasthan,Jhunjhunu,Nawalgarh APMC
Rajasthan,Jhunjhunu,Surajgarh
Rajasthan,Jhunjhunu,Surajgarh APMC
Rajasthan,Jhunjunu,Chirawa
Rajasthan,Jhunjunu,Jhunjhunu
Rajasthan,Jhunjunu,Nawalgarh
Rajasthan,Jodhpur,Bhagat Ki Kothi
Rajasthan,Jodhpur,Bhagat Ki Kothi APMC
Rajasthan,Jodhpur,Bhagat Kii Phalodi
Rajasthan,Jodhpur,Bilara
Rajasthan,Jodhpur,Jodhpur (F&V)
Rajasthan,Jodhpur,Jodhpur (F&V) APMC
Rajasthan,Jodhpur,Jodhpur (F&V)(Paota)
Rajasthan,Jodhpur,Jodhpur (Grain)
Rajasthan,Jodhpur,Jodhpur (Grain) APMC
Rajasthan,Jodhpur,Ositan Mathania
Rajasthan,Jodhpur,Pipar City
Rajasthan,Jodhpur Rural,Bilara
Rajasthan,Jodhpur Rural,Bilara APMC
Rajasthan,Jodhpur Rural,Ositan Mathania
Rajasthan,Jodhpur Rural,Ositan Mathania APMC
Rajasthan,Jodhpur Rural,Osiyan Mathania APMC
Rajasthan,Jodhpur Rural,Pipar City
Rajasthan,Karauli,Hindoun
Rajasthan,Karauli,Hindoun APMC
Rajasthan,Kekri,Kekri
Rajasthan,Kekri,Kekri APMC
Rajasthan,Khairthal Tijara,Khairthal
Rajasthan,Khairthal Tijara,Kishangarhbas
Rajasthan,Khairthal Tijara,Kishangarhbas APMC
Rajasthan,Khairthal Tijara,Tijara
Rajasthan,Khairthal Tijara,Tijara APMC
Rajasthan,Kota,Baparwarkala (Kota) (Grain)
Rajasthan,Kota,Chechat
Rajasthan,Kota,Itawa
Rajasthan,Kota,Itawa APMC
Rajasthan,Kota,Khatauli
Rajasthan,Kota,Khatauli APMC
Rajasthan,Kota,Kota
Rajasthan,Kota,Kota (F&V)
Rajasthan,Kota,Kota APMC
Rajasthan,Kota,Manohararthana APMC
Rajasthan,Kota,Ramgang Mandi (Samod)
Rajasthan,Kota,Ramganjmandi
Rajasthan,Kota,Ramganjmandi APMC
Rajasthan,Kotputli- Behror,Bansoor
Rajasthan,Kotputli- Behror,Bansoor APMC
Rajasthan,Kotputli- Behror,Behror APMC
Rajasthan,Kotputli- Behror,Kotputli
Rajasthan,Nagaur,Deedwana
Rajasthan,Nagaur,Deedwana (Choti Khatu)
Rajasthan,Nagaur,Degana
Rajasthan,Nagaur,Degana APMC
Rajasthan,Nagaur,Jayal
Rajasthan,Nagaur,Jayal APMC
Rajasthan,Nagaur,Kuchaman City
Rajasthan,Nagaur,Merta City
Rajasthan,Nagaur,Merta City APMC
Rajasthan,Nagaur,Nagaur
Rajasthan,Nagaur,Nagaur (Jayal)
Rajasthan,Nagaur,Nagaur APMC
Rajasthan,Nagaur,Nagour (FV)
Rajasthan,Neem Ka Thana,Neem Ka Thana
Rajasthan,Neem Ka Thana,Neem Ka Thana APMC
Rajasthan,Neem Ka Thana,Sri Madhopur
Rajasthan,Neem Ka Thana,Sri Madhopur APMC
Rajasthan,Pali,Jaitaran
Rajasthan,Pali,Pali
Rajasthan,Pali,Rani
Rajasthan,Pali,Sojat City
Rajasthan,Pali,Sojat City APMC
Rajasthan,Pali,Sojat Road
Rajasthan,Pali,Sojat Road APMC
Rajasthan,Pali,Sumerpur
Rajasthan,Phalodi,Bhagat Kii Phalodi
Rajasthan,Phalodi,Bhagat Kii Phalodi APMC
Rajasthan,Phalodi,Phalodi APMC
Rajasthan,Pratapgarh,Arnod
Rajasthan,Pratapgarh,Chhotisadri
Rajasthan,Pratapgarh,Chhotisadri APMC
Rajasthan,Pratapgarh,Pratapgarh
Rajasthan,Pratapgarh,Pratapgarh APMC
Rajasthan,Rajasamand,Rajsamand
Rajasthan,Rajsamand,Rajsamand
Rajasthan,Rajsamand,Rajsamand APMC
Rajasthan,Sanchore,Raniwara
Rajasthan,Sanchore,Raniwara APMC
Rajasthan,Sanchore,Sanchore
Rajasthan,Sanchore,Sanchore APMC
Rajasthan,Sikar,Fatehpur
Rajasthan,Sikar,Fatehpur APMC
Rajasthan,Sikar,Neem Ka Thana
Rajasthan,Sikar,Palsana
Rajasthan,Sikar,Sikar
Rajasthan,Sikar,Sikar APMC
Rajasthan,Sikar,Sri Madhopur
Rajasthan,Sikar,Surajgarh
Rajasthan,Sirohi,Abu Road
Rajasthan,Sirohi,Abu Road APMC
Rajasthan,Swai Madhopur,Gangapur City
Rajasthan,Swai Madhopur,Gangapurcity (Old Lal mandi)
Rajasthan,Swai Madhopur,Khandar
Rajasthan,Swai Madhopur,Sawai Madhopur
Rajasthan,Swai Madhopur,Sawai Madhopur APMC
Rajasthan,Tonk,Deoli
Rajasthan,Tonk,Deoli APMC
Rajasthan,Tonk,Dooni
Rajasthan,Tonk,Dooni APMC
Rajasthan,Tonk,Malpura
Rajasthan,Tonk,Malpura (Todaraisingh)
Rajasthan,Tonk,Malpura APMC
Rajasthan,Tonk,Niwai
Rajasthan,Tonk,Niwai APMC
Rajasthan,Tonk,Tonk
Rajasthan,Tonk,Tonk APMC
Rajasthan,Tonk,Uniyara
Rajasthan,Tonk,Uniyara APMC
Rajasthan,Udaipur,Chhotisadri
Rajasthan,Udaipur,Fatehnagar
Rajasthan,Udaipur,Fatehnagar APMC
Rajasthan,Udaipur,Udaipur (F&V)
Rajasthan,Udaipur,Udaipur (F&V) APMC
Rajasthan,Udaipur,Udaipur (Grain)
Rajasthan,Udaipur,Udaipur (Grain) APMC
Tamil Nadu,Ariyalur,Andimadom
Tamil Nadu,Ariyalur,Ariyalur (Uzhavar Sandhai)
Tamil Nadu,Ariyalur,Ariyalur (Uzhavar Sandhai) APMC
Tamil Nadu,Ariyalur,Ariyalur Market
Tamil Nadu,Ariyalur,Jayamkondam
Tamil Nadu,Ariyalur,Jayamkondam APMC
Tamil Nadu,Ariyalur,Jeyankondam (Uzhavar Sandhai )
Tamil Nadu,Ariyalur,Jeyankondam (Uzhavar Sandhai ) APMC
Tamil Nadu,Chengalpattu,Chengalpet (Uzhavar Sandhai )
Tamil Nadu,Chengalpattu,Chengalpet (Uzhavar Sandhai ) APMC
Tamil Nadu,Chengalpattu,Guduvancheri (Uzhavar Sandhai )
Tamil Nadu,Chengalpattu,Guduvancheri (Uzhavar Sandhai ) APMC
Tamil Nadu,Chengalpattu,Jameenrayapettai (Uzhavar Sandhai )
Tamil Nadu,Chengalpattu,Jameenrayapettai (Uzhavar Sandhai ) APMC
Tamil Nadu,Chengalpattu,Keelkattalai (Uzhavar Sandhai )
Tamil Nadu,Chengalpattu,Madhuranthagam (Uzhavar Sandhai )
Tamil Nadu,Chengalpattu,Madhuranthagam (Uzhavar Sandhai ) APMC
Tamil Nadu,Chengalpattu,Medavakkam (Uzhavar Sandhai )
Tamil Nadu,Chengalpattu,Medavakkam (Uzhavar Sandhai ) APMC
Tamil Nadu,Chengalpattu,Nanganallur (Uzhavar Sandhai )
Tamil Nadu,Chengalpattu,Nanganallur (Uzhavar Sandhai ) APMC
Tamil Nadu,Chengalpattu,Pallavaram (Uzhavar Sandhai )
Tamil Nadu,Chengalpattu,Pallavaram (Uzhavar Sandhai ) APMC
Tamil Nadu,Chengalpattu,Thirukalukundram (Uzhavar Sandhai )
Tamil Nadu,Chengalpattu,Thirukalukundram (Uzhavar Sandhai ) APMC
Tamil Nadu,Coimbatore,Anaimalai
Tamil Nadu,Coimbatore,Annur
Tamil Nadu,Coimbatore,Chengeri
Tamil Nadu,Coimbatore,Coimbatore
Tamil Nadu,Coimbatore,Karamadai
Tamil Nadu,Coimbatore,Kianthukadavu
Tamil Nadu,Coimbatore,Kurichi (Uzhavar Sandhai )
Tamil Nadu,Coimbatore,Kurichi (Uzhavar Sandhai ) APMC
Tamil Nadu,Coimbatore,Madathukulam
Tamil Nadu,Coimbatore,Mettupalayam (Uzhavar Sandhai )
Tamil Nadu,Coimbatore,Mettupalayam (Uzhavar Sandhai ) APMC
Tamil Nadu,Coimbatore,Negamam
Tamil Nadu,Coimbatore,Palladam
Tamil Nadu,Coimbatore,Pethappampatti
Tamil Nadu,Coimbatore,Pollachi
Tamil Nadu,Coimbatore,Pollachi (Uzhavar Sandhai )
Tamil Nadu,Coimbatore,Pollachi (Uzhavar Sandhai ) APMC
Tamil Nadu,Coimbatore,Pongalur
Tamil Nadu,Coimbatore,Pudupalayam
Tamil Nadu,Coimbatore,RSPuram (Uzhavar Sandhai )
Tamil Nadu,Coimbatore,RSPuram (Uzhavar Sandhai ) APMC
Tamil Nadu,Coimbatore,Senjeri
Tamil Nadu,Coimbatore,Sevur
Tamil Nadu,Coimbatore,Singanallur (Uzhavar Sandhai )
Tamil Nadu,Coimbatore,Singanallur (Uzhavar Sandhai ) APMC
Tamil Nadu,Coimbatore,Sulur
Tamil Nadu,Coimbatore,Sulur (Uzhavar Sandhai )
Tamil Nadu,Coimbatore,Sulur (Uzhavar Sandhai ) APMC
Tamil Nadu,Coimbatore,Sundarapuram (Uzhavar Sandhai )
Tamil Nadu,Coimbatore,Sundarapuram (Uzhavar Sandhai ) APMC
Tamil Nadu,Coimbatore,Thiruppur
Tamil Nadu,Coimbatore,Thondamuthur
Tamil Nadu,Coimbatore,Udumalpet
Tamil Nadu,Coimbatore,Udumalpet APMC
Tamil Nadu,Coimbatore,Vadavalli (Uzhavar Sandhai )
Tamil Nadu,Coimbatore,Vadavalli (Uzhavar Sandhai ) APMC
Tamil Nadu,Cuddalore,Bhuvanagiri
Tamil Nadu,Cuddalore,Chidambaram
Tamil Nadu,Cuddalore,Chidambaram (Uzhavar Sandhai )
Tamil Nadu,Cuddalore,Chidambaram (Uzhavar Sandhai ) APMC
Tamil Nadu,Cuddalore,Cuddalore
Tamil Nadu,Cuddalore,Cuddalore (Uzhavar Sandhai )
Tamil Nadu,Cuddalore,Cuddalore (Uzhavar Sandhai ) APMC
Tamil Nadu,Cuddalore,Kattumaner koil
Tamil Nadu,Cuddalore,Kurinchipadi
Tamil Nadu,Cuddalore,Panruti
Tamil Nadu,Cuddalore,Panruti (Uzhavar Sandhai )
Tamil Nadu,Cuddalore,Panruti (Uzhavar Sandhai ) APMC
Tamil Nadu,Cuddalore,Panruti APMC
Tamil Nadu,Cuddalore,Sethiathoppu
Tamil Nadu,Cuddalore,Shrimushnam
Tamil Nadu,Cuddalore,Tittakudi
Tamil Nadu,Cuddalore,Virudhachalam
Tamil Nadu,Cuddalore,Virudhachalam APMC
Tamil Nadu,Cuddalore,Viruthachalam (Uzhavar Sandhai )
Tamil Nadu,Cuddalore,Viruthachalam (Uzhavar Sandhai ) APMC
Tamil Nadu,Dharmapuri,AJattihalli (Uzhavar Sandhai )
Tamil Nadu,Dharmapuri,AJattihalli (Uzhavar Sandhai ) APMC
Tamil Nadu,Dharmapuri,Arur
Tamil Nadu,Dharmapuri,Dharampuri
Tamil Nadu,Dharmapuri,Dharmapuri (Uzhavar Sandhai )
Tamil Nadu,Dharmapuri,Dharmapuri (Uzhavar Sandhai ) APMC
Tamil Nadu,Dharmapuri,Harur (Uzhavar Sandhai )
Tamil Nadu,Dharmapuri,Harur (Uzhavar Sandhai ) APMC
Tamil Nadu,Dharmapuri,Kambainallur
Tamil Nadu,Dharmapuri,Palacode (Uzhavar Sandhai )
Tamil Nadu,Dharmapuri,Palacode (Uzhavar Sandhai ) APMC
Tamil Nadu,Dharmapuri,Palakode
Tamil Nadu,Dharmapuri,Papparapatti
Tamil Nadu,Dharmapuri,Pappireddipatti
Tamil Nadu,Dharmapuri,Pennagaram
Tamil Nadu,Dharmapuri,Pennagaram (Uzhavar Sandhai )
Tamil Nadu,Dharmapuri,Pennagaram (Uzhavar Sandhai ) APMC
Tamil Nadu,Dindigul,Chinnalapatti (Uzhavar Sandhai )
Tamil Nadu,Dindigul,Chinnalapatti (Uzhavar Sandhai ) APMC
Tamil Nadu,Dindigul,Dindigul
Tamil Nadu,Dindigul,Dindigul (Uzhavar Sandhai )
Tamil Nadu,Dindigul,Dindigul (Uzhavar Sandhai ) APMC
Tamil Nadu,Dindigul,Gopalpatti
Tamil Nadu,Dindigul,Kodaikkanal (Uzhavar Sandhai )
Tamil Nadu,Dindigul,Kodaikkanal (Uzhavar Sandhai ) APMC
Tamil Nadu,Dindigul,Natham
Tamil Nadu,Dindigul,Oddunchairum
Tamil Nadu,Dindigul,Palani
Tamil Nadu,Dindigul,Palani (Uzhavar Sandhai )
Tamil Nadu,Dindigul,Palani (Uzhavar Sandhai ) APMC
Tamil Nadu,Dindigul,Palani APMC
Tamil Nadu,Dindigul,Vadamadurai
Tamil Nadu,Dindigul,Vathlagundu
Tamil Nadu,Dindigul,Vedachandur
Tamil Nadu,Dindigul,Vedasanthur (Uzhavar Sandhai )
Tamil Nadu,Dindigul,Vedasanthur (Uzhavar Sandhai ) APMC
Tamil Nadu,Erode,Alangeyam
Tamil Nadu,Erode,Anthiyur
Tamil Nadu,Erode,Avalpoonthurai
Tamil Nadu,Erode,Bhavani
Tamil Nadu,Erode,Boothapadi
Tamil Nadu,Erode,Boothapadi APMC
Tamil Nadu,Erode,Chithode
Tamil Nadu,Erode,Dharapuram
Tamil Nadu,Erode,Elumathur
Tamil Nadu,Erode,Erode
Tamil Nadu,Erode,Gobichettipalayam
Tamil Nadu,Erode,Gobichettipalayam (Uzhavar Sandhai )
Tamil Nadu,Erode,Gobichettipalayam (Uzhavar Sandhai ) APMC
Tamil Nadu,Erode,Kangeyam
Tamil Nadu,Erode,Kavunthapadi
Tamil Nadu,Erode,Kodumudi
Tamil Nadu,Erode,Kunnathur
Tamil Nadu,Erode,Maylampadi
Tamil Nadu,Erode,Moolanur
Tamil Nadu,Erode,Muthur
Tamil Nadu,Erode,Mylampadi
Tamil Nadu,Erode,Nambiyur
Tamil Nadu,Erode,Periyar Nagar (Uzhavar Sandhai )
Tamil Nadu,Erode,Periyar Nagar (Uzhavar Sandhai ) APMC
Tamil Nadu,Erode,Perundurai
Tamil Nadu,Erode,Perundurai (Uzhavar Sandhai )
Tamil Nadu,Erode,Perundurai (Uzhavar Sandhai ) APMC
Tamil Nadu,Erode,Punchaipuliyampatti
Tamil Nadu,Erode,Sampath Nagar (Uzhavar Sandhai )
Tamil Nadu,Erode,Sampath Nagar (Uzhavar Sandhai ) APMC
Tamil Nadu,Erode,Sathiyamagalam (Uzhavar Sandhai )
Tamil Nadu,Erode,Sathiyamagalam (Uzhavar Sandhai ) APMC
Tamil Nadu,Erode,Sathyamangalam
Tamil Nadu,Erode,Sivagiri
Tamil Nadu,Erode,Thalavadi
Tamil Nadu,Erode,Thalavadi (Uzhavar Sandhai )
Tamil Nadu,Erode,Thalavadi (Uzhavar Sandhai ) APMC
Tamil Nadu,Erode,Vellakkoil
Tamil Nadu,Erode,Vellankoil
Tamil Nadu,Kallakuruchi,Kallakurichi (Uzhavar Sandhai )
Tamil Nadu,Kallakuruchi,Kallakurichi (Uzhavar Sandhai ) APMC
Tamil Nadu,Kallakuruchi,Sankarapuram (Uzhavar Sandhai )
Tamil Nadu,Kallakuruchi,Sankarapuram (Uzhavar Sandhai ) APMC
Tamil Nadu,Kancheepuram,Acharapakkam
Tamil Nadu,Kancheepuram,Chengalpattu
Tamil Nadu,Kancheepuram,Gummidipoondy
Tamil Nadu,Kancheepuram,Gummidipoondy APMC
Tamil Nadu,Kancheepuram,Kancheepuram (Uzhavar Sandhai )
Tamil Nadu,Kancheepuram,Kancheepuram (Uzhavar Sandhai ) APMC
Tamil Nadu,Kancheepuram,Kanchipuram
Tamil Nadu,Kancheepuram,Kanchipuram APMC
Tamil Nadu,Kancheepuram,Kundrathur (Uzhavar Sandhai )
Tamil Nadu,Kancheepuram,Kundrathur (Uzhavar Sandhai ) APMC
Tamil Nadu,Kancheepuram,Maduranthagam
Tamil Nadu,Kancheepuram,Maduranthagam APMC
Tamil Nadu,Kancheepuram,Nazerethpet
Tamil Nadu,Kancheepuram,Padappai (Uzhavar Sandhai )
Tamil Nadu,Kancheepuram,Padappai (Uzhavar Sandhai ) APMC
Tamil Nadu,Kancheepuram,Pallipattu
Tamil Nadu,Kancheepuram,Pallipattu APMC
Tamil Nadu,Kancheepuram,Ponner
Tamil Nadu,Kancheepuram,Ponner APMC
Tamil Nadu,Kancheepuram,Sunguvarchatram
Tamil Nadu,Kancheepuram,Sunguvarchatram (Uzhavar Sandhai )
Tamil Nadu,Kancheepuram,Sunguvarchatram (Uzhavar Sandhai ) APMC
Tamil Nadu,Kancheepuram,Sunguvarchatram APMC
Tamil Nadu,Kancheepuram,Thirukkalukundram
Tamil Nadu,Kancheepuram,Thirukkalukundram APMC
Tamil Nadu,Kancheepuram,Tiruttani
Tamil Nadu,Kancheepuram,Uthiramerur
Tamil Nadu,Kancheepuram,Uthukottai
Tamil Nadu,Karur,Karur
Tamil Nadu,Karur,Karur (Uzhavar Sandhai )
Tamil Nadu,Karur,Karur (Uzhavar Sandhai ) APMC
Tamil Nadu,Karur,Kulithalai (Uzhavar Sandhai )
Tamil Nadu,Karur,Kulithalai (Uzhavar Sandhai ) APMC
Tamil Nadu,Karur,Pallapatti (Uzhavar Sandhai )
Tamil Nadu,Karur,Pallapatti (Uzhavar Sandhai ) APMC
Tamil Nadu,Karur,Velayuthampalayam (Uzhavar Sandhai )
Tamil Nadu,Karur,Velayuthampalayam (Uzhavar Sandhai ) APMC
Tamil Nadu,Krishnagiri,Avallapalli (Uzhavar Sandhai )
Tamil Nadu,Krishnagiri,Avallapalli (Uzhavar Sandhai ) APMC
Tamil Nadu,Krishnagiri,Bargur
Tamil Nadu,Krishnagiri,Denkanikottai
Tamil Nadu,Krishnagiri,Denkanikottai (Uzhavar Sandhai )
Tamil Nadu,Krishnagiri,Denkanikottai (Uzhavar Sandhai ) APMC
Tamil Nadu,Krishnagiri,Hosur
Tamil Nadu,Krishnagiri,Hosur (Uzhavar Sandhai )
Tamil Nadu,Krishnagiri,Hosur (Uzhavar Sandhai ) APMC
Tamil Nadu,Krishnagiri,Kaveripattinam (Uzhavar Sandhai )
Tamil Nadu,Krishnagiri,Kaveripattinam (Uzhavar Sandhai ) APMC
Tamil Nadu,Krishnagiri,Krishnagiri
Tamil Nadu,Krishnagiri,Krishnagiri (Uzhavar Sandhai )
Tamil Nadu,Krishnagiri,Krishnagiri (Uzhavar Sandhai ) APMC
Tamil Nadu,Krishnagiri,Pochampalli
Tamil Nadu,Krishnagiri,Uthangarai
Tamil Nadu,Madurai,Anaiyur (Uzhavar Sandhai )
Tamil Nadu,Madurai,Anaiyur (Uzhavar Sandhai ) APMC
Tamil Nadu,Madurai,Anna nagar (Uzhavar Sandhai )
Tamil Nadu,Madurai,Anna nagar (Uzhavar Sandhai ) APMC
Tamil Nadu,Madurai,Chokkikulam (Uzhavar Sandhai )
Tamil Nadu,Madurai,Chokkikulam (Uzhavar Sandhai ) APMC
Tamil Nadu,Madurai,Madurai
Tamil Nadu,Madurai,Madurai APMC
Tamil Nadu,Madurai,Melur
Tamil Nadu,Madurai,Melur (Uzhavar Sandhai )
Tamil Nadu,Madurai,Melur (Uzhavar Sandhai ) APMC
Tamil Nadu,Madurai,Palanganatham (Uzhavar Sandhai )
Tamil Nadu,Madurai,Palanganatham (Uzhavar Sandhai ) APMC
Tamil Nadu,Madurai,Thirumangalam
Tamil Nadu,Madurai,Thirumangalam (Uzhavar Sandhai )
Tamil Nadu,Madurai,Thirumangalam (Uzhavar Sandhai ) APMC
Tamil Nadu,Madurai,Usilampatti (Uzhavar Sandhai ) APMC
Tamil Nadu,Madurai,Usilampatty
Tamil Nadu,Nagapattinam,Kilvelur
Tamil Nadu,Nagapattinam,Kilvelur APMC
Tamil Nadu,Nagapattinam,Kuttulam
Tamil Nadu,Nagapattinam,Mailaduthurai
Tamil Nadu,Nagapattinam,Mayiladuthurai (Uzhavar Sandhai )
Tamil Nadu,Nagapattinam,Mayiladuthurai (Uzhavar Sandhai ) APMC
Tamil Nadu,Nagapattinam,Nagapattinam
Tamil Nadu,Nagapattinam,Nagapattinam (Uzhavar Sandhai )
Tamil Nadu,Nagapattinam,Nagapattinam (Uzhavar Sandhai ) APMC
Tamil Nadu,Nagapattinam,Sembanarkoil
Tamil Nadu,Nagapattinam,Sirkali
Tamil Nadu,Nagapattinam,Sirkali (Uzhavar Sandhai )
Tamil Nadu,Nagapattinam,Sirkali (Uzhavar Sandhai ) APMC
Tamil Nadu,Nagapattinam,Sirkali APMC
Tamil Nadu,Nagapattinam,Thirupoondi
Tamil Nadu,Nagapattinam,Vedaranyam
Tamil Nadu,Nagercoil (Kannyiakumari),Eathamozhi
Tamil Nadu,Nagercoil (Kannyiakumari),Kalliakavillai
Tamil Nadu,Nagercoil (Kannyiakumari),Kulasekaram
Tamil Nadu,Nagercoil (Kannyiakumari),Monday Market
Tamil Nadu,Nagercoil (Kannyiakumari),Myladi (Uzhavar Sandhai )
Tamil Nadu,Nagercoil (Kannyiakumari),Myladi (Uzhavar Sandhai ) APMC
Tamil Nadu,Nagercoil (Kannyiakumari),Thoduvetty
Tamil Nadu,Nagercoil (Kannyiakumari),Vadaseri
Tamil Nadu,Nagercoil (Kannyiakumari),Vadaseri APMC
Tamil Nadu,Namakkal,Kumarapalayam (Uzhavar Sandhai )
Tamil Nadu,Namakkal,Kumarapalayam (Uzhavar Sandhai ) APMC
Tamil Nadu,Namakkal,Mohanur (Uzhavar Sandhai )
Tamil Nadu,Namakkal,Mohanur (Uzhavar Sandhai ) APMC
Tamil Nadu,Namakkal,Namagiripettai
Tamil Nadu,Namakkal,Namakkal
Tamil Nadu,Namakkal,Namakkal (Uzhavar Sandhai )
Tamil Nadu,Namakkal,Namakkal (Uzhavar Sandhai ) APMC
Tamil Nadu,Namakkal,Paramathivelur (Uzhavar Sandhai )
Tamil Nadu,Namakkal,Paramathivelur (Uzhavar Sandhai ) APMC
Tamil Nadu,Namakkal,Rasipuram
Tamil Nadu,Namakkal,Rasipuram (Uzhavar Sandhai )
Tamil Nadu,Namakkal,Rasipuram (Uzhavar Sandhai ) APMC
Tamil Nadu,Namakkal,Tiruchengode
Tamil Nadu,Namakkal,Tiruchengode APMC
Tamil Nadu,Namakkal,Velur
Tamil Nadu,Perambalur,Perambalur (Uzhavar Sandhai )
Tamil Nadu,Perambalur,Perambalur (Uzhavar Sandhai ) APMC
Tamil Nadu,Pudukkottai,Alangudi
Tamil Nadu,Pudukkottai,Alangudi (Uzhavar Sandhai )
Tamil Nadu,Pudukkottai,Alangudi (Uzhavar Sandhai ) APMC
Tamil Nadu,Pudukkottai,Aranthangi
Tamil Nadu,Pudukkottai,Aranthangi (Uzhavar Sandhai )
Tamil Nadu,Pudukkottai,Aranthangi (Uzhavar Sandhai ) APMC
Tamil Nadu,Pudukkottai,Aranthangi APMC
Tamil Nadu,Pudukkottai,Gandarvakottai (Uzhavar Sandhai )
Tamil Nadu,Pudukkottai,Gandarvakottai (Uzhavar Sandhai ) APMC
Tamil Nadu,Pudukkottai,Karambakkudi (Uzhavar Sandhai )
Tamil Nadu,Pudukkottai,Karambakkudi (Uzhavar Sandhai ) APMC
Tamil Nadu,Pudukkottai,Pudukottai
Tamil Nadu,Pudukkottai,Pudukottai (Uzhavar Sandhai )
Tamil Nadu,Pudukkottai,Pudukottai (Uzhavar Sandhai ) APMC
Tamil Nadu,Pudukkottai,Viralimalai (Uzhavar Sandhai )
Tamil Nadu,Pudukkottai,Viralimalai (Uzhavar Sandhai ) APMC
Tamil Nadu,Ramanathapuram,Kamuthi
Tamil Nadu,Ramanathapuram,Kamuthi (Uzhavar Sandhai )
Tamil Nadu,Ramanathapuram,Kamuthi (Uzhavar Sandhai ) APMC
Tamil Nadu,Ramanathapuram,Paramakudi
Tamil Nadu,Ramanathapuram,Paramakudi (Uzhavar Sandhai )
Tamil Nadu,Ramanathapuram,Paramakudi (Uzhavar Sandhai ) APMC
Tamil Nadu,Ramanathapuram,Rajasingamangalam
Tamil Nadu,Ramanathapuram,Ramanathapuram (Uzhavar Sandhai )
Tamil Nadu,Ramanathapuram,Ramanathapuram (Uzhavar Sandhai ) APMC
Tamil Nadu,Ramanathapuram,Ramanathapuram (phase 3)
Tamil Nadu,Ramanathapuram,Sivagangai
Tamil Nadu,Ranipet,Arcot (Uzhavar Sandhai )
Tamil Nadu,Ranipet,Arcot (Uzhavar Sandhai ) APMC
Tamil Nadu,Ranipet,Ranipettai (Uzhavar Sandhai )
Tamil Nadu,Ranipet,Ranipettai (Uzhavar Sandhai ) APMC
Tamil Nadu,Salem,Ammapet (Uzhavar Sandhai )
Tamil Nadu,Salem,Ammapet (Uzhavar Sandhai ) APMC
Tamil Nadu,Salem,Athur (Uzhavar Sandhai )
Tamil Nadu,Salem,Athur (Uzhavar Sandhai ) APMC
Tamil Nadu,Salem,Attayampatti (Uzhavar Sandhai )
Tamil Nadu,Salem,Attayampatti (Uzhavar Sandhai ) APMC
Tamil Nadu,Salem,Attur
Tamil Nadu,Salem,Edapadi (Uzhavar Sandhai )
Tamil Nadu,Salem,Edapadi (Uzhavar Sandhai ) APMC
Tamil Nadu,Salem,Edappadi
Tamil Nadu,Salem,Elampillai (Uzhavar Sandhai )
Tamil Nadu,Salem,Elampillai (Uzhavar Sandhai ) APMC
Tamil Nadu,Salem,Gangavalli
Tamil Nadu,Salem,Hasthampatti (Uzhavar Sandhai )
Tamil Nadu,Salem,Hasthampatti (Uzhavar Sandhai ) APMC
Tamil Nadu,Salem,Jalagandapuram (Uzhavar Sandhai )
Tamil Nadu,Salem,Jalagandapuram (Uzhavar Sandhai ) APMC
Tamil Nadu,Salem,Kadaiyampatti
Tamil Nadu,Salem,Karumanturai
Tamil Nadu,Salem,Kolathur
Tamil Nadu,Salem,Konganapuram
Tamil Nadu,Salem,Mecheri
Tamil Nadu,Salem,Mettur (Uzhavar Sandhai )
Tamil Nadu,Salem,Mettur (Uzhavar Sandhai ) APMC
Tamil Nadu,Salem,Omalur
Tamil Nadu,Salem,Salem
Tamil Nadu,Salem,Sankagiri
Tamil Nadu,Salem,Sooramangalam (Uzhavar Sandhai )
Tamil Nadu,Salem,Sooramangalam (Uzhavar Sandhai ) APMC
Tamil Nadu,Salem,Thalaivasal
Tamil Nadu,Salem,Thammampati
Tamil Nadu,Salem,Thammampatti (Uzhavar Sandhai )
Tamil Nadu,Salem,Thammampatti (Uzhavar Sandhai ) APMC
Tamil Nadu,Salem,Thathakapatti (Uzhavar Sandhai )
Tamil Nadu,Salem,Thathakapatti (Uzhavar Sandhai ) APMC
Tamil Nadu,Salem,Vazhapadi
Tamil Nadu,Sivaganga,Devakottai
Tamil Nadu,Sivaganga,Devakottai (Uzhavar Sandhai )
Tamil Nadu,Sivaganga,Devakottai (Uzhavar Sandhai ) APMC
Tamil Nadu,Sivaganga,Devakottai APMC
Tamil Nadu,Sivaganga,Karaikudi
Tamil Nadu,Sivaganga,Karaikudi (Uzhavar Sandhai )
Tamil Nadu,Sivaganga,Karaikudi (Uzhavar Sandhai ) APMC
Tamil Nadu,Sivaganga,Manamadurai
Tamil Nadu,Sivaganga,Singampunari (Uzhavar Sandhai )
Tamil Nadu,Sivaganga,Singampunari (Uzhavar Sandhai ) APMC
Tamil Nadu,Sivaganga,Singampuneri
Tamil Nadu,Sivaganga,Sivagangai (Uzhavar Sandhai )
Tamil Nadu,Sivaganga,Sivagangai (Uzhavar Sandhai ) APMC
Tamil Nadu,Sivaganga,Tirupatthur (Uzhavar Sandhai )
Tamil Nadu,Sivaganga,Tirupatthur (Uzhavar Sandhai ) APMC
Tamil Nadu,Tenkasi,Sankarankoil (Uzhavar Sandhai )
Tamil Nadu,Tenkasi,Sankarankoil (Uzhavar Sandhai ) APMC
Tamil Nadu,Tenkasi,Tenkasi (Uzhavar Sandhai )
Tamil Nadu,Tenkasi,Tenkasi (Uzhavar Sandhai ) APMC
Tamil Nadu,Thanjavur,Budalur
Tamil Nadu,Thanjavur,Budalur APMC
Tamil Nadu,Thanjavur,Kumbakonam
Tamil Nadu,Thanjavur,Kumbakonam (Uzhavar Sandhai )
Tamil Nadu,Thanjavur,Kumbakonam (Uzhavar Sandhai ) APMC
Tamil Nadu,Thanjavur,Orathanadu
Tamil Nadu,Thanjavur,Papanasam
Tamil Nadu,Thanjavur,Papanasam (Uzhavar Sandhai )
Tamil Nadu,Thanjavur,Papanasam (Uzhavar Sandhai ) APMC
Tamil Nadu,Thanjavur,Pattukottai
Tamil Nadu,Thanjavur,Pattukottai (Uzhavar Sandhai )
Tamil Nadu,Thanjavur,Pattukottai (Uzhavar Sandhai ) APMC
Tamil Nadu,Thanjavur,Thanjavur
Tamil Nadu,Thanjavur,Thanjavur (Uzhavar Sandhai )
Tamil Nadu,Thanjavur,Thanjavur (Uzhavar Sandhai ) APMC
Tamil Nadu,Thanjavur,Thanjavur APMC
Tamil Nadu,Thanjavur,Thiruppananthal
Tamil Nadu,Thanjavur,Vallam
Tamil Nadu,Thanjavur,Vallam APMC
Tamil Nadu,The Nilgiris,Coonoor (Uzhavar Sandhai )
Tamil Nadu,The Nilgiris,Coonoor (Uzhavar Sandhai ) APMC
Tamil Nadu,The Nilgiris,Gudalur (Uzhavar Sandhai )
Tamil Nadu,The Nilgiris,Gudalur (Uzhavar Sandhai ) APMC
Tamil Nadu,The Nilgiris,Kothagiri (Uzhavar Sandhai )
Tamil Nadu,The Nilgiris,Udhagamandalam (Uzhavar Sandhai )
Tamil Nadu,The Nilgiris,Udhagamandalam (Uzhavar Sandhai ) APMC
Tamil Nadu,Theni,Andipatti (Uzhavar Sandhai )
Tamil Nadu,Theni,Andipatti (Uzhavar Sandhai ) APMC
Tamil Nadu,Theni,Bodinayakanur (Uzhavar Sandhai )
Tamil Nadu,Theni,Bodinayakanur (Uzhavar Sandhai ) APMC
Tamil Nadu,Theni,Bodinayakkanur
Tamil Nadu,Theni,Chinnamanur
Tamil Nadu,Theni,Chinnamanur (Uzhavar Sandhai )
Tamil Nadu,Theni,Chinnamanur (Uzhavar Sandhai ) APMC
Tamil Nadu,Theni,Cumbum
Tamil Nadu,Theni,Devaram (Uzhavar Sandhai )
Tamil Nadu,Theni,Devaram (Uzhavar Sandhai ) APMC
Tamil Nadu,Theni,Kambam (Uzhavar Sandhai )
Tamil Nadu,Theni,Kambam (Uzhavar Sandhai ) APMC
Tamil Nadu,Theni,Periyakulam (Uzhavar Sandhai )
Tamil Nadu,Theni,Periyakulam (Uzhavar Sandhai ) APMC
Tamil Nadu,Theni,Theni
Tamil Nadu,Theni,Theni (Uzhavar Sandhai )
Tamil Nadu,Theni,Theni (Uzhavar Sandhai ) APMC
Tamil Nadu,Thiruchirappalli,KKNagar (Uzhavar Sandhai )
Tamil Nadu,Thiruchirappalli,Lalgudi
Tamil Nadu,Thiruchirappalli,Lalgudi (Uzhavar Sandhai )
Tamil Nadu,Thiruchirappalli,Lalgudi (Uzhavar Sandhai ) APMC
Tamil Nadu,Thiruchirappalli,Manachanallur
Tamil Nadu,Thiruchirappalli,Manachanallur (Uzhavar Sandhai )
Tamil Nadu,Thiruchirappalli,Manachanallur (Uzhavar Sandhai ) APMC
Tamil Nadu,Thiruchirappalli,Manapparai
Tamil Nadu,Thiruchirappalli,Manapparai (Uzhavar Sandhai )
Tamil Nadu,Thiruchirappalli,Manapparai (Uzhavar Sandhai ) APMC
Tamil Nadu,Thiruchirappalli,Musiri (Uzhavar Sandhai )
Tamil Nadu,Thiruchirappalli,Musiri (Uzhavar Sandhai ) APMC
Tamil Nadu,Thiruchirappalli,Thuraiyur
Tamil Nadu,Thiruchirappalli,Thuraiyur APMC
Tamil Nadu,Thiruchirappalli,Trichy
Tamil Nadu,Thiruchirappalli,Trichy APMC
Tamil Nadu,Thirunelveli,Ambasamudram
Tamil Nadu,Thirunelveli,Ambasamudram (Uzhavar Sandhai )
Tamil Nadu,Thirunelveli,Ambasamudram (Uzhavar Sandhai ) APMC
Tamil Nadu,Thirunelveli,Ambasamudram APMC
Tamil Nadu,Thirunelveli,Kandiyaperi (Uzhavar Sandhai )
Tamil Nadu,Thirunelveli,Kandiyaperi (Uzhavar Sandhai ) APMC
Tamil Nadu,Thirunelveli,Melapalayam (Uzhavar Sandhai )
Tamil Nadu,Thirunelveli,Melapalayam (Uzhavar Sandhai ) APMC
Tamil Nadu,Thirunelveli,NGO Colony (Uzhavar Sandhai )
Tamil Nadu,Thirunelveli,NGO Colony (Uzhavar Sandhai ) APMC
Tamil Nadu,Thirunelveli,Palayamkottai (Uzhavar Sandhai )
Tamil Nadu,Thirunelveli,Palayamkottai (Uzhavar Sandhai ) APMC
Tamil Nadu,Thirunelveli,Sankarankovil
Tamil Nadu,Thirunelveli,Thenkasi
Tamil Nadu,Thirunelveli,Tirunelvali
Tamil Nadu,Thirupathur,Natrampalli (Uzhavar Sandhai )
Tamil Nadu,Thirupathur,Natrampalli (Uzhavar Sandhai ) APMC
Tamil Nadu,Thirupathur,Vaniyampadi (Uzhavar Sandhai )
Tamil Nadu,Thirupathur,Vaniyampadi (Uzhavar Sandhai ) APMC
Tamil Nadu,Thirupur,Dharapuram (Uzhavar Sandhai )
Tamil Nadu,Thirupur,Dharapuram (Uzhavar Sandhai ) APMC
Tamil Nadu,Thirupur,Kangayam (Uzhavar Sandhai )
Tamil Nadu,Thirupur,Kangayam (Uzhavar Sandhai ) APMC
Tamil Nadu,Thirupur,Palladam (Uzhavar Sandhai )
Tamil Nadu,Thirupur,Palladam (Uzhavar Sandhai ) APMC
Tamil Nadu,Thirupur,Tiruppur (North) (Uzhavar Sandhai )
Tamil Nadu,Thirupur,Tiruppur (North) (Uzhavar Sandhai ) APMC
Tamil Nadu,Thirupur,Tiruppur (South) (Uzhavar Sandhai )
Tamil Nadu,Thirupur,Tiruppur (South) (Uzhavar Sandhai ) APMC
Tamil Nadu,Thiruvannamalai,Arani
Tamil Nadu,Thiruvannamalai,Arani (Uzhavar Sandhai )
Tamil Nadu,Thiruvannamalai,Arani (Uzhavar Sandhai ) APMC
Tamil Nadu,Thiruvannamalai,Arani APMC
Tamil Nadu,Thiruvannamalai,Chengam
Tamil Nadu,Thiruvannamalai,Chengam (Uzhavar Sandhai )
Tamil Nadu,Thiruvannamalai,Chengam (Uzhavar Sandhai ) APMC
Tamil Nadu,Thiruvannamalai,Chethupattu
Tamil Nadu,Thiruvannamalai,Chetpet APMC
Tamil Nadu,Thiruvannamalai,Cheyyar
Tamil Nadu,Thiruvannamalai,Cheyyar (Uzhavar Sandhai )
Tamil Nadu,Thiruvannamalai,Cheyyar (Uzhavar Sandhai ) APMC
Tamil Nadu,Thiruvannamalai,Cheyyar APMC
Tamil Nadu,Thiruvannamalai,Desur
Tamil Nadu,Thiruvannamalai,Desur APMC
Tamil Nadu,Thiruvannamalai,Dusi
Tamil Nadu,Thiruvannamalai,Keelpennathur (Uzhavar Sandhai )
Tamil Nadu,Thiruvannamalai,Keelpennathur (Uzhavar Sandhai ) APMC
Tamil Nadu,Thiruvannamalai,Kilpennathur
Tamil Nadu,Thiruvannamalai,Kilpennathur APMC
Tamil Nadu,Thiruvannamalai,Pernamallur
Tamil Nadu,Thiruvannamalai,Pernamallur APMC
Tamil Nadu,Thiruvannamalai,Polur (Thiruvannamalai)
Tamil Nadu,Thiruvannamalai,Polur (Thiruvannamalai) APMC
Tamil Nadu,Thiruvannamalai,Polur (Uzhavar Sandhai )
Tamil Nadu,Thiruvannamalai,Polur (Uzhavar Sandhai ) APMC
Tamil Nadu,Thiruvannamalai,Tamarainagar (Uzhavar Sandhai )
Tamil Nadu,Thiruvannamalai,Tamarainagar (Uzhavar Sandhai ) APMC
Tamil Nadu,Thiruvannamalai,Thellar
Tamil Nadu,Thiruvannamalai,Thiruvannamalai
Tamil Nadu,Thiruvannamalai,Tiruvannamalai (Uzhavar Sandhai )
Tamil Nadu,Thiruvannamalai,Tiruvannamalai (Uzhavar Sandhai ) APMC
Tamil Nadu,Thiruvannamalai,Vanapuram
Tamil Nadu,Thiruvannamalai,Vandavasi
Tamil Nadu,Thiruvannamalai,Vandavasi (Uzhavar Sandhai )
Tamil Nadu,Thiruvannamalai,Vandavasi (Uzhavar Sandhai ) APMC
Tamil Nadu,Thiruvannamalai,Vettavalam
Tamil Nadu,Thiruvarur,Koradacheri
Tamil Nadu,Thiruvarur,Kudavasal
Tamil Nadu,Thiruvarur,Mannargudi
Tamil Nadu,Thiruvarur,Mannargudi APMC
Tamil Nadu,Thiruvarur,Mannargudi I (Uzhavar Sandhai )
Tamil Nadu,Thiruvarur,Mannargudi I (Uzhavar Sandhai ) APMC
Tamil Nadu,Thiruvarur,Mannargudi II (Uzhavar Sandhai )
Tamil Nadu,Thiruvarur,Mannargudi II (Uzhavar Sandhai ) APMC
Tamil Nadu,Thiruvarur,Mannarkudi
Tamil Nadu,Thiruvarur,Muthupettai (Uzhavar Sandhai )
Tamil Nadu,Thiruvarur,Muthupettai (Uzhavar Sandhai ) APMC
Tamil Nadu,Thiruvarur,Needamangalam (Uzhavar Sandhai )
Tamil Nadu,Thiruvarur,Needamangalam (Uzhavar Sandhai ) APMC
Tamil Nadu,Thiruvarur,Poonthottam
Tamil Nadu,Thiruvarur,Thiruvarur
Tamil Nadu,Thiruvarur,Tiruthuraipoondi
Tamil Nadu,Thiruvarur,Tiruthuraipoondi (Uzhavar Sandhai )
Tamil Nadu,Thiruvarur,Tiruthuraipoondi (Uzhavar Sandhai ) APMC
Tamil Nadu,Thiruvarur,Tiruvarur (Uzhavar Sandhai )
Tamil Nadu,Thiruvarur,Tiruvarur (Uzhavar Sandhai ) APMC
Tamil Nadu,Thiruvarur,Vaduvur
Tamil Nadu,Thiruvarur,Valangaiman
Tamil Nadu,Thiruvarur,Valangaiman APMC
Tamil Nadu,Thiruvellore,Ambattur (Uzhavar Sandhai )
Tamil Nadu,Thiruvellore,Ambattur (Uzhavar Sandhai ) APMC
Tamil Nadu,Thiruvellore,Naravarikuppam (Uzhavar Sandhai )
Tamil Nadu,Thiruvellore,Naravarikuppam (Uzhavar Sandhai ) APMC
Tamil Nadu,Thiruvellore,Paruthipattu (Uzhavar Sandhai )
Tamil Nadu,Thiruvellore,Paruthipattu (Uzhavar Sandhai ) APMC
Tamil Nadu,Thiruvellore,Perambakkam (Uzhavar Sandhai )
Tamil Nadu,Thiruvellore,Perambakkam (Uzhavar Sandhai ) APMC
Tamil Nadu,Thiruvellore,Redhills
Tamil Nadu,Thiruvellore,Tiruvallur (Uzhavar Sandhai )
Tamil Nadu,Thiruvellore,Tiruvallur (Uzhavar Sandhai ) APMC
Tamil Nadu,Thiruvellore,Tiruvellore
Tamil Nadu,Thiruvellore,Tiruvellore APMC
Tamil Nadu,Tuticorin,Kovilpatti
Tamil Nadu,Tuticorin,Kovilpatti (Uzhavar Sandhai )
Tamil Nadu,Tuticorin,Kovilpatti (Uzhavar Sandhai ) APMC
Tamil Nadu,Tuticorin,Thoothukudi
Tamil Nadu,Tuticorin,Thoothukudi APMC
Tamil Nadu,Tuticorin,Tuticorin (Uzhavar Sandhai )
Tamil Nadu,Tuticorin,Tuticorin (Uzhavar Sandhai ) APMC
Tamil Nadu,Tuticorin,Vilathikulam
Tamil Nadu,Vellore,Ambur
Tamil Nadu,Vellore,Ambur APMC
Tamil Nadu,Vellore,Ammoor
Tamil Nadu,Vellore,Ammoor APMC
Tamil Nadu,Vellore,Arcot
Tamil Nadu,Vellore,Arkonam
Tamil Nadu,Vellore,Gudiyatham
Tamil Nadu,Vellore,Gudiyatham (Uzhavar Sandhai )
Tamil Nadu,Vellore,Gudiyatham (Uzhavar Sandhai ) APMC
Tamil Nadu,Vellore,Kahithapattarai (Uzhavar Sandhai )
Tamil Nadu,Vellore,Kahithapattarai (Uzhavar Sandhai ) APMC
Tamil Nadu,Vellore,Kalavai
Tamil Nadu,Vellore,Katpadi
Tamil Nadu,Vellore,Katpadi (Uzhavar Sandhai )
Tamil Nadu,Vellore,Katpadi (Uzhavar Sandhai ) APMC
Tamil Nadu,Vellore,Katpadi (Uzhavar Santhai)
Tamil Nadu,Vellore,Kaveripakkam
Tamil Nadu,Vellore,Thimiri
Tamil Nadu,Vellore,Thirupathur
Tamil Nadu,Vellore,Thirupathur APMC
Tamil Nadu,Vellore,Vaniyambadi
Tamil Nadu,Vellore,Vellore
Tamil Nadu,Vellore,Vellore APMC
Tamil Nadu,Villupuram,Ananthapuram
Tamil Nadu,Villupuram,Avalurpet
Tamil Nadu,Villupuram,Avalurpet APMC
Tamil Nadu,Villupuram,Chinnasalem
Tamil Nadu,Villupuram,Gingee
Tamil Nadu,Villupuram,Gingee (Uzhavar Sandhai )
Tamil Nadu,Villupuram,Gingee (Uzhavar Sandhai ) APMC
Tamil Nadu,Villupuram,Gingee APMC
Tamil Nadu,Villupuram,Kallakurichi
Tamil Nadu,Villupuram,Manalurpet
Tamil Nadu,Villupuram,Manalurpettai
Tamil Nadu,Villupuram,Manalurpettai APMC
Tamil Nadu,Villupuram,Sangarapuram
Tamil Nadu,Villupuram,Sangarapuram APMC
Tamil Nadu,Villupuram,Thirukovilur
Tamil Nadu,Villupuram,Thirukovilur APMC
Tamil Nadu,Villupuram,Thiruvennainallur
Tamil Nadu,Villupuram,Thiryagadurgam
Tamil Nadu,Villupuram,Tindivanam
Tamil Nadu,Villupuram,Tindivanam APMC
Tamil Nadu,Villupuram,Tiruvennainallur
Tamil Nadu,Villupuram,Ulundurpettai
Tamil Nadu,Villupuram,Ulundurpettai APMC
Tamil Nadu,Villupuram,Valathi
Tamil Nadu,Villupuram,Vikkiravandi
Tamil Nadu,Villupuram,Vikkiravandi APMC
Tamil Nadu,Villupuram,Villupuram
Tamil Nadu,Villupuram,Villupuram APMC
Tamil Nadu,Virudhunagar,Aruppukottai
Tamil Nadu,Virudhunagar,Aruppukottai (Uzhavar Sandhai )
Tamil Nadu,Virudhunagar,Aruppukottai (Uzhavar Sandhai ) APMC
Tamil Nadu,Virudhunagar,Kariyapatti (Uzhavar Sandhai )
Tamil Nadu,Virudhunagar,Kariyapatti (Uzhavar Sandhai ) APMC
Tamil Nadu,Virudhunagar,Rajapalayam
Tamil Nadu,Virudhunagar,Rajapalayam (Uzhavar Sandhai )
Tamil Nadu,Virudhunagar,Rajapalayam (Uzhavar Sandhai ) APMC
Tamil Nadu,Virudhunagar,Sathur
Tamil Nadu,Virudhunagar,Sathur (Uzhavar Sandhai )
Tamil Nadu,Virudhunagar,Sathur (Uzhavar Sandhai ) APMC
Tamil Nadu,Virudhunagar,Sathur APMC
Tamil Nadu,Virudhunagar,Sivakasi (Uzhavar Sandhai )
Tamil Nadu,Virudhunagar,Sivakasi (Uzhavar Sandhai ) APMC
Tamil Nadu,Virudhunagar,Srivilliputhur (Uzhavar Sandhai )
Tamil Nadu,Virudhunagar,Srivilliputhur (Uzhavar Sandhai ) APMC
Tamil Nadu,Virudhunagar,Thalavaipuram (Uzhavar Sandhai )
Tamil Nadu,Virudhunagar,Thalavaipuram (Uzhavar Sandhai ) APMC
Tamil Nadu,Virudhunagar,Virudhunagar
Tamil Nadu,Virudhunagar,Virudhunagar (Uzhavar Sandhai )
Tamil Nadu,Virudhunagar,Virudhunagar (Uzhavar Sandhai ) APMC
Telangana,Adilabad,Adilabad
Telangana,Adilabad,Adilabad (Rythu Bazar)
Telangana,Adilabad,Adilabad APMC
Telangana,Adilabad,Asifabad
Telangana,Adilabad,Asifabad APMC
Telangana,Adilabad,Bhainsa
Telangana,Adilabad,Bhainsa APMC
Telangana,Adilabad,Boath
Telangana,Adilabad,Chinnoar
Telangana,Adilabad,Ichoda
Telangana,Adilabad,Indravelly (Utnoor)
Telangana,Adilabad,Jainath
Telangana,Adilabad,Jainoor
Telangana,Adilabad,Kagaznagar
Telangana,Adilabad,Kagaznagar APMC
Telangana,Adilabad,Khanapur
Telangana,Adilabad,Kuber
Telangana,Adilabad,Kuber APMC
Telangana,Adilabad,Laxettipet
Telangana,Adilabad,Mancharial
Telangana,Adilabad,Mancharial APMC
Telangana,Adilabad,Nirmal
Telangana,Adilabad,Sarangapur
Telangana,Bhadradri Kothagudem,Nuguru Charla APMC
Telangana,Hyderabad,Bowenpally
Telangana,Hyderabad,Bowenpally APMC
Telangana,Hyderabad,Erragadda (Rythu Bazar)
Telangana,Hyderabad,Gaddiannaram
Telangana,Hyderabad,Gaddiannaram APMC
Telangana,Hyderabad,Gudimalkapur
Telangana,Hyderabad,Gudimalkapur APMC
Telangana,Hyderabad,Hyderabad (F&V)
Telangana,Hyderabad,Hyderabad (F&V) APMC
Telangana,Hyderabad,L B Nagar
Telangana,Hyderabad,Mahboob Manison
Telangana,Jagityal,Mallapur
Telangana,Jagityal,Mallapur APMC
Telangana,Karimnagar,Choppadandi
Telangana,Karimnagar,Choppadandi APMC
Telangana,Karimnagar,Dharmapuri
Telangana,Karimnagar,Dharmapuri APMC
Telangana,Karimnagar,Dharmaram
Telangana,Karimnagar,Gangadhara
Telangana,Karimnagar,Gollapally
Telangana,Karimnagar,Gollapally APMC
Telangana,Karimnagar,Gopalraopet
Telangana,Karimnagar,Husnabad
Telangana,Karimnagar,Husnabad APMC
Telangana,Karimnagar,Huzzurabad
Telangana,Karimnagar,Huzzurabad APMC
Telangana,Karimnagar,Ibrahimpatnam
Telangana,Karimnagar,Ibrahimpatnam APMC
Telangana,Karimnagar,Jagtial
Telangana,Karimnagar,Jagtial APMC
Telangana,Karimnagar,Jammikunta
Telangana,Karimnagar,Karimnagar
Telangana,Karimnagar,Karimnagar (Rythu Bazar)
Telangana,Karimnagar,Karimnagar APMC
Telangana,Karimnagar,Kataram
Telangana,Karimnagar,Kathalapur
Telangana,Karimnagar,Kathalapur APMC
Telangana,Karimnagar,Koratla
Telangana,Karimnagar,Mallial (Cheppial)
Telangana,Karimnagar,Manakodur
Telangana,Karimnagar,Manakodur APMC
Telangana,Karimnagar,Manthani
Telangana,Karimnagar,Medipally
Telangana,Karimnagar,Metpally
Telangana,Karimnagar,Metpally APMC
Telangana,Karimnagar,Peddapalli
Telangana,Karimnagar,Pothgal
Telangana,Karimnagar,Pudur
Telangana,Karimnagar,Sircilla
Telangana,Karimnagar,Sircilla APMC
Telangana,Karimnagar,Sultanabad
Telangana,Karimnagar,Sultanabad APMC
Telangana,Karimnagar,V.Saidapur APMC
Telangana,Karimnagar,Vemulawada
Telangana,Karimnagar,Vemulawada APMC
Telangana,Khammam,Bhadrachalam
Telangana,Khammam,Bhadrachalam APMC
Telangana,Khammam,Burgampadu
Telangana,Khammam,Burgampadu APMC
Telangana,Khammam,Charla
Telangana,Khammam,Dammapet
Telangana,Khammam,Dammapet APMC
Telangana,Khammam,Enkoor
Telangana,Khammam,Kallur
Telangana,Khammam,Kallur APMC
Telangana,Khammam,Khammam
Telangana,Khammam,Khammam APMC
Telangana,Khammam,Kothagudem
Telangana,Khammam,Kothagudem APMC
Telangana,Khammam,Madhira
Telangana,Khammam,Nelakondapally
Telangana,Khammam,"Pavilion Ground,Khammam,RBZ"
Telangana,Khammam,"Pavilion Ground,Khammam,RBZ APMC"
Telangana,Khammam,Sathupalli (Rythu Bazar)
Telangana,Khammam,Sattupalli
Telangana,Khammam,"Sattupalli (ramalayam),RBZ"
Telangana,Khammam,"Sattupalli (ramalayam),RBZ APMC"
Telangana,Khammam,Wyra
Telangana,Khammam,Yellandu
Telangana,Mahbubnagar,Achampet
Telangana,Mahbubnagar,Achampet (Amrabad)
Telangana,Mahbubnagar,Achampet APMC
Telangana,Mahbubnagar,Alampur
Telangana,Mahbubnagar,Amangal
Telangana,Mahbubnagar,Atmakur
Telangana,Mahbubnagar,Badepalli
Telangana,Mahbubnagar,Devarakadra
Telangana,Mahbubnagar,Devarakadra APMC
Telangana,Mahbubnagar,Enkoor APMC
Telangana,Mahbubnagar,Gadwal
Telangana,Mahbubnagar,Gadwal (Lezza)
Telangana,Mahbubnagar,Gadwal APMC
Telangana,Mahbubnagar,Kalwakurthy
Telangana,Mahbubnagar,Kollapur
Telangana,Mahbubnagar,Kollapur APMC
Telangana,Mahbubnagar,Kosgi
Telangana,Mahbubnagar,Madhira APMC
Telangana,Mahbubnagar,Mahabubnagar (Rythu Bazar)
Telangana,Mahbubnagar,Mahbubnagar
Telangana,Mahbubnagar,Mahbubnagar (Nawabpet)
Telangana,Mahbubnagar,Mahbubnagar (Nawabpet) APMC
Telangana,Mahbubnagar,Mahbubnagar APMC
Telangana,Mahbubnagar,Makthal
Telangana,Mahbubnagar,Nagarkurnool
Telangana,Mahbubnagar,Nagarkurnool (Talkapalli)
Telangana,Mahbubnagar,Nagarkurnool APMC
Telangana,Mahbubnagar,Narayanpet
Telangana,Mahbubnagar,Narayanpet APMC
Telangana,Mahbubnagar,Nelakondapally APMC
Telangana,Mahbubnagar,Sathupally APMC
Telangana,Mahbubnagar,Shadnagar
Telangana,Mahbubnagar,Shadnagar APMC
Telangana,Mahbubnagar,Wanaparthy Road
Telangana,Mahbubnagar,Wanaparthy Road (Prbbair)
Telangana,Mahbubnagar,Wanaparthy town
Telangana,Mahbubnagar,Wanaparthy town APMC
Telangana,Medak,Dubbak
Telangana,Medak,Gajwel
Telangana,Medak,Gajwel APMC
Telangana,Medak,Jogipet
Telangana,Medak,Medak
Telangana,Medak,Narayankhed
Telangana,Medak,Narsapur
Telangana,Medak,Ramayampet
Telangana,Medak,Sadasivpet
Telangana,Medak,Sadasivpet (Sangareddy)
Telangana,Medak,Sadasivpet APMC
Telangana,Medak,Sangareddy
Telangana,Medak,Siddipet
Telangana,Medak,Siddipet (Rythu Bazar)
Telangana,Medak,"Siddipet Town,RBZ"
Telangana,Medak,Togguta
Telangana,Medak,Vantamamidi
Telangana,Medak,Zaheerabad
Telangana,Medak,Zaheerabad APMC
Telangana,Nalgonda,Aler
Telangana,Nalgonda,Bhongir
Telangana,Nalgonda,Chandur
Telangana,Nalgonda,Chandur (Mungodu)
Telangana,Nalgonda,Chityal
Telangana,Nalgonda,Choutuppal
Telangana,Nalgonda,Devarakonda
Telangana,Nalgonda,Devarakonda APMC
Telangana,Nalgonda,Devarkonda (Dindi)
Telangana,Nalgonda,Devarkonda (Mallepalli)
Telangana,Nalgonda,Halia
Telangana,Nalgonda,Huzumnagar (Garidepally)
Telangana,Nalgonda,Huzurnagar
Telangana,Nalgonda,Huzurnagar (Matampally)
Telangana,Nalgonda,Huzurnagar APMC
Telangana,Nalgonda,Kodad
Telangana,Nalgonda,Miryalaguda
Telangana,Nalgonda,Miryalguda (Rythu Bazar)
Telangana,Nalgonda,Mothkur
Telangana,Nalgonda,Nakrekal
Telangana,Nalgonda,Nalgonda
Telangana,Nalgonda,Neredcherla
Telangana,Nalgonda,Neredcherla APMC
Telangana,Nalgonda,Nidamanoor
Telangana,Nalgonda,Ramannapet
Telangana,Nalgonda,Suryapeta
Telangana,Nalgonda,Suryapeta APMC
Telangana,Nalgonda,Thungathurthy
Telangana,Nalgonda,Tirumalagiri
Telangana,Nalgonda,Venkateswarnagar
Telangana,Nalgonda,Venkateswarnagar (Chintapalli)
Telangana,Nalgonda,Voligonda
Telangana,Nalgonda,Voligonda (Ramannapet)
Telangana,Nizamabad,Armoor
Telangana,Nizamabad,Banswada
Telangana,Nizamabad,Bhiknoor
Telangana,Nizamabad,Bichkunda
Telangana,Nizamabad,Birkur
Telangana,Nizamabad,Bodhan
Telangana,Nizamabad,Gandhari
Telangana,Nizamabad,Kamareddy
Telangana,Nizamabad,Kammarpally
Telangana,Nizamabad,Kotagiri
Telangana,Nizamabad,Madnoor
Telangana,Nizamabad,Nizamabad
Telangana,Nizamabad,Nizamabad APMC
Telangana,Nizamabad,Pitlam
Telangana,Nizamabad,Sadashivnagar
Telangana,Nizamabad,Varni
Telangana,Nizamabad,Velpur
Telangana,Nizamabad,Yellareddy
Telangana,Rajanna Siricilla,Boinpalli APMC
Telangana,Ranga Reddy,Chevella
Telangana,Ranga Reddy,Chevella APMC
Telangana,Ranga Reddy,Ibrahimputnam
Telangana,Ranga Reddy,Kukatpally (Rythu Bazar)
Telangana,Ranga Reddy,"Kukatpally,RBZ"
Telangana,Ranga Reddy,Marapally
Telangana,Ranga Reddy,Medchal
Telangana,Ranga Reddy,Mehndipatnam (Rythu Bazar)
Telangana,Ranga Reddy,Narsingi
Telangana,Ranga Reddy,Narsingi (Babbuguda)
Telangana,Ranga Reddy,Narsingi APMC
Telangana,Ranga Reddy,Pargi
Telangana,Ranga Reddy,Pargi APMC
Telangana,Ranga Reddy,"Ramakrisnapuram,RBZ"
Telangana,Ranga Reddy,Sardarnagar
Telangana,Ranga Reddy,Shankarapally
Telangana,Ranga Reddy,Tanduru
Telangana,Ranga Reddy,Tanduru APMC
Telangana,Ranga Reddy,Vatpally
Telangana,Ranga Reddy,Vikarabad
Telangana,Warangal,Cherial
Telangana,Warangal,Dornakal
Telangana,Warangal,Ghanpur
Telangana,Warangal,Hanmarkonda (Rythu Bazar)
Telangana,Warangal,Jangaon
Telangana,Warangal,Jangaon APMC
Telangana,Warangal,Kesamudram
Telangana,Warangal,Kesamudram APMC
Telangana,Warangal,Kodakandal
Telangana,Warangal,Mahabubabad
Telangana,Warangal,Mulugu
Telangana,Warangal,Narsampet
Telangana,Warangal,Narsampet (Nekonda)
Telangana,Warangal,Narsampet APMC
Telangana,Warangal,Parkal
Telangana,Warangal,Thorrur
Telangana,Warangal,Warangal
Telangana,Warangal,Warangal APMC
Telangana,Warangal,Wardhannapet
Tripura,Dhalai,Chowmanu
Tripura,Dhalai,Chowmanu APMC
Tripura,Dhalai,Gandacharra
Tripura,Dhalai,Gandacharra APMC
Tripura,Dhalai,Halahali
Tripura,Dhalai,Kulai
Tripura,Dhalai,Kulai APMC
Tripura,Dhalai,Masli
Tripura,Gomati,Garjee
Tripura,Gomati,Garjee APMC
Tripura,Gomati,Nutanbazar
Tripura,Gomati,Nutanbazar APMC
Tripura,Gomati,Silachhari
Tripura,Gomati,Silachhari APMC
Tripura,Khowai,Bachaibari
Tripura,Khowai,Bachaibari APMC
Tripura,Khowai,Kalyanpur
Tripura,Khowai,Kalyanpur APMC
Tripura,Khowai,Teliamura
Tripura,Khowai,Teliamura APMC
Tripura,North Tripura,Dasda
Tripura,North Tripura,Dasda APMC
Tripura,North Tripura,Kadamtala
Tripura,North Tripura,Kanchanpur
Tripura,North Tripura,Panisagar
Tripura,North Tripura,Panisagar APMC
Tripura,Sepahijala,Bishalgarh
Tripura,Sepahijala,Bishalgarh APMC
Tripura,Sepahijala,Bishramganj
Tripura,Sepahijala,Boxonagar
Tripura,Sepahijala,Jampuijala APMC
Tripura,Sepahijala,Jumpuijala
Tripura,Sepahijala,Melaghar
Tripura,Sepahijala,Melaghar APMC
Tripura,Sepahijala,Sonamura
Tripura,Sepahijala,Sonamura APMC
Tripura,South District,Barpathari
Tripura,South District,Biokhora
Tripura,South District,Kalsi
Tripura,South District,Manubazar
Tripura,South District,Santir Bazar
Tripura,South Tripura,Barpathari APMC
Tripura,South Tripura,Santir Bazar APMC
Tripura,Unokoti,Machmara
Tripura,Unokoti,Masmara
Tripura,Unokoti,Pabiacherra
Tripura,Unokoti,Pabiacherra APMC
Tripura,Unokoti,Panichowki
Tripura,West District,Champaknagar
Tripura,West District,Champaknagar APMC
Tripura,West District,Kamalghat
Tripura,West District,Mohanpur
Tripura,West District,Mohanpur APMC
Uttar Pradesh,Agra,Achnera
Uttar Pradesh,Agra,Achnera APMC
Uttar Pradesh,Agra,Agra
Uttar Pradesh,Agra,Agra APMC
Uttar Pradesh,Agra,Fatehabad
Uttar Pradesh,Agra,Fatehabad APMC
Uttar Pradesh,Agra,Fatehpur Sikri
Uttar Pradesh,Agra,Jagnair
Uttar Pradesh,Agra,Jagnair APMC
Uttar Pradesh,Agra,Khairagarh
Uttar Pradesh,Agra,Khairagarh APMC
Uttar Pradesh,Agra,Samsabad
Uttar Pradesh,Agra,Samsabad APMC
Uttar Pradesh,Aligarh,Aligarh
Uttar Pradesh,Aligarh,Aligarh APMC
Uttar Pradesh,Aligarh,Atrauli
Uttar Pradesh,Aligarh,Atrauli APMC
Uttar Pradesh,Aligarh,Charra
Uttar Pradesh,Aligarh,Charra APMC
Uttar Pradesh,Aligarh,Khair
Uttar Pradesh,Aligarh,Khair APMC
Uttar Pradesh,Ambedkarnagar,Akbarpur
Uttar Pradesh,Ambedkarnagar,Akbarpur APMC
Uttar Pradesh,Amethi,Jafarganj
Uttar Pradesh,Amethi,Jafarganj APMC
Uttar Pradesh,Amethi,Sultanpur
Uttar Pradesh,Amethi,Sultanpur APMC
Uttar Pradesh,Amroha,Amroha
Uttar Pradesh,Amroha,Amroha APMC
Uttar Pradesh,Amroha,Dhanaura
Uttar Pradesh,Amroha,Dhanaura APMC
Uttar Pradesh,Amroha,Hasanpur
Uttar Pradesh,Amroha,Hasanpur APMC
Uttar Pradesh,Auraiya,Achalda
Uttar Pradesh,Auraiya,Achalda APMC
Uttar Pradesh,Auraiya,Auraiya
Uttar Pradesh,Auraiya,Auraiya APMC
Uttar Pradesh,Auraiya,Dibiapur
Uttar Pradesh,Ayodhya,Ayodhya APMC
Uttar Pradesh,Ayodhya,Faizabad
Uttar Pradesh,Ayodhya,Rudauli
Uttar Pradesh,Azamgarh,Azamgarh
Uttar Pradesh,Azamgarh,Azamgarh APMC
Uttar Pradesh,Badaun,Babrala
Uttar Pradesh,Badaun,Babrala APMC
Uttar Pradesh,Badaun,Badayoun
Uttar Pradesh,Badaun,Badayoun APMC
Uttar Pradesh,Badaun,Bilsi
Uttar Pradesh,Badaun,Bilsi APMC
Uttar Pradesh,Badaun,Bisoli APMC
Uttar Pradesh,Badaun,Dataganj
Uttar Pradesh,Badaun,Dataganj APMC
Uttar Pradesh,Badaun,Islam Nagar APMC
Uttar Pradesh,Badaun,Shahaswan
Uttar Pradesh,Badaun,Shahaswan APMC
Uttar Pradesh,Badaun,Ujhani
Uttar Pradesh,Badaun,Ujhani APMC
Uttar Pradesh,Badaun,Visoli
Uttar Pradesh,Badaun,Wazirganj
Uttar Pradesh,Badaun,Wazirganj APMC
Uttar Pradesh,Baghpat,Bagpat
Uttar Pradesh,Baghpat,Bagpat APMC
Uttar Pradesh,Baghpat,Baraut
Uttar Pradesh,Baghpat,Baraut APMC
Uttar Pradesh,Baghpat,Khekda
Uttar Pradesh,Baghpat,Khekda APMC
Uttar Pradesh,Bahraich,Bahraich
Uttar Pradesh,Bahraich,Bahraich APMC
Uttar Pradesh,Bahraich,Naanpara
Uttar Pradesh,Bahraich,Naanpara APMC
Uttar Pradesh,Ballia,Ballia
Uttar Pradesh,Ballia,Ballia APMC
Uttar Pradesh,Ballia,Chitwadagaon
Uttar Pradesh,Ballia,Chitwadagaon APMC
Uttar Pradesh,Ballia,Rasda
Uttar Pradesh,Ballia,Rasda APMC
Uttar Pradesh,Ballia,Vilthararoad
Uttar Pradesh,Balrampur,Balrampur
Uttar Pradesh,Balrampur,Balrampur APMC
Uttar Pradesh,Balrampur,Panchpedwa
Uttar Pradesh,Balrampur,Panchpedwa APMC
Uttar Pradesh,Balrampur,Tulsipur
Uttar Pradesh,Balrampur,Tulsipur APMC
Uttar Pradesh,Banda,Atarra
Uttar Pradesh,Banda,Baberu
Uttar Pradesh,Banda,Banda
Uttar Pradesh,Banda,Banda APMC
Uttar Pradesh,Barabanki,Barabanki
Uttar Pradesh,Barabanki,Barabanki APMC
Uttar Pradesh,Barabanki,Safdarganj
Uttar Pradesh,Barabanki,Safdarganj APMC
Uttar Pradesh,Bareilly,Anwala
Uttar Pradesh,Bareilly,Anwala APMC
Uttar Pradesh,Bareilly,Bahedi
Uttar Pradesh,Bareilly,Bareilly
Uttar Pradesh,Bareilly,Bareilly APMC
Uttar Pradesh,Bareilly,Richha
Uttar Pradesh,Basti,Basti
Uttar Pradesh,Basti,Basti APMC
Uttar Pradesh,Bhadohi (Sant Ravi Nagar),Gopiganj
Uttar Pradesh,Bhadohi (Sant Ravi Nagar),Gopiganj APMC
Uttar Pradesh,Bijnor,Bijnaur
Uttar Pradesh,Bijnor,Bijnaur APMC
Uttar Pradesh,Bijnor,Chaandpur
Uttar Pradesh,Bijnor,Haldaur
Uttar Pradesh,Bijnor,Kiratpur
Uttar Pradesh,Bijnor,Kiratpur APMC
Uttar Pradesh,Bijnor,Nagina
Uttar Pradesh,Bijnor,Najibabad
Uttar Pradesh,Bulandshahar,Anoop Shahar
Uttar Pradesh,Bulandshahar,Anoop Shahar APMC
Uttar Pradesh,Bulandshahar,Buland Shahr
Uttar Pradesh,Bulandshahar,Buland Shahr APMC
Uttar Pradesh,Bulandshahar,Divai
Uttar Pradesh,Bulandshahar,Gulavati
Uttar Pradesh,Bulandshahar,Gulavati APMC
Uttar Pradesh,Bulandshahar,Jahangirabad
Uttar Pradesh,Bulandshahar,Jahangirabad APMC
Uttar Pradesh,Bulandshahar,Khurja
Uttar Pradesh,Bulandshahar,Khurja APMC
Uttar Pradesh,Bulandshahar,Sikanderabad
Uttar Pradesh,Bulandshahar,Sikanderabad APMC
Uttar Pradesh,Bulandshahar,Sikarpur
Uttar Pradesh,Bulandshahar,Sikarpur APMC
Uttar Pradesh,Bulandshahar,Siyana
Uttar Pradesh,Bulandshahar,Siyana APMC
Uttar Pradesh,Chandauli,Chandoli
Uttar Pradesh,Chandauli,Chandoli APMC
Uttar Pradesh,Chitrakut,Karvi
Uttar Pradesh,Chitrakut,Karvi APMC
Uttar Pradesh,Chitrakut,Mau (Chitrakut)
Uttar Pradesh,Deoria,Barhaj
Uttar Pradesh,Deoria,Devariya
Uttar Pradesh,Deoria,Devariya APMC
Uttar Pradesh,Etah,Aliganj
Uttar Pradesh,Etah,Awagarh
Uttar Pradesh,Etah,Awagarh APMC
Uttar Pradesh,Etah,Etah
Uttar Pradesh,Etawah,Bharthna
Uttar Pradesh,Etawah,Bharthna APMC
Uttar Pradesh,Etawah,Etawah
Uttar Pradesh,Etawah,Etawah APMC
Uttar Pradesh,Etawah,Jasvantnagar
Uttar Pradesh,Etawah,Jasvantnagar APMC
Uttar Pradesh,Farukhabad,Farukhabad
Uttar Pradesh,Farukhabad,Farukhabad APMC
Uttar Pradesh,Farukhabad,Kamlaganj
Uttar Pradesh,Farukhabad,Kamlaganj APMC
Uttar Pradesh,Farukhabad,Kayamganj
Uttar Pradesh,Farukhabad,Kayamganj APMC
Uttar Pradesh,Farukhabad,Mohamadabad
Uttar Pradesh,Farukhabad,Mohamadabad APMC
Uttar Pradesh,Fatehpur,Bindki
Uttar Pradesh,Fatehpur,Bindki APMC
Uttar Pradesh,Fatehpur,Fatehpur
Uttar Pradesh,Fatehpur,Fatehpur APMC
Uttar Pradesh,Fatehpur,Jahanabad
Uttar Pradesh,Fatehpur,Jahanabad APMC
Uttar Pradesh,Fatehpur,Khaga
Uttar Pradesh,Fatehpur,Khaga APMC
Uttar Pradesh,Fatehpur,Kishunpur
Uttar Pradesh,Fatehpur,Kishunpur APMC
Uttar Pradesh,Firozabad,Firozabad
Uttar Pradesh,Firozabad,Firozabad APMC
Uttar Pradesh,Firozabad,Shikohabad
Uttar Pradesh,Firozabad,Sirsaganj
Uttar Pradesh,Firozabad,Tundla
Uttar Pradesh,Gautam Budh Nagar,Dadri
Uttar Pradesh,Gautam Budh Nagar,Dadri APMC
Uttar Pradesh,Gautam Budh Nagar,Dankaur
Uttar Pradesh,Gautam Budh Nagar,Dankaur APMC
Uttar Pradesh,Ghaziabad,Ghaziabad
Uttar Pradesh,Ghaziabad,Ghaziabad APMC
Uttar Pradesh,Ghaziabad,Hapur
Uttar Pradesh,Ghaziabad,Hapur APMC
Uttar Pradesh,Ghaziabad,Muradnagar
Uttar Pradesh,Ghaziabad,Noida
Uttar Pradesh,Ghaziabad,Noida APMC
Uttar Pradesh,Ghazipur,Gazipur
Uttar Pradesh,Ghazipur,Gazipur APMC
Uttar Pradesh,Ghazipur,Jamanian
Uttar Pradesh,Ghazipur,Jamanian APMC
Uttar Pradesh,Ghazipur,Jangipura
Uttar Pradesh,Ghazipur,Yusufpur
Uttar Pradesh,Gonda,Gonda
Uttar Pradesh,Gonda,Gonda APMC
Uttar Pradesh,Gonda,Karnailganj
Uttar Pradesh,Gonda,Nawabganj
Uttar Pradesh,Gonda,Nawabganj APMC
Uttar Pradesh,Gorakhpur,Chorichora
Uttar Pradesh,Gorakhpur,Chorichora APMC
Uttar Pradesh,Gorakhpur,Gorakhpur
Uttar Pradesh,Gorakhpur,Gorakhpur APMC
Uttar Pradesh,Gorakhpur,Sehjanwa
Uttar Pradesh,Hamirpur,Bharuasumerpur
Uttar Pradesh,Hamirpur,Bharuasumerpur APMC
Uttar Pradesh,Hamirpur,Hamirpur
Uttar Pradesh,Hamirpur,Kurara
Uttar Pradesh,Hamirpur,Maudaha
Uttar Pradesh,Hamirpur,Muskara
Uttar Pradesh,Hamirpur,Muskara APMC
Uttar Pradesh,Hamirpur,Raath
Uttar Pradesh,Hapur,Gazipur
Uttar Pradesh,Hapur,Jamanian
Uttar Pradesh,Hapur,Jangipura
Uttar Pradesh,Hapur,Yusufpur
Uttar Pradesh,Hardoi,Hardoi
Uttar Pradesh,Hardoi,Hardoi APMC
Uttar Pradesh,Hardoi,Madhoganj
Uttar Pradesh,Hardoi,Madhoganj APMC
Uttar Pradesh,Hardoi,Sandi
Uttar Pradesh,Hardoi,Sandi APMC
Uttar Pradesh,Hardoi,Sandila
Uttar Pradesh,Hardoi,Sandila APMC
Uttar Pradesh,Hardoi,Shahabad (New Mandi)
Uttar Pradesh,Hathras,Haathras
Uttar Pradesh,Hathras,Haathras APMC
Uttar Pradesh,Hathras,Shadabad
Uttar Pradesh,Hathras,Shadabad APMC
Uttar Pradesh,Hathras,Sikandraraau
Uttar Pradesh,Hathras,Sikandraraau APMC
Uttar Pradesh,Jalaun (Orai),Ait
Uttar Pradesh,Jalaun (Orai),Jalaun
Uttar Pradesh,Jalaun (Orai),Jalaun APMC
Uttar Pradesh,Jalaun (Orai),Kadaura
Uttar Pradesh,Jalaun (Orai),Kalpi
Uttar Pradesh,Jalaun (Orai),Konch
Uttar Pradesh,Jalaun (Orai),Konch APMC
Uttar Pradesh,Jalaun (Orai),Madhogarh
Uttar Pradesh,Jalaun (Orai),Madhogarh APMC
Uttar Pradesh,Jalaun (Orai),Orai
Uttar Pradesh,Jalaun (Orai),Orai APMC
Uttar Pradesh,Jaunpur,Jaunpur
Uttar Pradesh,Jaunpur,Jaunpur APMC
Uttar Pradesh,Jaunpur,Mugrabaadshahpur
Uttar Pradesh,Jaunpur,Mugrabaadshahpur APMC
Uttar Pradesh,Jaunpur,Shahganj
Uttar Pradesh,Jaunpur,Shahganj APMC
Uttar Pradesh,Jhansi,Baruwasagar
Uttar Pradesh,Jhansi,Baruwasagar APMC
Uttar Pradesh,Jhansi,Chirgaon
Uttar Pradesh,Jhansi,Chirgaon APMC
Uttar Pradesh,Jhansi,Gurusarai
Uttar Pradesh,Jhansi,Gurusarai APMC
Uttar Pradesh,Jhansi,Jhansi
Uttar Pradesh,Jhansi,Jhansi (Grain)
Uttar Pradesh,Jhansi,Jhansi (Grain) APMC
Uttar Pradesh,Jhansi,Jhansi APMC
Uttar Pradesh,Jhansi,Mauranipur
Uttar Pradesh,Jhansi,Mauranipur APMC
Uttar Pradesh,Jhansi,Moth
Uttar Pradesh,Jhansi,Moth APMC
Uttar Pradesh,Kannuj,Chhibramau
Uttar Pradesh,Kannuj,Chhibramau APMC
Uttar Pradesh,Kannuj,Kannauj
Uttar Pradesh,Kannuj,Kannauj APMC
Uttar Pradesh,Kanpur,Choubepur
Uttar Pradesh,Kanpur,Choubepur APMC
Uttar Pradesh,Kanpur,Kanpur (Grain)
Uttar Pradesh,Kanpur,Kanpur (Grain) APMC
Uttar Pradesh,Kanpur,Uttaripura
Uttar Pradesh,Kanpur,Uttaripura APMC
Uttar Pradesh,Kanpur,Varipaal
Uttar Pradesh,Kanpur,Varipaal APMC
Uttar Pradesh,Kanpur Dehat,Jhijhank
Uttar Pradesh,Kanpur Dehat,Pukharayan
Uttar Pradesh,Kanpur Dehat,Pukharayan APMC
Uttar Pradesh,Kanpur Dehat,Rura
Uttar Pradesh,Kanpur Dehat,Rura APMC
Uttar Pradesh,Kasganj,Kasganj
Uttar Pradesh,Kasganj,Kasganj APMC
Uttar Pradesh,Kaushambi,Bharwari
Uttar Pradesh,Kaushambi,Bharwari APMC
Uttar Pradesh,Kaushambi,Manjhanpur
Uttar Pradesh,Kaushambi,Manjhanpur APMC
Uttar Pradesh,Khiri (Lakhimpur),Maigalganj
Uttar Pradesh,Khiri (Lakhimpur),Maigalganj APMC
Uttar Pradesh,Khiri (Lakhimpur),Mohammdi
Uttar Pradesh,Khiri (Lakhimpur),Mohammdi APMC
Uttar Pradesh,Khiri (Lakhimpur),Tikonia
Uttar Pradesh,Kushinagar,Tamkuhi road
Uttar Pradesh,Lakhimpur,Golagokarnath
Uttar Pradesh,Lakhimpur,Golagokarnath APMC
Uttar Pradesh,Lakhimpur,Lakhimpur
Uttar Pradesh,Lakhimpur,Lakhimpur APMC
Uttar Pradesh,Lakhimpur,Paliakala
Uttar Pradesh,Lakhimpur,Paliakala APMC
Uttar Pradesh,Lalitpur,Lalitpur
Uttar Pradesh,Lalitpur,Lalitpur APMC
Uttar Pradesh,Lalitpur,Mehrauni
Uttar Pradesh,Lucknow,Banthara
Uttar Pradesh,Lucknow,Banthara APMC
Uttar Pradesh,Lucknow,Lucknow
Uttar Pradesh,Lucknow,Lucknow APMC
Uttar Pradesh,Maharajganj,Anandnagar
Uttar Pradesh,Maharajganj,Anandnagar APMC
Uttar Pradesh,Maharajganj,Gadaura
Uttar Pradesh,Maharajganj,Maharajganj
Uttar Pradesh,Maharajganj,Nautnava
Uttar Pradesh,Maharajganj,Partaval
Uttar Pradesh,Maharajganj,Partaval APMC
Uttar Pradesh,Mahoba,Charkhari
Uttar Pradesh,Mahoba,Charkhari APMC
Uttar Pradesh,Mahoba,Mahoba
Uttar Pradesh,Mahoba,Mahoba APMC
Uttar Pradesh,Mainpuri,Bewar
Uttar Pradesh,Mainpuri,Ghiraur
Uttar Pradesh,Mainpuri,Ghiraur APMC
Uttar Pradesh,Mainpuri,Mainpuri
Uttar Pradesh,Mainpuri,Mainpuri APMC
Uttar Pradesh,Mathura,Kosikalan
Uttar Pradesh,Mathura,Kosikalan APMC
Uttar Pradesh,Mathura,Mathura
Uttar Pradesh,Mathura,Mathura APMC
Uttar Pradesh,Mau (Maunathbhanjan),Doharighat
Uttar Pradesh,Mau (Maunathbhanjan),Doharighat APMC
Uttar Pradesh,Mau (Maunathbhanjan),Kopaganj
Uttar Pradesh,Mau (Maunathbhanjan),Kopaganj APMC
Uttar Pradesh,Meerut,Mawana
Uttar Pradesh,Meerut,Meerut
Uttar Pradesh,Meerut,Meerut APMC
Uttar Pradesh,Meerut,Parikshitgarh
Uttar Pradesh,Meerut,Sardhana
Uttar Pradesh,Mirzapur,Ahirora
Uttar Pradesh,Mirzapur,Ahirora APMC
Uttar Pradesh,Mirzapur,Mirzapur
Uttar Pradesh,Mirzapur,Mirzapur APMC
Uttar Pradesh,Muzaffarnagar,Khatauli
Uttar Pradesh,Muzaffarnagar,Muzzafarnagar
Uttar Pradesh,Muzaffarnagar,Shahpur
Uttar Pradesh,Pillibhit,Billsadda
Uttar Pradesh,Pillibhit,Bishalpur APMC
Uttar Pradesh,Pillibhit,Pilibhit
Uttar Pradesh,Pillibhit,Pilibhit APMC
Uttar Pradesh,Pillibhit,Puranpur
Uttar Pradesh,Pillibhit,Puranpur APMC
Uttar Pradesh,Pillibhit,Vishalpur
Uttar Pradesh,Pratapgarh,Pratapgarh
Uttar Pradesh,Pratapgarh,Pratapgarh APMC
Uttar Pradesh,Prayagraj,Ajuha
Uttar Pradesh,Prayagraj,Ajuha APMC
Uttar Pradesh,Prayagraj,Allahabad
Uttar Pradesh,Prayagraj,Allahabad APMC
Uttar Pradesh,Prayagraj,Jasra
Uttar Pradesh,Prayagraj,Jasra APMC
Uttar Pradesh,Prayagraj,Lediyari
Uttar Pradesh,Prayagraj,Sirsa
Uttar Pradesh,Raebarelli,Bachranwa
Uttar Pradesh,Raebarelli,Bachranwa APMC
Uttar Pradesh,Raebarelli,Jayas
Uttar Pradesh,Raebarelli,Jayas APMC
Uttar Pradesh,Raebarelli,Lalganj
Uttar Pradesh,Raebarelli,Lalganj APMC
Uttar Pradesh,Raebarelli,Raibareilly
Uttar Pradesh,Raebarelli,Raibareilly APMC
Uttar Pradesh,Raebarelli,Salon
Uttar Pradesh,Raebarelli,Salon APMC
Uttar Pradesh,Rampur,Bilaspur APMC
Uttar Pradesh,Rampur,Milak
Uttar Pradesh,Rampur,Milak APMC
Uttar Pradesh,Rampur,Rampur
Uttar Pradesh,Rampur,Rampur APMC
Uttar Pradesh,Rampur,Shahabad
Uttar Pradesh,Rampur,Shahabad APMC
Uttar Pradesh,Rampur,Tanda (Rampur)
Uttar Pradesh,Rampur,Vilaspur
Uttar Pradesh,Saharanpur,Chutmalpur
Uttar Pradesh,Saharanpur,Deoband
Uttar Pradesh,Saharanpur,Gangoh
Uttar Pradesh,Saharanpur,Gangoh APMC
Uttar Pradesh,Saharanpur,Rampurmaniharan
Uttar Pradesh,Saharanpur,Saharanpur
Uttar Pradesh,Saharanpur,Saharanpur APMC
Uttar Pradesh,Saharanpur,Sultanpurchilkana
Uttar Pradesh,Sambhal,Bhehjoi
Uttar Pradesh,Sambhal,Bhehjoi APMC
Uttar Pradesh,Sambhal,Chandausi
Uttar Pradesh,Sambhal,Chandausi APMC
Uttar Pradesh,Sambhal,Muradabad
Uttar Pradesh,Sambhal,Muradabad APMC
Uttar Pradesh,Sambhal,Sambhal
Uttar Pradesh,Sambhal,Sambhal APMC
Uttar Pradesh,Sant Kabir Nagar,Khalilabad
Uttar Pradesh,Sant Kabir Nagar,Khalilabad APMC
Uttar Pradesh,Shahjahanpur,Badda
Uttar Pradesh,Shahjahanpur,Jalalabad
Uttar Pradesh,Shahjahanpur,Jalalabad APMC
Uttar Pradesh,Shahjahanpur,Powayan APMC
Uttar Pradesh,Shahjahanpur,Puwaha
Uttar Pradesh,Shahjahanpur,Shahjahanpur
Uttar Pradesh,Shahjahanpur,Shahjahanpur APMC
Uttar Pradesh,Shahjahanpur,Tilhar
Uttar Pradesh,Shahjahanpur,Tilhar APMC
Uttar Pradesh,Shamli,Kairana
Uttar Pradesh,Shamli,Kairana APMC
Uttar Pradesh,Shamli,Khandhla
Uttar Pradesh,Shamli,Shamli
Uttar Pradesh,Shamli,Shamli APMC
Uttar Pradesh,Shamli,Thanabhavan
Uttar Pradesh,Shamli,Thanabhavan APMC
Uttar Pradesh,Shravasti,Bhinga
Uttar Pradesh,Shravasti,Bhinga APMC
Uttar Pradesh,Shravasti,Payagpur
Uttar Pradesh,Shravasti,Payagpur APMC
Uttar Pradesh,Siddharth Nagar,Bansi APMC
Uttar Pradesh,Siddharth Nagar,Naugarh
Uttar Pradesh,Siddharth Nagar,Naugarh APMC
Uttar Pradesh,Siddharth Nagar,Sahiyapur
Uttar Pradesh,Siddharth Nagar,Sahiyapur APMC
Uttar Pradesh,Siddharth Nagar,Wansi
Uttar Pradesh,Sitapur,Hargaon (Laharpur)
Uttar Pradesh,Sitapur,Hargaon (Laharpur) APMC
Uttar Pradesh,Sitapur,Mehmoodabad
Uttar Pradesh,Sitapur,Mehmoodabad APMC
Uttar Pradesh,Sitapur,Sitapur
Uttar Pradesh,Sitapur,Sitapur APMC
Uttar Pradesh,Sitapur,Viswan
Uttar Pradesh,Sitapur,Viswan APMC
Uttar Pradesh,Sonbhadra,Dudhi
Uttar Pradesh,Sonbhadra,Dudhi APMC
Uttar Pradesh,Sonbhadra,Robertsganj
Uttar Pradesh,Sonbhadra,Robertsganj APMC
Uttar Pradesh,Unnao,Bangarmau
Uttar Pradesh,Unnao,Bangarmau APMC
Uttar Pradesh,Unnao,Purwa
Uttar Pradesh,Unnao,Unnao
Uttar Pradesh,Unnao,Unnao APMC
Uttar Pradesh,Varanasi,Varanasi
Uttar Pradesh,Varanasi,Varanasi (F&V)
Uttar Pradesh,Varanasi,Varanasi (F&V) APMC
Uttar Pradesh,Varanasi,Varanasi APMC
Uttarakhand,Champawat,Tanakpur APMC
Uttarakhand,Dehradoon,Chakrata APMC
Uttarakhand,Dehradoon,Dehradoon APMC
Uttarakhand,Dehradoon,Rishikesh APMC
Uttarakhand,Dehradoon,Vikasnagar APMC
Uttarakhand,Garhwal (Pauri),Kotadwara APMC
Uttarakhand,Haridwar,Bhagwanpur (Naveen Mandi Sthal) APMC
Uttarakhand,Haridwar,Haridwar Union APMC
Uttarakhand,Haridwar,Lakshar APMC
Uttarakhand,Haridwar,Manglaur APMC
Uttarakhand,Haridwar,Roorkee APMC
Uttarakhand,Nanital,Haldwani APMC
Uttarakhand,Nanital,Ramnagar APMC
Uttarakhand,Udhamsinghnagar,Bazpur APMC
Uttarakhand,Udhamsinghnagar,Gadarpur APMC
Uttarakhand,Udhamsinghnagar,Jaspur (UC) APMC
Uttarakhand,Udhamsinghnagar,Kashipur APMC
Uttarakhand,Udhamsinghnagar,Khateema APMC
Uttarakhand,Udhamsinghnagar,Kicchha APMC
Uttarakhand,Udhamsinghnagar,Nanakmatta APMC
Uttarakhand,Udhamsinghnagar,Rudrapur APMC
Uttarakhand,Udhamsinghnagar,Sitarganj APMC
Uttrakhand,Champawat,Tanakpur
Uttrakhand,Dehradoon,Chakrata
Uttrakhand,Dehradoon,Dehradoon
Uttrakhand,Dehradoon,Rishikesh
Uttrakhand,Dehradoon,Vikasnagar
Uttrakhand,Garhwal (Pauri),Kotadwara
Uttrakhand,Haridwar,Bhagwanpur (Naveen Mandi Sthal)
Uttrakhand,Haridwar,Haridwar Union
Uttrakhand,Haridwar,Lakshar
Uttrakhand,Haridwar,Manglaur
Uttrakhand,Haridwar,Roorkee
Uttrakhand,Nanital,Haldwani
Uttrakhand,Nanital,Ramnagar
Uttrakhand,UdhamSinghNagar,Bazpur
Uttrakhand,UdhamSinghNagar,Gadarpur
Uttrakhand,UdhamSinghNagar,Jaspur (UC)
Uttrakhand,UdhamSinghNagar,Kashipur
Uttrakhand,UdhamSinghNagar,Khateema
Uttrakhand,UdhamSinghNagar,Kicchha
Uttrakhand,UdhamSinghNagar,Nanakmatta
Uttrakhand,UdhamSinghNagar,Rudrapur
Uttrakhand,UdhamSinghNagar,Sitarganj
West Bengal,Alipurduar,Alipurduar
West Bengal,Alipurduar,Alipurduar APMC
West Bengal,Alipurduar,Falakata
West Bengal,Bankura,Bankura Sadar
West Bengal,Bankura,Bankura Sadar APMC
West Bengal,Bankura,Bishnupur (Bankura)
West Bengal,Bankura,Indus (Bankura Sadar)
West Bengal,Bankura,Indus (Bankura Sadar) APMC
West Bengal,Bankura,Khatra
West Bengal,Bankura,Khatra APMC
West Bengal,Birbhum,Birbhum
West Bengal,Birbhum,Birbhum APMC
West Bengal,Birbhum,Bishnupur APMC
West Bengal,Birbhum,Bolpur
West Bengal,Birbhum,Bolpur APMC
West Bengal,Birbhum,Rampurhat
West Bengal,Birbhum,Rampurhat APMC
West Bengal,Birbhum,Sainthia
West Bengal,Birbhum,Sainthia APMC
West Bengal,Burdwan,Guskara APMC
West Bengal,Coochbehar,Baxirhat
West Bengal,Coochbehar,Baxirhat APMC
West Bengal,Coochbehar,Coochbehar
West Bengal,Coochbehar,Dinhata
West Bengal,Coochbehar,Dinhata APMC
West Bengal,Coochbehar,Haldibari
West Bengal,Coochbehar,Haldibari APMC
West Bengal,Coochbehar,Mathabhanga
West Bengal,Coochbehar,Mathabhanga APMC
West Bengal,Coochbehar,Mekhliganj
West Bengal,Coochbehar,Mekhliganj APMC
West Bengal,Coochbehar,Pundibari
West Bengal,Coochbehar,Toofanganj
West Bengal,Coochbehar,Toofanganj APMC
West Bengal,Dakshin Dinajpur,Balurghat
West Bengal,Dakshin Dinajpur,Gangarampur (Dakshin Dinajpur)
West Bengal,Dakshin Dinajpur,Gangarampur (Dakshin Dinajpur) APMC
West Bengal,Darjeeling,Darjeeling
West Bengal,Darjeeling,Darjeeling APMC
West Bengal,Darjeeling,Karsiyang (Matigara)
West Bengal,Darjeeling,Karsiyang (Matigara) APMC
West Bengal,Darjeeling,Siliguri
West Bengal,Darjeeling,Siliguri APMC
West Bengal,Hooghly,Champadanga
West Bengal,Hooghly,Champadanga APMC
West Bengal,Hooghly,Kalipur
West Bengal,Hooghly,Kalipur APMC
West Bengal,Hooghly,Pandua
West Bengal,Hooghly,Pandua APMC
West Bengal,Hooghly,Sheoraphuly
West Bengal,Hooghly,Sheoraphuly APMC
West Bengal,Howrah,Ramkrishanpur (Howrah)
West Bengal,Howrah,Ramkrishanpur (Howrah) APMC
West Bengal,Howrah,Uluberia
West Bengal,Howrah,Uluberia APMC
West Bengal,Jalpaiguri,Belacoba
West Bengal,Jalpaiguri,Belacoba APMC
West Bengal,Jalpaiguri,Dhupguri
West Bengal,Jalpaiguri,Dhupguri APMC
West Bengal,Jalpaiguri,Jalpaiguri Sadar
West Bengal,Jalpaiguri,Jalpaiguri Sadar APMC
West Bengal,Jalpaiguri,Moynaguri
West Bengal,Jalpaiguri,Moynaguri APMC
West Bengal,Jhargram,Jhargram
West Bengal,Jhargram,Jhargram APMC
West Bengal,Kalimpong,Kalimpong
West Bengal,Kalimpong,Kalimpong APMC
West Bengal,Kolkata,Bara Bazar (Posta Bazar)
West Bengal,Kolkata,Bara Bazar (Posta Bazar) APMC
West Bengal,Kolkata,Mechua
West Bengal,Kolkata,Mechua APMC
West Bengal,Kolkata,Sealdah Koley Market
West Bengal,Kolkata,Sealdah Koley Market APMC
West Bengal,Malda,English Bazar
West Bengal,Malda,Gajol
West Bengal,Malda,Gajol APMC
West Bengal,Malda,Samsi
West Bengal,Malda,Samsi APMC
West Bengal,Medinipur (E),Egra/contai
West Bengal,Medinipur (E),Egra/contai APMC
West Bengal,Medinipur (E),Kolaghat
West Bengal,Medinipur (E),Kolaghat APMC
West Bengal,Medinipur (E),Tamluk (Medinipur E)
West Bengal,Medinipur (E),Tamluk (Medinipur E) APMC
West Bengal,Medinipur (W),Garbeta (Medinipur)
West Bengal,Medinipur (W),Garbeta (Medinipur) APMC
West Bengal,Medinipur (W),Ghatal
West Bengal,Medinipur (W),Ghatal APMC
West Bengal,Medinipur (W),Medinipur (West)
West Bengal,Medinipur (W),Medinipur (West) APMC
West Bengal,Murshidabad,Beldanga
West Bengal,Murshidabad,Beldanga APMC
West Bengal,Murshidabad,Jangipur
West Bengal,Murshidabad,Jangipur APMC
West Bengal,Murshidabad,Jiaganj
West Bengal,Murshidabad,Jiaganj APMC
West Bengal,Murshidabad,Kandi
West Bengal,Murshidabad,Kandi APMC
West Bengal,Murshidabad,Kasimbazar
West Bengal,Murshidabad,Kasimbazar APMC
West Bengal,Murshidabad,Lalbagh
West Bengal,Murshidabad,Lalbagh APMC
West Bengal,Nadia,Bethuadahari
West Bengal,Nadia,Bethuadahari APMC
West Bengal,Nadia,Chakdah
West Bengal,Nadia,Chakdah APMC
West Bengal,Nadia,Kalyani
West Bengal,Nadia,Kalyani APMC
West Bengal,Nadia,Karimpur
West Bengal,Nadia,Karimpur APMC
West Bengal,Nadia,Nadia
West Bengal,Nadia,Nadia APMC
West Bengal,Nadia,Ranaghat
West Bengal,Nadia,Ranaghat APMC
West Bengal,North 24 Parganas,Barasat
West Bengal,North 24 Parganas,Barasat APMC
West Bengal,North 24 Parganas,Habra
West Bengal,North 24 Parganas,Habra APMC
West Bengal,Paschim Bardhaman,Asansol
West Bengal,Paschim Bardhaman,Asansol APMC
West Bengal,Paschim Bardhaman,Durgapur
West Bengal,Paschim Bardhaman,Durgapur APMC
West Bengal,Purba Bardhaman,Burdwan
West Bengal,Purba Bardhaman,Burdwan APMC
West Bengal,Purba Bardhaman,Guskara
West Bengal,Purba Bardhaman,Kalna
West Bengal,Purba Bardhaman,Kalna APMC
West Bengal,Purba Bardhaman,Katwa
West Bengal,Purba Bardhaman,Katwa APMC
West Bengal,Purba Bardhaman,Memari
West Bengal,Purba Bardhaman,Memari APMC
West Bengal,Puruliya,Balarampur
West Bengal,Puruliya,Balarampur APMC
West Bengal,Puruliya,Kasipur
West Bengal,Puruliya,Kasipur APMC
West Bengal,Puruliya,Purulia
West Bengal,Puruliya,Purulia APMC
West Bengal,Sounth 24 Parganas,Baruipur (Canning)
West Bengal,Sounth 24 Parganas,Baruipur (Canning) APMC
West Bengal,Sounth 24 Parganas,Diamond Harbour (South 24-pgs)
West Bengal,Sounth 24 Parganas,Diamond Harbour (South 24-pgs) APMC
West Bengal,Uttar Dinajpur,Islampur
West Bengal,Uttar Dinajpur,Islampur APMC
West Bengal,Uttar Dinajpur,Kaliaganj
West Bengal,Uttar Dinajpur,Kaliaganj APMC
West Bengal,Uttar Dinajpur,Raiganj
West Bengal,Uttar Dinajpur,Raiganj APMC
